% MTEX ODF
% crystal symmetry: "m-3m"
% specimen symmetry: "1"
% phi1    Phi     phi2    value
0.00000 0.00000 0.00000 0.40177
5.00000 0.00000 0.00000 0.38220
10.00000 0.00000 0.00000 0.35700
15.00000 0.00000 0.00000 0.35101
20.00000 0.00000 0.00000 0.37178
25.00000 0.00000 0.00000 0.40854
30.00000 0.00000 0.00000 0.44692
35.00000 0.00000 0.00000 0.49143
40.00000 0.00000 0.00000 0.54557
45.00000 0.00000 0.00000 0.57547
50.00000 0.00000 0.00000 0.54641
55.00000 0.00000 0.00000 0.47081
60.00000 0.00000 0.00000 0.41292
65.00000 0.00000 0.00000 0.39105
70.00000 0.00000 0.00000 0.38546
75.00000 0.00000 0.00000 0.38361
80.00000 0.00000 0.00000 0.38832
85.00000 0.00000 0.00000 0.39978
90.00000 0.00000 0.00000 0.40177
95.00000 0.00000 0.00000 0.38220
100.00000 0.00000 0.00000 0.35700
105.00000 0.00000 0.00000 0.35101
110.00000 0.00000 0.00000 0.37178
115.00000 0.00000 0.00000 0.40854
120.00000 0.00000 0.00000 0.44692
125.00000 0.00000 0.00000 0.49143
130.00000 0.00000 0.00000 0.54557
135.00000 0.00000 0.00000 0.57547
140.00000 0.00000 0.00000 0.54641
145.00000 0.00000 0.00000 0.47081
150.00000 0.00000 0.00000 0.41292
155.00000 0.00000 0.00000 0.39105
160.00000 0.00000 0.00000 0.38546
165.00000 0.00000 0.00000 0.38361
170.00000 0.00000 0.00000 0.38832
175.00000 0.00000 0.00000 0.39978
180.00000 0.00000 0.00000 0.40177
185.00000 0.00000 0.00000 0.38220
190.00000 0.00000 0.00000 0.35700
195.00000 0.00000 0.00000 0.35101
200.00000 0.00000 0.00000 0.37178
205.00000 0.00000 0.00000 0.40854
210.00000 0.00000 0.00000 0.44692
215.00000 0.00000 0.00000 0.49143
220.00000 0.00000 0.00000 0.54557
225.00000 0.00000 0.00000 0.57547
230.00000 0.00000 0.00000 0.54641
235.00000 0.00000 0.00000 0.47081
240.00000 0.00000 0.00000 0.41292
245.00000 0.00000 0.00000 0.39105
250.00000 0.00000 0.00000 0.38546
255.00000 0.00000 0.00000 0.38361
260.00000 0.00000 0.00000 0.38832
265.00000 0.00000 0.00000 0.39978
270.00000 0.00000 0.00000 0.40177
275.00000 0.00000 0.00000 0.38220
280.00000 0.00000 0.00000 0.35700
285.00000 0.00000 0.00000 0.35101
290.00000 0.00000 0.00000 0.37178
295.00000 0.00000 0.00000 0.40854
300.00000 0.00000 0.00000 0.44692
305.00000 0.00000 0.00000 0.49143
310.00000 0.00000 0.00000 0.54557
315.00000 0.00000 0.00000 0.57547
320.00000 0.00000 0.00000 0.54641
325.00000 0.00000 0.00000 0.47081
330.00000 0.00000 0.00000 0.41292
335.00000 0.00000 0.00000 0.39105
340.00000 0.00000 0.00000 0.38546
345.00000 0.00000 0.00000 0.38361
350.00000 0.00000 0.00000 0.38832
355.00000 0.00000 0.00000 0.39978
0.00000 5.00000 0.00000 0.53508
5.00000 5.00000 0.00000 0.50170
10.00000 5.00000 0.00000 0.45722
15.00000 5.00000 0.00000 0.43795
20.00000 5.00000 0.00000 0.45159
25.00000 5.00000 0.00000 0.48216
30.00000 5.00000 0.00000 0.51455
35.00000 5.00000 0.00000 0.55674
40.00000 5.00000 0.00000 0.61574
45.00000 5.00000 0.00000 0.64761
50.00000 5.00000 0.00000 0.60175
55.00000 5.00000 0.00000 0.51492
60.00000 5.00000 0.00000 0.45574
65.00000 5.00000 0.00000 0.43333
70.00000 5.00000 0.00000 0.42470
75.00000 5.00000 0.00000 0.41582
80.00000 5.00000 0.00000 0.40926
85.00000 5.00000 0.00000 0.40723
90.00000 5.00000 0.00000 0.39877
95.00000 5.00000 0.00000 0.37612
100.00000 5.00000 0.00000 0.35188
105.00000 5.00000 0.00000 0.34514
110.00000 5.00000 0.00000 0.36201
115.00000 5.00000 0.00000 0.39478
120.00000 5.00000 0.00000 0.43288
125.00000 5.00000 0.00000 0.47909
130.00000 5.00000 0.00000 0.52776
135.00000 5.00000 0.00000 0.54890
140.00000 5.00000 0.00000 0.53102
145.00000 5.00000 0.00000 0.46643
150.00000 5.00000 0.00000 0.40795
155.00000 5.00000 0.00000 0.38169
160.00000 5.00000 0.00000 0.37249
165.00000 5.00000 0.00000 0.36930
170.00000 5.00000 0.00000 0.37406
175.00000 5.00000 0.00000 0.38753
180.00000 5.00000 0.00000 0.39544
185.00000 5.00000 0.00000 0.38332
190.00000 5.00000 0.00000 0.36104
195.00000 5.00000 0.00000 0.35172
200.00000 5.00000 0.00000 0.36539
205.00000 5.00000 0.00000 0.39545
210.00000 5.00000 0.00000 0.43052
215.00000 5.00000 0.00000 0.47092
220.00000 5.00000 0.00000 0.50688
225.00000 5.00000 0.00000 0.51996
230.00000 5.00000 0.00000 0.51103
235.00000 5.00000 0.00000 0.45421
240.00000 5.00000 0.00000 0.40040
245.00000 5.00000 0.00000 0.37761
250.00000 5.00000 0.00000 0.37064
255.00000 5.00000 0.00000 0.37016
260.00000 5.00000 0.00000 0.38083
265.00000 5.00000 0.00000 0.40317
270.00000 5.00000 0.00000 0.41846
275.00000 5.00000 0.00000 0.40854
280.00000 5.00000 0.00000 0.38670
285.00000 5.00000 0.00000 0.38193
290.00000 5.00000 0.00000 0.40551
295.00000 5.00000 0.00000 0.44628
300.00000 5.00000 0.00000 0.48841
305.00000 5.00000 0.00000 0.53607
310.00000 5.00000 0.00000 0.59099
315.00000 5.00000 0.00000 0.61902
320.00000 5.00000 0.00000 0.59162
325.00000 5.00000 0.00000 0.51934
330.00000 5.00000 0.00000 0.46676
335.00000 5.00000 0.00000 0.45531
340.00000 5.00000 0.00000 0.46599
345.00000 5.00000 0.00000 0.48316
350.00000 5.00000 0.00000 0.50620
355.00000 5.00000 0.00000 0.53158
0.00000 10.00000 0.00000 0.67134
5.00000 10.00000 0.00000 0.63829
10.00000 10.00000 0.00000 0.58457
15.00000 10.00000 0.00000 0.55319
20.00000 10.00000 0.00000 0.55555
25.00000 10.00000 0.00000 0.57652
30.00000 10.00000 0.00000 0.60402
35.00000 10.00000 0.00000 0.64756
40.00000 10.00000 0.00000 0.70951
45.00000 10.00000 0.00000 0.73989
50.00000 10.00000 0.00000 0.68853
55.00000 10.00000 0.00000 0.60000
60.00000 10.00000 0.00000 0.54187
65.00000 10.00000 0.00000 0.51624
70.00000 10.00000 0.00000 0.49692
75.00000 10.00000 0.00000 0.47126
80.00000 10.00000 0.00000 0.44748
85.00000 10.00000 0.00000 0.43381
90.00000 10.00000 0.00000 0.42034
95.00000 10.00000 0.00000 0.39598
100.00000 10.00000 0.00000 0.37028
105.00000 10.00000 0.00000 0.36214
110.00000 10.00000 0.00000 0.37786
115.00000 10.00000 0.00000 0.41043
120.00000 10.00000 0.00000 0.45101
125.00000 10.00000 0.00000 0.50317
130.00000 10.00000 0.00000 0.56360
135.00000 10.00000 0.00000 0.59603
140.00000 10.00000 0.00000 0.57463
145.00000 10.00000 0.00000 0.50660
150.00000 10.00000 0.00000 0.44831
155.00000 10.00000 0.00000 0.42638
160.00000 10.00000 0.00000 0.42869
165.00000 10.00000 0.00000 0.44320
170.00000 10.00000 0.00000 0.46904
175.00000 10.00000 0.00000 0.50434
180.00000 10.00000 0.00000 0.52633
185.00000 10.00000 0.00000 0.50921
190.00000 10.00000 0.00000 0.46468
195.00000 10.00000 0.00000 0.42924
200.00000 10.00000 0.00000 0.42104
205.00000 10.00000 0.00000 0.43446
210.00000 10.00000 0.00000 0.45881
215.00000 10.00000 0.00000 0.49330
220.00000 10.00000 0.00000 0.52810
225.00000 10.00000 0.00000 0.54333
230.00000 10.00000 0.00000 0.52985
235.00000 10.00000 0.00000 0.47156
240.00000 10.00000 0.00000 0.41858
245.00000 10.00000 0.00000 0.39440
250.00000 10.00000 0.00000 0.38513
255.00000 10.00000 0.00000 0.38360
260.00000 10.00000 0.00000 0.39638
265.00000 10.00000 0.00000 0.42672
270.00000 10.00000 0.00000 0.45773
275.00000 10.00000 0.00000 0.46593
280.00000 10.00000 0.00000 0.45542
285.00000 10.00000 0.00000 0.45435
290.00000 10.00000 0.00000 0.48012
295.00000 10.00000 0.00000 0.52606
300.00000 10.00000 0.00000 0.57596
305.00000 10.00000 0.00000 0.62915
310.00000 10.00000 0.00000 0.66432
315.00000 10.00000 0.00000 0.65586
320.00000 10.00000 0.00000 0.64614
325.00000 10.00000 0.00000 0.59211
330.00000 10.00000 0.00000 0.53858
335.00000 10.00000 0.00000 0.52957
340.00000 10.00000 0.00000 0.55062
345.00000 10.00000 0.00000 0.58235
350.00000 10.00000 0.00000 0.61964
355.00000 10.00000 0.00000 0.65820
0.00000 15.00000 0.00000 0.64718
5.00000 15.00000 0.00000 0.63620
10.00000 15.00000 0.00000 0.60085
15.00000 15.00000 0.00000 0.57906
20.00000 15.00000 0.00000 0.58725
25.00000 15.00000 0.00000 0.61644
30.00000 15.00000 0.00000 0.65696
35.00000 15.00000 0.00000 0.71830
40.00000 15.00000 0.00000 0.80321
45.00000 15.00000 0.00000 0.85837
50.00000 15.00000 0.00000 0.82562
55.00000 15.00000 0.00000 0.74795
60.00000 15.00000 0.00000 0.69430
65.00000 15.00000 0.00000 0.66301
70.00000 15.00000 0.00000 0.62367
75.00000 15.00000 0.00000 0.56947
80.00000 15.00000 0.00000 0.52459
85.00000 15.00000 0.00000 0.50457
90.00000 15.00000 0.00000 0.49042
95.00000 15.00000 0.00000 0.45939
100.00000 15.00000 0.00000 0.42269
105.00000 15.00000 0.00000 0.40864
110.00000 15.00000 0.00000 0.42676
115.00000 15.00000 0.00000 0.46395
120.00000 15.00000 0.00000 0.50483
125.00000 15.00000 0.00000 0.55411
130.00000 15.00000 0.00000 0.61799
135.00000 15.00000 0.00000 0.65668
140.00000 15.00000 0.00000 0.62390
145.00000 15.00000 0.00000 0.54649
150.00000 15.00000 0.00000 0.48922
155.00000 15.00000 0.00000 0.47556
160.00000 15.00000 0.00000 0.49410
165.00000 15.00000 0.00000 0.53151
170.00000 15.00000 0.00000 0.58467
175.00000 15.00000 0.00000 0.64782
180.00000 15.00000 0.00000 0.68375
185.00000 15.00000 0.00000 0.65350
190.00000 15.00000 0.00000 0.57714
195.00000 15.00000 0.00000 0.50998
200.00000 15.00000 0.00000 0.47864
205.00000 15.00000 0.00000 0.47603
210.00000 15.00000 0.00000 0.48886
215.00000 15.00000 0.00000 0.51634
220.00000 15.00000 0.00000 0.55934
225.00000 15.00000 0.00000 0.59151
230.00000 15.00000 0.00000 0.57439
235.00000 15.00000 0.00000 0.51459
240.00000 15.00000 0.00000 0.46572
245.00000 15.00000 0.00000 0.44612
250.00000 15.00000 0.00000 0.44073
255.00000 15.00000 0.00000 0.43984
260.00000 15.00000 0.00000 0.45249
265.00000 15.00000 0.00000 0.49007
270.00000 15.00000 0.00000 0.54051
275.00000 15.00000 0.00000 0.57524
280.00000 15.00000 0.00000 0.58641
285.00000 15.00000 0.00000 0.59763
290.00000 15.00000 0.00000 0.62906
295.00000 15.00000 0.00000 0.67827
300.00000 15.00000 0.00000 0.73003
305.00000 15.00000 0.00000 0.78311
310.00000 15.00000 0.00000 0.80585
315.00000 15.00000 0.00000 0.75923
320.00000 15.00000 0.00000 0.71811
325.00000 15.00000 0.00000 0.64509
330.00000 15.00000 0.00000 0.57185
335.00000 15.00000 0.00000 0.54516
340.00000 15.00000 0.00000 0.55065
345.00000 15.00000 0.00000 0.56710
350.00000 15.00000 0.00000 0.59019
355.00000 15.00000 0.00000 0.62309
0.00000 20.00000 0.00000 0.51681
5.00000 20.00000 0.00000 0.52373
10.00000 20.00000 0.00000 0.51231
15.00000 20.00000 0.00000 0.51412
20.00000 20.00000 0.00000 0.54813
25.00000 20.00000 0.00000 0.60805
30.00000 20.00000 0.00000 0.68511
35.00000 20.00000 0.00000 0.78996
40.00000 20.00000 0.00000 0.93139
45.00000 20.00000 0.00000 1.05443
50.00000 20.00000 0.00000 1.07651
55.00000 20.00000 0.00000 1.02430
60.00000 20.00000 0.00000 0.97505
65.00000 20.00000 0.00000 0.92916
70.00000 20.00000 0.00000 0.85491
75.00000 20.00000 0.00000 0.76057
80.00000 20.00000 0.00000 0.69210
85.00000 20.00000 0.00000 0.66728
90.00000 20.00000 0.00000 0.64937
95.00000 20.00000 0.00000 0.60221
100.00000 20.00000 0.00000 0.54241
105.00000 20.00000 0.00000 0.51523
110.00000 20.00000 0.00000 0.53723
115.00000 20.00000 0.00000 0.58374
120.00000 20.00000 0.00000 0.62028
125.00000 20.00000 0.00000 0.64831
130.00000 20.00000 0.00000 0.68743
135.00000 20.00000 0.00000 0.70446
140.00000 20.00000 0.00000 0.65363
145.00000 20.00000 0.00000 0.56633
150.00000 20.00000 0.00000 0.50454
155.00000 20.00000 0.00000 0.48884
160.00000 20.00000 0.00000 0.50704
165.00000 20.00000 0.00000 0.54494
170.00000 20.00000 0.00000 0.60059
175.00000 20.00000 0.00000 0.66754
180.00000 20.00000 0.00000 0.70216
185.00000 20.00000 0.00000 0.66346
190.00000 20.00000 0.00000 0.58024
195.00000 20.00000 0.00000 0.51229
200.00000 20.00000 0.00000 0.48366
205.00000 20.00000 0.00000 0.48359
210.00000 20.00000 0.00000 0.49720
215.00000 20.00000 0.00000 0.52557
220.00000 20.00000 0.00000 0.57760
225.00000 20.00000 0.00000 0.63462
230.00000 20.00000 0.00000 0.64707
235.00000 20.00000 0.00000 0.60932
240.00000 20.00000 0.00000 0.57481
245.00000 20.00000 0.00000 0.57194
250.00000 20.00000 0.00000 0.58201
255.00000 20.00000 0.00000 0.58476
260.00000 20.00000 0.00000 0.59548
265.00000 20.00000 0.00000 0.64126
270.00000 20.00000 0.00000 0.71642
275.00000 20.00000 0.00000 0.78351
280.00000 20.00000 0.00000 0.82649
285.00000 20.00000 0.00000 0.86906
290.00000 20.00000 0.00000 0.92909
295.00000 20.00000 0.00000 0.99096
300.00000 20.00000 0.00000 1.03332
305.00000 20.00000 0.00000 1.06603
310.00000 20.00000 0.00000 1.05976
315.00000 20.00000 0.00000 0.94719
320.00000 20.00000 0.00000 0.82308
325.00000 20.00000 0.00000 0.69405
330.00000 20.00000 0.00000 0.57948
335.00000 20.00000 0.00000 0.51899
340.00000 20.00000 0.00000 0.49286
345.00000 20.00000 0.00000 0.47827
350.00000 20.00000 0.00000 0.47462
355.00000 20.00000 0.00000 0.49125
0.00000 25.00000 0.00000 0.44361
5.00000 25.00000 0.00000 0.45156
10.00000 25.00000 0.00000 0.45042
15.00000 25.00000 0.00000 0.47180
20.00000 25.00000 0.00000 0.53397
25.00000 25.00000 0.00000 0.63318
30.00000 25.00000 0.00000 0.76554
35.00000 25.00000 0.00000 0.94563
40.00000 25.00000 0.00000 1.18691
45.00000 25.00000 0.00000 1.42757
50.00000 25.00000 0.00000 1.54496
55.00000 25.00000 0.00000 1.53193
60.00000 25.00000 0.00000 1.47785
65.00000 25.00000 0.00000 1.39645
70.00000 25.00000 0.00000 1.26772
75.00000 25.00000 0.00000 1.12544
80.00000 25.00000 0.00000 1.02986
85.00000 25.00000 0.00000 0.99157
90.00000 25.00000 0.00000 0.95849
95.00000 25.00000 0.00000 0.88719
100.00000 25.00000 0.00000 0.80091
105.00000 25.00000 0.00000 0.75798
110.00000 25.00000 0.00000 0.78364
115.00000 25.00000 0.00000 0.84181
120.00000 25.00000 0.00000 0.87182
125.00000 25.00000 0.00000 0.86581
130.00000 25.00000 0.00000 0.85452
135.00000 25.00000 0.00000 0.81815
140.00000 25.00000 0.00000 0.72634
145.00000 25.00000 0.00000 0.61342
150.00000 25.00000 0.00000 0.53111
155.00000 25.00000 0.00000 0.49427
160.00000 25.00000 0.00000 0.49027
165.00000 25.00000 0.00000 0.50498
170.00000 25.00000 0.00000 0.53687
175.00000 25.00000 0.00000 0.58245
180.00000 25.00000 0.00000 0.60487
185.00000 25.00000 0.00000 0.57156
190.00000 25.00000 0.00000 0.51119
195.00000 25.00000 0.00000 0.47187
200.00000 25.00000 0.00000 0.46804
205.00000 25.00000 0.00000 0.48836
210.00000 25.00000 0.00000 0.52139
215.00000 25.00000 0.00000 0.56966
220.00000 25.00000 0.00000 0.64882
225.00000 25.00000 0.00000 0.75254
230.00000 25.00000 0.00000 0.82470
235.00000 25.00000 0.00000 0.83370
240.00000 25.00000 0.00000 0.83023
245.00000 25.00000 0.00000 0.86015
250.00000 25.00000 0.00000 0.89584
255.00000 25.00000 0.00000 0.90224
260.00000 25.00000 0.00000 0.90792
265.00000 25.00000 0.00000 0.96305
270.00000 25.00000 0.00000 1.06525
275.00000 25.00000 0.00000 1.16668
280.00000 25.00000 0.00000 1.25059
285.00000 25.00000 0.00000 1.35335
290.00000 25.00000 0.00000 1.48883
295.00000 25.00000 0.00000 1.59977
300.00000 25.00000 0.00000 1.62975
305.00000 25.00000 0.00000 1.61018
310.00000 25.00000 0.00000 1.52333
315.00000 25.00000 0.00000 1.29065
320.00000 25.00000 0.00000 1.04795
325.00000 25.00000 0.00000 0.82718
330.00000 25.00000 0.00000 0.64069
335.00000 25.00000 0.00000 0.53149
340.00000 25.00000 0.00000 0.47368
345.00000 25.00000 0.00000 0.43679
350.00000 25.00000 0.00000 0.41768
355.00000 25.00000 0.00000 0.42382
0.00000 30.00000 0.00000 0.49363
5.00000 30.00000 0.00000 0.49363
10.00000 30.00000 0.00000 0.49350
15.00000 30.00000 0.00000 0.52765
20.00000 30.00000 0.00000 0.61297
25.00000 30.00000 0.00000 0.75155
30.00000 30.00000 0.00000 0.95517
35.00000 30.00000 0.00000 1.24849
40.00000 30.00000 0.00000 1.63429
45.00000 30.00000 0.00000 2.03260
50.00000 30.00000 0.00000 2.28716
55.00000 30.00000 0.00000 2.34404
60.00000 30.00000 0.00000 2.29106
65.00000 30.00000 0.00000 2.16463
70.00000 30.00000 0.00000 1.97675
75.00000 30.00000 0.00000 1.78878
80.00000 30.00000 0.00000 1.66151
85.00000 30.00000 0.00000 1.59557
90.00000 30.00000 0.00000 1.53491
95.00000 30.00000 0.00000 1.43956
100.00000 30.00000 0.00000 1.34021
105.00000 30.00000 0.00000 1.29323
110.00000 30.00000 0.00000 1.31968
115.00000 30.00000 0.00000 1.37815
120.00000 30.00000 0.00000 1.39338
125.00000 30.00000 0.00000 1.34659
130.00000 30.00000 0.00000 1.25967
135.00000 30.00000 0.00000 1.12426
140.00000 30.00000 0.00000 0.94598
145.00000 30.00000 0.00000 0.77138
150.00000 30.00000 0.00000 0.63999
155.00000 30.00000 0.00000 0.56224
160.00000 30.00000 0.00000 0.52670
165.00000 30.00000 0.00000 0.51732
170.00000 30.00000 0.00000 0.52772
175.00000 30.00000 0.00000 0.55309
180.00000 30.00000 0.00000 0.56661
185.00000 30.00000 0.00000 0.54488
190.00000 30.00000 0.00000 0.51062
195.00000 30.00000 0.00000 0.49773
200.00000 30.00000 0.00000 0.51488
205.00000 30.00000 0.00000 0.55789
210.00000 30.00000 0.00000 0.62477
215.00000 30.00000 0.00000 0.72120
220.00000 30.00000 0.00000 0.86009
225.00000 30.00000 0.00000 1.04148
230.00000 30.00000 0.00000 1.20972
235.00000 30.00000 0.00000 1.30879
240.00000 30.00000 0.00000 1.37641
245.00000 30.00000 0.00000 1.45947
250.00000 30.00000 0.00000 1.52288
255.00000 30.00000 0.00000 1.53208
260.00000 30.00000 0.00000 1.53814
265.00000 30.00000 0.00000 1.60781
270.00000 30.00000 0.00000 1.73122
275.00000 30.00000 0.00000 1.85813
280.00000 30.00000 0.00000 1.98977
285.00000 30.00000 0.00000 2.17921
290.00000 30.00000 0.00000 2.42771
295.00000 30.00000 0.00000 2.62127
300.00000 30.00000 0.00000 2.63930
305.00000 30.00000 0.00000 2.51806
310.00000 30.00000 0.00000 2.25584
315.00000 30.00000 0.00000 1.80828
320.00000 30.00000 0.00000 1.42581
325.00000 30.00000 0.00000 1.10232
330.00000 30.00000 0.00000 0.80979
335.00000 30.00000 0.00000 0.63111
340.00000 30.00000 0.00000 0.54052
345.00000 30.00000 0.00000 0.49437
350.00000 30.00000 0.00000 0.47554
355.00000 30.00000 0.00000 0.48060
0.00000 35.00000 0.00000 0.66591
5.00000 35.00000 0.00000 0.65483
10.00000 35.00000 0.00000 0.65338
15.00000 35.00000 0.00000 0.69406
20.00000 35.00000 0.00000 0.79028
25.00000 35.00000 0.00000 0.95891
30.00000 35.00000 0.00000 1.23843
35.00000 35.00000 0.00000 1.66318
40.00000 35.00000 0.00000 2.18366
45.00000 35.00000 0.00000 2.71908
50.00000 35.00000 0.00000 3.17992
55.00000 35.00000 0.00000 3.39420
60.00000 35.00000 0.00000 3.40878
65.00000 35.00000 0.00000 3.28926
70.00000 35.00000 0.00000 3.08664
75.00000 35.00000 0.00000 2.88735
80.00000 35.00000 0.00000 2.75028
85.00000 35.00000 0.00000 2.66392
90.00000 35.00000 0.00000 2.57544
95.00000 35.00000 0.00000 2.46368
100.00000 35.00000 0.00000 2.37221
105.00000 35.00000 0.00000 2.34433
110.00000 35.00000 0.00000 2.36366
115.00000 35.00000 0.00000 2.37951
120.00000 35.00000 0.00000 2.33929
125.00000 35.00000 0.00000 2.22526
130.00000 35.00000 0.00000 2.01945
135.00000 35.00000 0.00000 1.70787
140.00000 35.00000 0.00000 1.37826
145.00000 35.00000 0.00000 1.09540
150.00000 35.00000 0.00000 0.87497
155.00000 35.00000 0.00000 0.73298
160.00000 35.00000 0.00000 0.66240
165.00000 35.00000 0.00000 0.64372
170.00000 35.00000 0.00000 0.65424
175.00000 35.00000 0.00000 0.67548
180.00000 35.00000 0.00000 0.68512
185.00000 35.00000 0.00000 0.67085
190.00000 35.00000 0.00000 0.65299
195.00000 35.00000 0.00000 0.65261
200.00000 35.00000 0.00000 0.67664
205.00000 35.00000 0.00000 0.73864
210.00000 35.00000 0.00000 0.85967
215.00000 35.00000 0.00000 1.04838
220.00000 35.00000 0.00000 1.29553
225.00000 35.00000 0.00000 1.59609
230.00000 35.00000 0.00000 1.90934
235.00000 35.00000 0.00000 2.17071
240.00000 35.00000 0.00000 2.37343
245.00000 35.00000 0.00000 2.52981
250.00000 35.00000 0.00000 2.61499
255.00000 35.00000 0.00000 2.63434
260.00000 35.00000 0.00000 2.66675
265.00000 35.00000 0.00000 2.75925
270.00000 35.00000 0.00000 2.87743
275.00000 35.00000 0.00000 2.99230
280.00000 35.00000 0.00000 3.15146
285.00000 35.00000 0.00000 3.41460
290.00000 35.00000 0.00000 3.73383
295.00000 35.00000 0.00000 3.95046
300.00000 35.00000 0.00000 3.92005
305.00000 35.00000 0.00000 3.65361
310.00000 35.00000 0.00000 3.17492
315.00000 35.00000 0.00000 2.51493
320.00000 35.00000 0.00000 1.94720
325.00000 35.00000 0.00000 1.48027
330.00000 35.00000 0.00000 1.06700
335.00000 35.00000 0.00000 0.80754
340.00000 35.00000 0.00000 0.68444
345.00000 35.00000 0.00000 0.64372
350.00000 35.00000 0.00000 0.64483
355.00000 35.00000 0.00000 0.65979
0.00000 40.00000 0.00000 0.88886
5.00000 40.00000 0.00000 0.87071
10.00000 40.00000 0.00000 0.87026
15.00000 40.00000 0.00000 0.90796
20.00000 40.00000 0.00000 0.99323
25.00000 40.00000 0.00000 1.16439
30.00000 40.00000 0.00000 1.48740
35.00000 40.00000 0.00000 1.98982
40.00000 40.00000 0.00000 2.50506
45.00000 40.00000 0.00000 3.05426
50.00000 40.00000 0.00000 3.81282
55.00000 40.00000 0.00000 4.30039
60.00000 40.00000 0.00000 4.47161
65.00000 40.00000 0.00000 4.45776
70.00000 40.00000 0.00000 4.32749
75.00000 40.00000 0.00000 4.19227
80.00000 40.00000 0.00000 4.11818
85.00000 40.00000 0.00000 4.06795
90.00000 40.00000 0.00000 3.98405
95.00000 40.00000 0.00000 3.87447
100.00000 40.00000 0.00000 3.81428
105.00000 40.00000 0.00000 3.84056
110.00000 40.00000 0.00000 3.86557
115.00000 40.00000 0.00000 3.80494
120.00000 40.00000 0.00000 3.66079
125.00000 40.00000 0.00000 3.42576
130.00000 40.00000 0.00000 3.02608
135.00000 40.00000 0.00000 2.45878
140.00000 40.00000 0.00000 1.93731
145.00000 40.00000 0.00000 1.52170
150.00000 40.00000 0.00000 1.17777
155.00000 40.00000 0.00000 0.95258
160.00000 40.00000 0.00000 0.84335
165.00000 40.00000 0.00000 0.82757
170.00000 40.00000 0.00000 0.85884
175.00000 40.00000 0.00000 0.88995
180.00000 40.00000 0.00000 0.89635
185.00000 40.00000 0.00000 0.88298
190.00000 40.00000 0.00000 0.87567
195.00000 40.00000 0.00000 0.88407
200.00000 40.00000 0.00000 0.91422
205.00000 40.00000 0.00000 1.00377
210.00000 40.00000 0.00000 1.20947
215.00000 40.00000 0.00000 1.54207
220.00000 40.00000 0.00000 1.91992
225.00000 40.00000 0.00000 2.35680
230.00000 40.00000 0.00000 2.89236
235.00000 40.00000 0.00000 3.37171
240.00000 40.00000 0.00000 3.71558
245.00000 40.00000 0.00000 3.91934
250.00000 40.00000 0.00000 3.99523
255.00000 40.00000 0.00000 4.02071
260.00000 40.00000 0.00000 4.08842
265.00000 40.00000 0.00000 4.18662
270.00000 40.00000 0.00000 4.25084
275.00000 40.00000 0.00000 4.29219
280.00000 40.00000 0.00000 4.40796
285.00000 40.00000 0.00000 4.65430
290.00000 40.00000 0.00000 4.91065
295.00000 40.00000 0.00000 5.00871
300.00000 40.00000 0.00000 4.87690
305.00000 40.00000 0.00000 4.49638
310.00000 40.00000 0.00000 3.86830
315.00000 40.00000 0.00000 3.10719
320.00000 40.00000 0.00000 2.39708
325.00000 40.00000 0.00000 1.79639
330.00000 40.00000 0.00000 1.30333
335.00000 40.00000 0.00000 0.99193
340.00000 40.00000 0.00000 0.84854
345.00000 40.00000 0.00000 0.82343
350.00000 40.00000 0.00000 0.85575
355.00000 40.00000 0.00000 0.88728
0.00000 45.00000 0.00000 0.99799
5.00000 45.00000 0.00000 0.98100
10.00000 45.00000 0.00000 0.98020
15.00000 45.00000 0.00000 1.00402
20.00000 45.00000 0.00000 1.05896
25.00000 45.00000 0.00000 1.19416
30.00000 45.00000 0.00000 1.48678
35.00000 45.00000 0.00000 1.95101
40.00000 45.00000 0.00000 2.39713
45.00000 45.00000 0.00000 2.90188
50.00000 45.00000 0.00000 3.70095
55.00000 45.00000 0.00000 4.32259
60.00000 45.00000 0.00000 4.65287
65.00000 45.00000 0.00000 4.78709
70.00000 45.00000 0.00000 4.77908
75.00000 45.00000 0.00000 4.74939
80.00000 45.00000 0.00000 4.77945
85.00000 45.00000 0.00000 4.81841
90.00000 45.00000 0.00000 4.79622
95.00000 45.00000 0.00000 4.74012
100.00000 45.00000 0.00000 4.75681
105.00000 45.00000 0.00000 4.89155
110.00000 45.00000 0.00000 5.00248
115.00000 45.00000 0.00000 4.95560
120.00000 45.00000 0.00000 4.76129
125.00000 45.00000 0.00000 4.40041
130.00000 45.00000 0.00000 3.80210
135.00000 45.00000 0.00000 3.05438
140.00000 45.00000 0.00000 2.37665
145.00000 45.00000 0.00000 1.82013
150.00000 45.00000 0.00000 1.35978
155.00000 45.00000 0.00000 1.06394
160.00000 45.00000 0.00000 0.92531
165.00000 45.00000 0.00000 0.91039
170.00000 45.00000 0.00000 0.95646
175.00000 45.00000 0.00000 0.99543
180.00000 45.00000 0.00000 0.99799
185.00000 45.00000 0.00000 0.98100
190.00000 45.00000 0.00000 0.98020
195.00000 45.00000 0.00000 1.00402
200.00000 45.00000 0.00000 1.05896
205.00000 45.00000 0.00000 1.19416
210.00000 45.00000 0.00000 1.48678
215.00000 45.00000 0.00000 1.95101
220.00000 45.00000 0.00000 2.39713
225.00000 45.00000 0.00000 2.90188
230.00000 45.00000 0.00000 3.70095
235.00000 45.00000 0.00000 4.32259
240.00000 45.00000 0.00000 4.65287
245.00000 45.00000 0.00000 4.78709
250.00000 45.00000 0.00000 4.77908
255.00000 45.00000 0.00000 4.74939
260.00000 45.00000 0.00000 4.77945
265.00000 45.00000 0.00000 4.81841
270.00000 45.00000 0.00000 4.79622
275.00000 45.00000 0.00000 4.74012
280.00000 45.00000 0.00000 4.75681
285.00000 45.00000 0.00000 4.89155
290.00000 45.00000 0.00000 5.00248
295.00000 45.00000 0.00000 4.95560
300.00000 45.00000 0.00000 4.76129
305.00000 45.00000 0.00000 4.40041
310.00000 45.00000 0.00000 3.80210
315.00000 45.00000 0.00000 3.05438
320.00000 45.00000 0.00000 2.37665
325.00000 45.00000 0.00000 1.82013
330.00000 45.00000 0.00000 1.35978
335.00000 45.00000 0.00000 1.06394
340.00000 45.00000 0.00000 0.92531
345.00000 45.00000 0.00000 0.91039
350.00000 45.00000 0.00000 0.95646
355.00000 45.00000 0.00000 0.99543
0.00000 50.00000 0.00000 0.89635
5.00000 50.00000 0.00000 0.88298
10.00000 50.00000 0.00000 0.87567
15.00000 50.00000 0.00000 0.88407
20.00000 50.00000 0.00000 0.91422
25.00000 50.00000 0.00000 1.00377
30.00000 50.00000 0.00000 1.20947
35.00000 50.00000 0.00000 1.54207
40.00000 50.00000 0.00000 1.91992
45.00000 50.00000 0.00000 2.35680
50.00000 50.00000 0.00000 2.89236
55.00000 50.00000 0.00000 3.37171
60.00000 50.00000 0.00000 3.71558
65.00000 50.00000 0.00000 3.91934
70.00000 50.00000 0.00000 3.99523
75.00000 50.00000 0.00000 4.02071
80.00000 50.00000 0.00000 4.08842
85.00000 50.00000 0.00000 4.18662
90.00000 50.00000 0.00000 4.25084
95.00000 50.00000 0.00000 4.29219
100.00000 50.00000 0.00000 4.40796
105.00000 50.00000 0.00000 4.65430
110.00000 50.00000 0.00000 4.91065
115.00000 50.00000 0.00000 5.00871
120.00000 50.00000 0.00000 4.87690
125.00000 50.00000 0.00000 4.49638
130.00000 50.00000 0.00000 3.86830
135.00000 50.00000 0.00000 3.10719
140.00000 50.00000 0.00000 2.39708
145.00000 50.00000 0.00000 1.79639
150.00000 50.00000 0.00000 1.30333
155.00000 50.00000 0.00000 0.99193
160.00000 50.00000 0.00000 0.84854
165.00000 50.00000 0.00000 0.82343
170.00000 50.00000 0.00000 0.85575
175.00000 50.00000 0.00000 0.88728
180.00000 50.00000 0.00000 0.88886
185.00000 50.00000 0.00000 0.87071
190.00000 50.00000 0.00000 0.87026
195.00000 50.00000 0.00000 0.90796
200.00000 50.00000 0.00000 0.99323
205.00000 50.00000 0.00000 1.16439
210.00000 50.00000 0.00000 1.48740
215.00000 50.00000 0.00000 1.98982
220.00000 50.00000 0.00000 2.50506
225.00000 50.00000 0.00000 3.05426
230.00000 50.00000 0.00000 3.81282
235.00000 50.00000 0.00000 4.30039
240.00000 50.00000 0.00000 4.47161
245.00000 50.00000 0.00000 4.45776
250.00000 50.00000 0.00000 4.32749
255.00000 50.00000 0.00000 4.19227
260.00000 50.00000 0.00000 4.11818
265.00000 50.00000 0.00000 4.06795
270.00000 50.00000 0.00000 3.98405
275.00000 50.00000 0.00000 3.87447
280.00000 50.00000 0.00000 3.81428
285.00000 50.00000 0.00000 3.84056
290.00000 50.00000 0.00000 3.86557
295.00000 50.00000 0.00000 3.80494
300.00000 50.00000 0.00000 3.66079
305.00000 50.00000 0.00000 3.42576
310.00000 50.00000 0.00000 3.02608
315.00000 50.00000 0.00000 2.45878
320.00000 50.00000 0.00000 1.93731
325.00000 50.00000 0.00000 1.52170
330.00000 50.00000 0.00000 1.17777
335.00000 50.00000 0.00000 0.95258
340.00000 50.00000 0.00000 0.84335
345.00000 50.00000 0.00000 0.82757
350.00000 50.00000 0.00000 0.85884
355.00000 50.00000 0.00000 0.88995
0.00000 55.00000 0.00000 0.68512
5.00000 55.00000 0.00000 0.67085
10.00000 55.00000 0.00000 0.65299
15.00000 55.00000 0.00000 0.65261
20.00000 55.00000 0.00000 0.67664
25.00000 55.00000 0.00000 0.73864
30.00000 55.00000 0.00000 0.85967
35.00000 55.00000 0.00000 1.04838
40.00000 55.00000 0.00000 1.29553
45.00000 55.00000 0.00000 1.59609
50.00000 55.00000 0.00000 1.90934
55.00000 55.00000 0.00000 2.17071
60.00000 55.00000 0.00000 2.37343
65.00000 55.00000 0.00000 2.52981
70.00000 55.00000 0.00000 2.61499
75.00000 55.00000 0.00000 2.63434
80.00000 55.00000 0.00000 2.66675
85.00000 55.00000 0.00000 2.75925
90.00000 55.00000 0.00000 2.87743
95.00000 55.00000 0.00000 2.99230
100.00000 55.00000 0.00000 3.15146
105.00000 55.00000 0.00000 3.41460
110.00000 55.00000 0.00000 3.73383
115.00000 55.00000 0.00000 3.95046
120.00000 55.00000 0.00000 3.92005
125.00000 55.00000 0.00000 3.65361
130.00000 55.00000 0.00000 3.17492
135.00000 55.00000 0.00000 2.51493
140.00000 55.00000 0.00000 1.94720
145.00000 55.00000 0.00000 1.48027
150.00000 55.00000 0.00000 1.06700
155.00000 55.00000 0.00000 0.80754
160.00000 55.00000 0.00000 0.68444
165.00000 55.00000 0.00000 0.64372
170.00000 55.00000 0.00000 0.64483
175.00000 55.00000 0.00000 0.65979
180.00000 55.00000 0.00000 0.66591
185.00000 55.00000 0.00000 0.65483
190.00000 55.00000 0.00000 0.65338
195.00000 55.00000 0.00000 0.69406
200.00000 55.00000 0.00000 0.79028
205.00000 55.00000 0.00000 0.95891
210.00000 55.00000 0.00000 1.23843
215.00000 55.00000 0.00000 1.66318
220.00000 55.00000 0.00000 2.18366
225.00000 55.00000 0.00000 2.71908
230.00000 55.00000 0.00000 3.17992
235.00000 55.00000 0.00000 3.39420
240.00000 55.00000 0.00000 3.40878
245.00000 55.00000 0.00000 3.28926
250.00000 55.00000 0.00000 3.08664
255.00000 55.00000 0.00000 2.88735
260.00000 55.00000 0.00000 2.75028
265.00000 55.00000 0.00000 2.66392
270.00000 55.00000 0.00000 2.57544
275.00000 55.00000 0.00000 2.46368
280.00000 55.00000 0.00000 2.37221
285.00000 55.00000 0.00000 2.34433
290.00000 55.00000 0.00000 2.36366
295.00000 55.00000 0.00000 2.37951
300.00000 55.00000 0.00000 2.33929
305.00000 55.00000 0.00000 2.22526
310.00000 55.00000 0.00000 2.01945
315.00000 55.00000 0.00000 1.70787
320.00000 55.00000 0.00000 1.37826
325.00000 55.00000 0.00000 1.09540
330.00000 55.00000 0.00000 0.87497
335.00000 55.00000 0.00000 0.73298
340.00000 55.00000 0.00000 0.66240
345.00000 55.00000 0.00000 0.64372
350.00000 55.00000 0.00000 0.65424
355.00000 55.00000 0.00000 0.67548
0.00000 60.00000 0.00000 0.56661
5.00000 60.00000 0.00000 0.54488
10.00000 60.00000 0.00000 0.51062
15.00000 60.00000 0.00000 0.49773
20.00000 60.00000 0.00000 0.51488
25.00000 60.00000 0.00000 0.55789
30.00000 60.00000 0.00000 0.62477
35.00000 60.00000 0.00000 0.72120
40.00000 60.00000 0.00000 0.86009
45.00000 60.00000 0.00000 1.04148
50.00000 60.00000 0.00000 1.20972
55.00000 60.00000 0.00000 1.30879
60.00000 60.00000 0.00000 1.37641
65.00000 60.00000 0.00000 1.45947
70.00000 60.00000 0.00000 1.52288
75.00000 60.00000 0.00000 1.53208
80.00000 60.00000 0.00000 1.53814
85.00000 60.00000 0.00000 1.60781
90.00000 60.00000 0.00000 1.73122
95.00000 60.00000 0.00000 1.85813
100.00000 60.00000 0.00000 1.98977
105.00000 60.00000 0.00000 2.17921
110.00000 60.00000 0.00000 2.42771
115.00000 60.00000 0.00000 2.62127
120.00000 60.00000 0.00000 2.63930
125.00000 60.00000 0.00000 2.51806
130.00000 60.00000 0.00000 2.25584
135.00000 60.00000 0.00000 1.80828
140.00000 60.00000 0.00000 1.42581
145.00000 60.00000 0.00000 1.10232
150.00000 60.00000 0.00000 0.80979
155.00000 60.00000 0.00000 0.63111
160.00000 60.00000 0.00000 0.54052
165.00000 60.00000 0.00000 0.49437
170.00000 60.00000 0.00000 0.47554
175.00000 60.00000 0.00000 0.48060
180.00000 60.00000 0.00000 0.49363
185.00000 60.00000 0.00000 0.49363
190.00000 60.00000 0.00000 0.49350
195.00000 60.00000 0.00000 0.52765
200.00000 60.00000 0.00000 0.61297
205.00000 60.00000 0.00000 0.75155
210.00000 60.00000 0.00000 0.95517
215.00000 60.00000 0.00000 1.24849
220.00000 60.00000 0.00000 1.63429
225.00000 60.00000 0.00000 2.03260
230.00000 60.00000 0.00000 2.28716
235.00000 60.00000 0.00000 2.34404
240.00000 60.00000 0.00000 2.29106
245.00000 60.00000 0.00000 2.16463
250.00000 60.00000 0.00000 1.97675
255.00000 60.00000 0.00000 1.78878
260.00000 60.00000 0.00000 1.66151
265.00000 60.00000 0.00000 1.59557
270.00000 60.00000 0.00000 1.53491
275.00000 60.00000 0.00000 1.43956
280.00000 60.00000 0.00000 1.34021
285.00000 60.00000 0.00000 1.29323
290.00000 60.00000 0.00000 1.31968
295.00000 60.00000 0.00000 1.37815
300.00000 60.00000 0.00000 1.39338
305.00000 60.00000 0.00000 1.34659
310.00000 60.00000 0.00000 1.25967
315.00000 60.00000 0.00000 1.12426
320.00000 60.00000 0.00000 0.94598
325.00000 60.00000 0.00000 0.77138
330.00000 60.00000 0.00000 0.63999
335.00000 60.00000 0.00000 0.56224
340.00000 60.00000 0.00000 0.52670
345.00000 60.00000 0.00000 0.51732
350.00000 60.00000 0.00000 0.52772
355.00000 60.00000 0.00000 0.55309
0.00000 65.00000 0.00000 0.60487
5.00000 65.00000 0.00000 0.57156
10.00000 65.00000 0.00000 0.51119
15.00000 65.00000 0.00000 0.47187
20.00000 65.00000 0.00000 0.46804
25.00000 65.00000 0.00000 0.48836
30.00000 65.00000 0.00000 0.52139
35.00000 65.00000 0.00000 0.56966
40.00000 65.00000 0.00000 0.64882
45.00000 65.00000 0.00000 0.75254
50.00000 65.00000 0.00000 0.82470
55.00000 65.00000 0.00000 0.83370
60.00000 65.00000 0.00000 0.83023
65.00000 65.00000 0.00000 0.86015
70.00000 65.00000 0.00000 0.89584
75.00000 65.00000 0.00000 0.90224
80.00000 65.00000 0.00000 0.90792
85.00000 65.00000 0.00000 0.96305
90.00000 65.00000 0.00000 1.06525
95.00000 65.00000 0.00000 1.16668
100.00000 65.00000 0.00000 1.25059
105.00000 65.00000 0.00000 1.35335
110.00000 65.00000 0.00000 1.48883
115.00000 65.00000 0.00000 1.59977
120.00000 65.00000 0.00000 1.62975
125.00000 65.00000 0.00000 1.61018
130.00000 65.00000 0.00000 1.52333
135.00000 65.00000 0.00000 1.29065
140.00000 65.00000 0.00000 1.04795
145.00000 65.00000 0.00000 0.82718
150.00000 65.00000 0.00000 0.64069
155.00000 65.00000 0.00000 0.53149
160.00000 65.00000 0.00000 0.47368
165.00000 65.00000 0.00000 0.43679
170.00000 65.00000 0.00000 0.41768
175.00000 65.00000 0.00000 0.42382
180.00000 65.00000 0.00000 0.44361
185.00000 65.00000 0.00000 0.45156
190.00000 65.00000 0.00000 0.45042
195.00000 65.00000 0.00000 0.47180
200.00000 65.00000 0.00000 0.53397
205.00000 65.00000 0.00000 0.63318
210.00000 65.00000 0.00000 0.76554
215.00000 65.00000 0.00000 0.94563
220.00000 65.00000 0.00000 1.18691
225.00000 65.00000 0.00000 1.42757
230.00000 65.00000 0.00000 1.54496
235.00000 65.00000 0.00000 1.53193
240.00000 65.00000 0.00000 1.47785
245.00000 65.00000 0.00000 1.39645
250.00000 65.00000 0.00000 1.26772
255.00000 65.00000 0.00000 1.12544
260.00000 65.00000 0.00000 1.02986
265.00000 65.00000 0.00000 0.99157
270.00000 65.00000 0.00000 0.95849
275.00000 65.00000 0.00000 0.88719
280.00000 65.00000 0.00000 0.80091
285.00000 65.00000 0.00000 0.75798
290.00000 65.00000 0.00000 0.78364
295.00000 65.00000 0.00000 0.84181
300.00000 65.00000 0.00000 0.87182
305.00000 65.00000 0.00000 0.86581
310.00000 65.00000 0.00000 0.85452
315.00000 65.00000 0.00000 0.81815
320.00000 65.00000 0.00000 0.72634
325.00000 65.00000 0.00000 0.61342
330.00000 65.00000 0.00000 0.53111
335.00000 65.00000 0.00000 0.49427
340.00000 65.00000 0.00000 0.49027
345.00000 65.00000 0.00000 0.50498
350.00000 65.00000 0.00000 0.53687
355.00000 65.00000 0.00000 0.58245
0.00000 70.00000 0.00000 0.70216
5.00000 70.00000 0.00000 0.66346
10.00000 70.00000 0.00000 0.58024
15.00000 70.00000 0.00000 0.51229
20.00000 70.00000 0.00000 0.48366
25.00000 70.00000 0.00000 0.48359
30.00000 70.00000 0.00000 0.49720
35.00000 70.00000 0.00000 0.52557
40.00000 70.00000 0.00000 0.57760
45.00000 70.00000 0.00000 0.63462
50.00000 70.00000 0.00000 0.64707
55.00000 70.00000 0.00000 0.60932
60.00000 70.00000 0.00000 0.57481
65.00000 70.00000 0.00000 0.57194
70.00000 70.00000 0.00000 0.58201
75.00000 70.00000 0.00000 0.58476
80.00000 70.00000 0.00000 0.59548
85.00000 70.00000 0.00000 0.64126
90.00000 70.00000 0.00000 0.71642
95.00000 70.00000 0.00000 0.78351
100.00000 70.00000 0.00000 0.82649
105.00000 70.00000 0.00000 0.86906
110.00000 70.00000 0.00000 0.92909
115.00000 70.00000 0.00000 0.99096
120.00000 70.00000 0.00000 1.03332
125.00000 70.00000 0.00000 1.06603
130.00000 70.00000 0.00000 1.05976
135.00000 70.00000 0.00000 0.94719
140.00000 70.00000 0.00000 0.82308
145.00000 70.00000 0.00000 0.69405
150.00000 70.00000 0.00000 0.57948
155.00000 70.00000 0.00000 0.51899
160.00000 70.00000 0.00000 0.49286
165.00000 70.00000 0.00000 0.47827
170.00000 70.00000 0.00000 0.47462
175.00000 70.00000 0.00000 0.49125
180.00000 70.00000 0.00000 0.51681
185.00000 70.00000 0.00000 0.52373
190.00000 70.00000 0.00000 0.51231
195.00000 70.00000 0.00000 0.51412
200.00000 70.00000 0.00000 0.54813
205.00000 70.00000 0.00000 0.60805
210.00000 70.00000 0.00000 0.68511
215.00000 70.00000 0.00000 0.78996
220.00000 70.00000 0.00000 0.93139
225.00000 70.00000 0.00000 1.05443
230.00000 70.00000 0.00000 1.07651
235.00000 70.00000 0.00000 1.02430
240.00000 70.00000 0.00000 0.97505
245.00000 70.00000 0.00000 0.92916
250.00000 70.00000 0.00000 0.85491
255.00000 70.00000 0.00000 0.76057
260.00000 70.00000 0.00000 0.69210
265.00000 70.00000 0.00000 0.66728
270.00000 70.00000 0.00000 0.64937
275.00000 70.00000 0.00000 0.60221
280.00000 70.00000 0.00000 0.54241
285.00000 70.00000 0.00000 0.51523
290.00000 70.00000 0.00000 0.53723
295.00000 70.00000 0.00000 0.58374
300.00000 70.00000 0.00000 0.62028
305.00000 70.00000 0.00000 0.64831
310.00000 70.00000 0.00000 0.68743
315.00000 70.00000 0.00000 0.70446
320.00000 70.00000 0.00000 0.65363
325.00000 70.00000 0.00000 0.56633
330.00000 70.00000 0.00000 0.50454
335.00000 70.00000 0.00000 0.48884
340.00000 70.00000 0.00000 0.50704
345.00000 70.00000 0.00000 0.54494
350.00000 70.00000 0.00000 0.60059
355.00000 70.00000 0.00000 0.66754
0.00000 75.00000 0.00000 0.68375
5.00000 75.00000 0.00000 0.65350
10.00000 75.00000 0.00000 0.57714
15.00000 75.00000 0.00000 0.50998
20.00000 75.00000 0.00000 0.47864
25.00000 75.00000 0.00000 0.47603
30.00000 75.00000 0.00000 0.48886
35.00000 75.00000 0.00000 0.51634
40.00000 75.00000 0.00000 0.55934
45.00000 75.00000 0.00000 0.59151
50.00000 75.00000 0.00000 0.57439
55.00000 75.00000 0.00000 0.51459
60.00000 75.00000 0.00000 0.46572
65.00000 75.00000 0.00000 0.44612
70.00000 75.00000 0.00000 0.44073
75.00000 75.00000 0.00000 0.43984
80.00000 75.00000 0.00000 0.45249
85.00000 75.00000 0.00000 0.49007
90.00000 75.00000 0.00000 0.54051
95.00000 75.00000 0.00000 0.57524
100.00000 75.00000 0.00000 0.58641
105.00000 75.00000 0.00000 0.59763
110.00000 75.00000 0.00000 0.62906
115.00000 75.00000 0.00000 0.67827
120.00000 75.00000 0.00000 0.73003
125.00000 75.00000 0.00000 0.78311
130.00000 75.00000 0.00000 0.80585
135.00000 75.00000 0.00000 0.75923
140.00000 75.00000 0.00000 0.71811
145.00000 75.00000 0.00000 0.64509
150.00000 75.00000 0.00000 0.57185
155.00000 75.00000 0.00000 0.54516
160.00000 75.00000 0.00000 0.55065
165.00000 75.00000 0.00000 0.56710
170.00000 75.00000 0.00000 0.59019
175.00000 75.00000 0.00000 0.62309
180.00000 75.00000 0.00000 0.64718
185.00000 75.00000 0.00000 0.63620
190.00000 75.00000 0.00000 0.60085
195.00000 75.00000 0.00000 0.57906
200.00000 75.00000 0.00000 0.58725
205.00000 75.00000 0.00000 0.61644
210.00000 75.00000 0.00000 0.65696
215.00000 75.00000 0.00000 0.71830
220.00000 75.00000 0.00000 0.80321
225.00000 75.00000 0.00000 0.85837
230.00000 75.00000 0.00000 0.82562
235.00000 75.00000 0.00000 0.74795
240.00000 75.00000 0.00000 0.69430
245.00000 75.00000 0.00000 0.66301
250.00000 75.00000 0.00000 0.62367
255.00000 75.00000 0.00000 0.56947
260.00000 75.00000 0.00000 0.52459
265.00000 75.00000 0.00000 0.50457
270.00000 75.00000 0.00000 0.49042
275.00000 75.00000 0.00000 0.45939
280.00000 75.00000 0.00000 0.42269
285.00000 75.00000 0.00000 0.40864
290.00000 75.00000 0.00000 0.42676
295.00000 75.00000 0.00000 0.46395
300.00000 75.00000 0.00000 0.50483
305.00000 75.00000 0.00000 0.55411
310.00000 75.00000 0.00000 0.61799
315.00000 75.00000 0.00000 0.65668
320.00000 75.00000 0.00000 0.62390
325.00000 75.00000 0.00000 0.54649
330.00000 75.00000 0.00000 0.48922
335.00000 75.00000 0.00000 0.47556
340.00000 75.00000 0.00000 0.49410
345.00000 75.00000 0.00000 0.53151
350.00000 75.00000 0.00000 0.58467
355.00000 75.00000 0.00000 0.64782
0.00000 80.00000 0.00000 0.52633
5.00000 80.00000 0.00000 0.50921
10.00000 80.00000 0.00000 0.46468
15.00000 80.00000 0.00000 0.42924
20.00000 80.00000 0.00000 0.42104
25.00000 80.00000 0.00000 0.43446
30.00000 80.00000 0.00000 0.45881
35.00000 80.00000 0.00000 0.49330
40.00000 80.00000 0.00000 0.52810
45.00000 80.00000 0.00000 0.54333
50.00000 80.00000 0.00000 0.52985
55.00000 80.00000 0.00000 0.47156
60.00000 80.00000 0.00000 0.41858
65.00000 80.00000 0.00000 0.39440
70.00000 80.00000 0.00000 0.38513
75.00000 80.00000 0.00000 0.38360
80.00000 80.00000 0.00000 0.39638
85.00000 80.00000 0.00000 0.42672
90.00000 80.00000 0.00000 0.45773
95.00000 80.00000 0.00000 0.46593
100.00000 80.00000 0.00000 0.45542
105.00000 80.00000 0.00000 0.45435
110.00000 80.00000 0.00000 0.48012
115.00000 80.00000 0.00000 0.52606
120.00000 80.00000 0.00000 0.57596
125.00000 80.00000 0.00000 0.62915
130.00000 80.00000 0.00000 0.66432
135.00000 80.00000 0.00000 0.65586
140.00000 80.00000 0.00000 0.64614
145.00000 80.00000 0.00000 0.59211
150.00000 80.00000 0.00000 0.53858
155.00000 80.00000 0.00000 0.52957
160.00000 80.00000 0.00000 0.55062
165.00000 80.00000 0.00000 0.58235
170.00000 80.00000 0.00000 0.61964
175.00000 80.00000 0.00000 0.65820
180.00000 80.00000 0.00000 0.67134
185.00000 80.00000 0.00000 0.63829
190.00000 80.00000 0.00000 0.58457
195.00000 80.00000 0.00000 0.55319
200.00000 80.00000 0.00000 0.55555
205.00000 80.00000 0.00000 0.57652
210.00000 80.00000 0.00000 0.60402
215.00000 80.00000 0.00000 0.64756
220.00000 80.00000 0.00000 0.70951
225.00000 80.00000 0.00000 0.73989
230.00000 80.00000 0.00000 0.68853
235.00000 80.00000 0.00000 0.60000
240.00000 80.00000 0.00000 0.54187
245.00000 80.00000 0.00000 0.51624
250.00000 80.00000 0.00000 0.49692
255.00000 80.00000 0.00000 0.47126
260.00000 80.00000 0.00000 0.44748
265.00000 80.00000 0.00000 0.43381
270.00000 80.00000 0.00000 0.42034
275.00000 80.00000 0.00000 0.39598
280.00000 80.00000 0.00000 0.37028
285.00000 80.00000 0.00000 0.36214
290.00000 80.00000 0.00000 0.37786
295.00000 80.00000 0.00000 0.41043
300.00000 80.00000 0.00000 0.45101
305.00000 80.00000 0.00000 0.50317
310.00000 80.00000 0.00000 0.56360
315.00000 80.00000 0.00000 0.59603
320.00000 80.00000 0.00000 0.57463
325.00000 80.00000 0.00000 0.50660
330.00000 80.00000 0.00000 0.44831
335.00000 80.00000 0.00000 0.42638
340.00000 80.00000 0.00000 0.42869
345.00000 80.00000 0.00000 0.44320
350.00000 80.00000 0.00000 0.46904
355.00000 80.00000 0.00000 0.50434
0.00000 85.00000 0.00000 0.39544
5.00000 85.00000 0.00000 0.38332
10.00000 85.00000 0.00000 0.36104
15.00000 85.00000 0.00000 0.35172
20.00000 85.00000 0.00000 0.36539
25.00000 85.00000 0.00000 0.39545
30.00000 85.00000 0.00000 0.43052
35.00000 85.00000 0.00000 0.47092
40.00000 85.00000 0.00000 0.50688
45.00000 85.00000 0.00000 0.51996
50.00000 85.00000 0.00000 0.51103
55.00000 85.00000 0.00000 0.45421
60.00000 85.00000 0.00000 0.40040
65.00000 85.00000 0.00000 0.37761
70.00000 85.00000 0.00000 0.37064
75.00000 85.00000 0.00000 0.37016
80.00000 85.00000 0.00000 0.38083
85.00000 85.00000 0.00000 0.40317
90.00000 85.00000 0.00000 0.41846
95.00000 85.00000 0.00000 0.40854
100.00000 85.00000 0.00000 0.38670
105.00000 85.00000 0.00000 0.38193
110.00000 85.00000 0.00000 0.40551
115.00000 85.00000 0.00000 0.44628
120.00000 85.00000 0.00000 0.48841
125.00000 85.00000 0.00000 0.53607
130.00000 85.00000 0.00000 0.59099
135.00000 85.00000 0.00000 0.61902
140.00000 85.00000 0.00000 0.59162
145.00000 85.00000 0.00000 0.51934
150.00000 85.00000 0.00000 0.46676
155.00000 85.00000 0.00000 0.45531
160.00000 85.00000 0.00000 0.46599
165.00000 85.00000 0.00000 0.48316
170.00000 85.00000 0.00000 0.50620
175.00000 85.00000 0.00000 0.53158
180.00000 85.00000 0.00000 0.53508
185.00000 85.00000 0.00000 0.50170
190.00000 85.00000 0.00000 0.45722
195.00000 85.00000 0.00000 0.43795
200.00000 85.00000 0.00000 0.45159
205.00000 85.00000 0.00000 0.48216
210.00000 85.00000 0.00000 0.51455
215.00000 85.00000 0.00000 0.55674
220.00000 85.00000 0.00000 0.61574
225.00000 85.00000 0.00000 0.64761
230.00000 85.00000 0.00000 0.60175
235.00000 85.00000 0.00000 0.51492
240.00000 85.00000 0.00000 0.45574
245.00000 85.00000 0.00000 0.43333
250.00000 85.00000 0.00000 0.42470
255.00000 85.00000 0.00000 0.41582
260.00000 85.00000 0.00000 0.40926
265.00000 85.00000 0.00000 0.40723
270.00000 85.00000 0.00000 0.39877
275.00000 85.00000 0.00000 0.37612
280.00000 85.00000 0.00000 0.35188
285.00000 85.00000 0.00000 0.34514
290.00000 85.00000 0.00000 0.36201
295.00000 85.00000 0.00000 0.39478
300.00000 85.00000 0.00000 0.43288
305.00000 85.00000 0.00000 0.47909
310.00000 85.00000 0.00000 0.52776
315.00000 85.00000 0.00000 0.54890
320.00000 85.00000 0.00000 0.53102
325.00000 85.00000 0.00000 0.46643
330.00000 85.00000 0.00000 0.40795
335.00000 85.00000 0.00000 0.38169
340.00000 85.00000 0.00000 0.37249
345.00000 85.00000 0.00000 0.36930
350.00000 85.00000 0.00000 0.37406
355.00000 85.00000 0.00000 0.38753
0.00000 90.00000 0.00000 0.40177
5.00000 90.00000 0.00000 0.38220
10.00000 90.00000 0.00000 0.35700
15.00000 90.00000 0.00000 0.35101
20.00000 90.00000 0.00000 0.37178
25.00000 90.00000 0.00000 0.40854
30.00000 90.00000 0.00000 0.44692
35.00000 90.00000 0.00000 0.49143
40.00000 90.00000 0.00000 0.54557
45.00000 90.00000 0.00000 0.57547
50.00000 90.00000 0.00000 0.54641
55.00000 90.00000 0.00000 0.47081
60.00000 90.00000 0.00000 0.41292
65.00000 90.00000 0.00000 0.39105
70.00000 90.00000 0.00000 0.38546
75.00000 90.00000 0.00000 0.38361
80.00000 90.00000 0.00000 0.38832
85.00000 90.00000 0.00000 0.39978
90.00000 90.00000 0.00000 0.40177
95.00000 90.00000 0.00000 0.38220
100.00000 90.00000 0.00000 0.35700
105.00000 90.00000 0.00000 0.35101
110.00000 90.00000 0.00000 0.37178
115.00000 90.00000 0.00000 0.40854
120.00000 90.00000 0.00000 0.44692
125.00000 90.00000 0.00000 0.49143
130.00000 90.00000 0.00000 0.54557
135.00000 90.00000 0.00000 0.57547
140.00000 90.00000 0.00000 0.54641
145.00000 90.00000 0.00000 0.47081
150.00000 90.00000 0.00000 0.41292
155.00000 90.00000 0.00000 0.39105
160.00000 90.00000 0.00000 0.38546
165.00000 90.00000 0.00000 0.38361
170.00000 90.00000 0.00000 0.38832
175.00000 90.00000 0.00000 0.39978
180.00000 90.00000 0.00000 0.40177
185.00000 90.00000 0.00000 0.38220
190.00000 90.00000 0.00000 0.35700
195.00000 90.00000 0.00000 0.35101
200.00000 90.00000 0.00000 0.37178
205.00000 90.00000 0.00000 0.40854
210.00000 90.00000 0.00000 0.44692
215.00000 90.00000 0.00000 0.49143
220.00000 90.00000 0.00000 0.54557
225.00000 90.00000 0.00000 0.57547
230.00000 90.00000 0.00000 0.54641
235.00000 90.00000 0.00000 0.47081
240.00000 90.00000 0.00000 0.41292
245.00000 90.00000 0.00000 0.39105
250.00000 90.00000 0.00000 0.38546
255.00000 90.00000 0.00000 0.38361
260.00000 90.00000 0.00000 0.38832
265.00000 90.00000 0.00000 0.39978
270.00000 90.00000 0.00000 0.40177
275.00000 90.00000 0.00000 0.38220
280.00000 90.00000 0.00000 0.35700
285.00000 90.00000 0.00000 0.35101
290.00000 90.00000 0.00000 0.37178
295.00000 90.00000 0.00000 0.40854
300.00000 90.00000 0.00000 0.44692
305.00000 90.00000 0.00000 0.49143
310.00000 90.00000 0.00000 0.54557
315.00000 90.00000 0.00000 0.57547
320.00000 90.00000 0.00000 0.54641
325.00000 90.00000 0.00000 0.47081
330.00000 90.00000 0.00000 0.41292
335.00000 90.00000 0.00000 0.39105
340.00000 90.00000 0.00000 0.38546
345.00000 90.00000 0.00000 0.38361
350.00000 90.00000 0.00000 0.38832
355.00000 90.00000 0.00000 0.39978
0.00000 0.00000 5.00000 0.38220
5.00000 0.00000 5.00000 0.35700
10.00000 0.00000 5.00000 0.35101
15.00000 0.00000 5.00000 0.37178
20.00000 0.00000 5.00000 0.40854
25.00000 0.00000 5.00000 0.44692
30.00000 0.00000 5.00000 0.49143
35.00000 0.00000 5.00000 0.54557
40.00000 0.00000 5.00000 0.57547
45.00000 0.00000 5.00000 0.54641
50.00000 0.00000 5.00000 0.47081
55.00000 0.00000 5.00000 0.41292
60.00000 0.00000 5.00000 0.39105
65.00000 0.00000 5.00000 0.38546
70.00000 0.00000 5.00000 0.38361
75.00000 0.00000 5.00000 0.38832
80.00000 0.00000 5.00000 0.39978
85.00000 0.00000 5.00000 0.40177
90.00000 0.00000 5.00000 0.38220
95.00000 0.00000 5.00000 0.35700
100.00000 0.00000 5.00000 0.35101
105.00000 0.00000 5.00000 0.37178
110.00000 0.00000 5.00000 0.40854
115.00000 0.00000 5.00000 0.44692
120.00000 0.00000 5.00000 0.49143
125.00000 0.00000 5.00000 0.54557
130.00000 0.00000 5.00000 0.57547
135.00000 0.00000 5.00000 0.54641
140.00000 0.00000 5.00000 0.47081
145.00000 0.00000 5.00000 0.41292
150.00000 0.00000 5.00000 0.39105
155.00000 0.00000 5.00000 0.38546
160.00000 0.00000 5.00000 0.38361
165.00000 0.00000 5.00000 0.38832
170.00000 0.00000 5.00000 0.39978
175.00000 0.00000 5.00000 0.40177
180.00000 0.00000 5.00000 0.38220
185.00000 0.00000 5.00000 0.35700
190.00000 0.00000 5.00000 0.35101
195.00000 0.00000 5.00000 0.37178
200.00000 0.00000 5.00000 0.40854
205.00000 0.00000 5.00000 0.44692
210.00000 0.00000 5.00000 0.49143
215.00000 0.00000 5.00000 0.54557
220.00000 0.00000 5.00000 0.57547
225.00000 0.00000 5.00000 0.54641
230.00000 0.00000 5.00000 0.47081
235.00000 0.00000 5.00000 0.41292
240.00000 0.00000 5.00000 0.39105
245.00000 0.00000 5.00000 0.38546
250.00000 0.00000 5.00000 0.38361
255.00000 0.00000 5.00000 0.38832
260.00000 0.00000 5.00000 0.39978
265.00000 0.00000 5.00000 0.40177
270.00000 0.00000 5.00000 0.38220
275.00000 0.00000 5.00000 0.35700
280.00000 0.00000 5.00000 0.35101
285.00000 0.00000 5.00000 0.37178
290.00000 0.00000 5.00000 0.40854
295.00000 0.00000 5.00000 0.44692
300.00000 0.00000 5.00000 0.49143
305.00000 0.00000 5.00000 0.54557
310.00000 0.00000 5.00000 0.57547
315.00000 0.00000 5.00000 0.54641
320.00000 0.00000 5.00000 0.47081
325.00000 0.00000 5.00000 0.41292
330.00000 0.00000 5.00000 0.39105
335.00000 0.00000 5.00000 0.38546
340.00000 0.00000 5.00000 0.38361
345.00000 0.00000 5.00000 0.38832
350.00000 0.00000 5.00000 0.39978
355.00000 0.00000 5.00000 0.40177
0.00000 5.00000 5.00000 0.50451
5.00000 5.00000 5.00000 0.46169
10.00000 5.00000 5.00000 0.44401
15.00000 5.00000 5.00000 0.45961
20.00000 5.00000 5.00000 0.49210
25.00000 5.00000 5.00000 0.52622
30.00000 5.00000 5.00000 0.57032
35.00000 5.00000 5.00000 0.63158
40.00000 5.00000 5.00000 0.66476
45.00000 5.00000 5.00000 0.61756
50.00000 5.00000 5.00000 0.52810
55.00000 5.00000 5.00000 0.46738
60.00000 5.00000 5.00000 0.44465
65.00000 5.00000 5.00000 0.43612
70.00000 5.00000 5.00000 0.42696
75.00000 5.00000 5.00000 0.41960
80.00000 5.00000 5.00000 0.41628
85.00000 5.00000 5.00000 0.40579
90.00000 5.00000 5.00000 0.38052
95.00000 5.00000 5.00000 0.35383
100.00000 5.00000 5.00000 0.34529
105.00000 5.00000 5.00000 0.36075
110.00000 5.00000 5.00000 0.39206
115.00000 5.00000 5.00000 0.42857
120.00000 5.00000 5.00000 0.47317
125.00000 5.00000 5.00000 0.52167
130.00000 5.00000 5.00000 0.54360
135.00000 5.00000 5.00000 0.52414
140.00000 5.00000 5.00000 0.45977
145.00000 5.00000 5.00000 0.40281
150.00000 5.00000 5.00000 0.37760
155.00000 5.00000 5.00000 0.36909
160.00000 5.00000 5.00000 0.36653
165.00000 5.00000 5.00000 0.37188
170.00000 5.00000 5.00000 0.38584
175.00000 5.00000 5.00000 0.39446
180.00000 5.00000 5.00000 0.38342
185.00000 5.00000 5.00000 0.36246
190.00000 5.00000 5.00000 0.35424
195.00000 5.00000 5.00000 0.36892
200.00000 5.00000 5.00000 0.39995
205.00000 5.00000 5.00000 0.43617
210.00000 5.00000 5.00000 0.47786
215.00000 5.00000 5.00000 0.51389
220.00000 5.00000 5.00000 0.52612
225.00000 5.00000 5.00000 0.51809
230.00000 5.00000 5.00000 0.46062
235.00000 5.00000 5.00000 0.40496
240.00000 5.00000 5.00000 0.38055
245.00000 5.00000 5.00000 0.37203
250.00000 5.00000 5.00000 0.36976
255.00000 5.00000 5.00000 0.37836
260.00000 5.00000 5.00000 0.39847
265.00000 5.00000 5.00000 0.41190
270.00000 5.00000 5.00000 0.40112
275.00000 5.00000 5.00000 0.37904
280.00000 5.00000 5.00000 0.37365
285.00000 5.00000 5.00000 0.39585
290.00000 5.00000 5.00000 0.43509
295.00000 5.00000 5.00000 0.47586
300.00000 5.00000 5.00000 0.52201
305.00000 5.00000 5.00000 0.57499
310.00000 5.00000 5.00000 0.60207
315.00000 5.00000 5.00000 0.57631
320.00000 5.00000 5.00000 0.50697
325.00000 5.00000 5.00000 0.45621
330.00000 5.00000 5.00000 0.44554
335.00000 5.00000 5.00000 0.45677
340.00000 5.00000 5.00000 0.47516
345.00000 5.00000 5.00000 0.50045
350.00000 5.00000 5.00000 0.52885
355.00000 5.00000 5.00000 0.53555
0.00000 10.00000 5.00000 0.64746
5.00000 10.00000 5.00000 0.60060
10.00000 10.00000 5.00000 0.57591
15.00000 10.00000 5.00000 0.58550
20.00000 10.00000 5.00000 0.61372
25.00000 10.00000 5.00000 0.64836
30.00000 10.00000 5.00000 0.69971
35.00000 10.00000 5.00000 0.77061
40.00000 10.00000 5.00000 0.80548
45.00000 10.00000 5.00000 0.74936
50.00000 10.00000 5.00000 0.65150
55.00000 10.00000 5.00000 0.58659
60.00000 10.00000 5.00000 0.55764
65.00000 10.00000 5.00000 0.53551
70.00000 10.00000 5.00000 0.50505
75.00000 10.00000 5.00000 0.47483
80.00000 10.00000 5.00000 0.45425
85.00000 10.00000 5.00000 0.43342
90.00000 10.00000 5.00000 0.40143
95.00000 10.00000 5.00000 0.36885
100.00000 10.00000 5.00000 0.35507
105.00000 10.00000 5.00000 0.36574
110.00000 10.00000 5.00000 0.39325
115.00000 10.00000 5.00000 0.42881
120.00000 10.00000 5.00000 0.47497
125.00000 10.00000 5.00000 0.52964
130.00000 10.00000 5.00000 0.55983
135.00000 10.00000 5.00000 0.53904
140.00000 10.00000 5.00000 0.47681
145.00000 10.00000 5.00000 0.42480
150.00000 10.00000 5.00000 0.40613
155.00000 10.00000 5.00000 0.41068
160.00000 10.00000 5.00000 0.42795
165.00000 10.00000 5.00000 0.45712
170.00000 10.00000 5.00000 0.49608
175.00000 10.00000 5.00000 0.52291
180.00000 10.00000 5.00000 0.51203
185.00000 10.00000 5.00000 0.47362
190.00000 10.00000 5.00000 0.44309
195.00000 10.00000 5.00000 0.43885
200.00000 10.00000 5.00000 0.45598
205.00000 10.00000 5.00000 0.48436
210.00000 10.00000 5.00000 0.52338
215.00000 10.00000 5.00000 0.56257
220.00000 10.00000 5.00000 0.57983
225.00000 10.00000 5.00000 0.56590
230.00000 10.00000 5.00000 0.50175
235.00000 10.00000 5.00000 0.44142
240.00000 10.00000 5.00000 0.41197
245.00000 10.00000 5.00000 0.39834
250.00000 10.00000 5.00000 0.39193
255.00000 10.00000 5.00000 0.39895
260.00000 10.00000 5.00000 0.42214
265.00000 10.00000 5.00000 0.44513
270.00000 10.00000 5.00000 0.44684
275.00000 10.00000 5.00000 0.43217
280.00000 10.00000 5.00000 0.42740
285.00000 10.00000 5.00000 0.44809
290.00000 10.00000 5.00000 0.48793
295.00000 10.00000 5.00000 0.53220
300.00000 10.00000 5.00000 0.57938
305.00000 10.00000 5.00000 0.61033
310.00000 10.00000 5.00000 0.60303
315.00000 10.00000 5.00000 0.59687
320.00000 10.00000 5.00000 0.55107
325.00000 10.00000 5.00000 0.50462
330.00000 10.00000 5.00000 0.49889
335.00000 10.00000 5.00000 0.52263
340.00000 10.00000 5.00000 0.55898
345.00000 10.00000 5.00000 0.60331
350.00000 10.00000 5.00000 0.65034
355.00000 10.00000 5.00000 0.67246
0.00000 15.00000 5.00000 0.65064
5.00000 15.00000 5.00000 0.62852
10.00000 15.00000 5.00000 0.61952
15.00000 15.00000 5.00000 0.64190
20.00000 15.00000 5.00000 0.68687
25.00000 15.00000 5.00000 0.74512
30.00000 15.00000 5.00000 0.82604
35.00000 15.00000 5.00000 0.93226
40.00000 15.00000 5.00000 1.00076
45.00000 15.00000 5.00000 0.96285
50.00000 15.00000 5.00000 0.86891
55.00000 15.00000 5.00000 0.80074
60.00000 15.00000 5.00000 0.75837
65.00000 15.00000 5.00000 0.70747
70.00000 15.00000 5.00000 0.63752
75.00000 15.00000 5.00000 0.57448
80.00000 15.00000 5.00000 0.53776
85.00000 15.00000 5.00000 0.50784
90.00000 15.00000 5.00000 0.46166
95.00000 15.00000 5.00000 0.41182
100.00000 15.00000 5.00000 0.38669
105.00000 15.00000 5.00000 0.39395
110.00000 15.00000 5.00000 0.42099
115.00000 15.00000 5.00000 0.45283
120.00000 15.00000 5.00000 0.49158
125.00000 15.00000 5.00000 0.54292
130.00000 15.00000 5.00000 0.57521
135.00000 15.00000 5.00000 0.54902
140.00000 15.00000 5.00000 0.48651
145.00000 15.00000 5.00000 0.44121
150.00000 15.00000 5.00000 0.43325
155.00000 15.00000 5.00000 0.45543
160.00000 15.00000 5.00000 0.49788
165.00000 15.00000 5.00000 0.55825
170.00000 15.00000 5.00000 0.63026
175.00000 15.00000 5.00000 0.67845
180.00000 15.00000 5.00000 0.66268
185.00000 15.00000 5.00000 0.59938
190.00000 15.00000 5.00000 0.54229
195.00000 15.00000 5.00000 0.51892
200.00000 15.00000 5.00000 0.52354
205.00000 15.00000 5.00000 0.54393
210.00000 15.00000 5.00000 0.58035
215.00000 15.00000 5.00000 0.63454
220.00000 15.00000 5.00000 0.67627
225.00000 15.00000 5.00000 0.65782
230.00000 15.00000 5.00000 0.58557
235.00000 15.00000 5.00000 0.52202
240.00000 15.00000 5.00000 0.49119
245.00000 15.00000 5.00000 0.47706
250.00000 15.00000 5.00000 0.46708
255.00000 15.00000 5.00000 0.46832
260.00000 15.00000 5.00000 0.49009
265.00000 15.00000 5.00000 0.52157
270.00000 15.00000 5.00000 0.53827
275.00000 15.00000 5.00000 0.53622
280.00000 15.00000 5.00000 0.53660
285.00000 15.00000 5.00000 0.55702
290.00000 15.00000 5.00000 0.59400
295.00000 15.00000 5.00000 0.63383
300.00000 15.00000 5.00000 0.67464
305.00000 15.00000 5.00000 0.69289
310.00000 15.00000 5.00000 0.65796
315.00000 15.00000 5.00000 0.62767
320.00000 15.00000 5.00000 0.57034
325.00000 15.00000 5.00000 0.51253
330.00000 15.00000 5.00000 0.49518
335.00000 15.00000 5.00000 0.50800
340.00000 15.00000 5.00000 0.53375
345.00000 15.00000 5.00000 0.56789
350.00000 15.00000 5.00000 0.61186
355.00000 15.00000 5.00000 0.64812
0.00000 20.00000 5.00000 0.54029
5.00000 20.00000 5.00000 0.54530
10.00000 20.00000 5.00000 0.56336
15.00000 20.00000 5.00000 0.61864
20.00000 20.00000 5.00000 0.70794
25.00000 20.00000 5.00000 0.81973
30.00000 20.00000 5.00000 0.96253
35.00000 20.00000 5.00000 1.14555
40.00000 20.00000 5.00000 1.30149
45.00000 20.00000 5.00000 1.32853
50.00000 20.00000 5.00000 1.25680
55.00000 20.00000 5.00000 1.18035
60.00000 20.00000 5.00000 1.10820
65.00000 20.00000 5.00000 1.00499
70.00000 20.00000 5.00000 0.87532
75.00000 20.00000 5.00000 0.77040
80.00000 20.00000 5.00000 0.71393
85.00000 20.00000 5.00000 0.66749
90.00000 20.00000 5.00000 0.59357
95.00000 20.00000 5.00000 0.51149
100.00000 20.00000 5.00000 0.46463
105.00000 20.00000 5.00000 0.46669
110.00000 20.00000 5.00000 0.49467
115.00000 20.00000 5.00000 0.51792
120.00000 20.00000 5.00000 0.53510
125.00000 20.00000 5.00000 0.56101
130.00000 20.00000 5.00000 0.57386
135.00000 20.00000 5.00000 0.53846
140.00000 20.00000 5.00000 0.47648
145.00000 20.00000 5.00000 0.43403
150.00000 20.00000 5.00000 0.42800
155.00000 20.00000 5.00000 0.45231
160.00000 20.00000 5.00000 0.49824
165.00000 20.00000 5.00000 0.56416
170.00000 20.00000 5.00000 0.64433
175.00000 20.00000 5.00000 0.69818
180.00000 20.00000 5.00000 0.68050
185.00000 20.00000 5.00000 0.61398
190.00000 20.00000 5.00000 0.55946
195.00000 20.00000 5.00000 0.54395
200.00000 20.00000 5.00000 0.55790
205.00000 20.00000 5.00000 0.58580
210.00000 20.00000 5.00000 0.62901
215.00000 20.00000 5.00000 0.70087
220.00000 20.00000 5.00000 0.77901
225.00000 20.00000 5.00000 0.79883
230.00000 20.00000 5.00000 0.74802
235.00000 20.00000 5.00000 0.69079
240.00000 20.00000 5.00000 0.66782
245.00000 20.00000 5.00000 0.66220
250.00000 20.00000 5.00000 0.64796
255.00000 20.00000 5.00000 0.63487
260.00000 20.00000 5.00000 0.64912
265.00000 20.00000 5.00000 0.68757
270.00000 20.00000 5.00000 0.72015
275.00000 20.00000 5.00000 0.73395
280.00000 20.00000 5.00000 0.75075
285.00000 20.00000 5.00000 0.78611
290.00000 20.00000 5.00000 0.82586
295.00000 20.00000 5.00000 0.84862
300.00000 20.00000 5.00000 0.86312
305.00000 20.00000 5.00000 0.85820
310.00000 20.00000 5.00000 0.78207
315.00000 20.00000 5.00000 0.68434
320.00000 20.00000 5.00000 0.58240
325.00000 20.00000 5.00000 0.49664
330.00000 20.00000 5.00000 0.45478
335.00000 20.00000 5.00000 0.44300
340.00000 20.00000 5.00000 0.44269
345.00000 20.00000 5.00000 0.45189
350.00000 20.00000 5.00000 0.47904
355.00000 20.00000 5.00000 0.51704
0.00000 25.00000 5.00000 0.46826
5.00000 25.00000 5.00000 0.48490
10.00000 25.00000 5.00000 0.52511
15.00000 25.00000 5.00000 0.61750
20.00000 25.00000 5.00000 0.76172
25.00000 25.00000 5.00000 0.94894
30.00000 25.00000 5.00000 1.18851
35.00000 25.00000 5.00000 1.49390
40.00000 25.00000 5.00000 1.79398
45.00000 25.00000 5.00000 1.93834
50.00000 25.00000 5.00000 1.90861
55.00000 25.00000 5.00000 1.81122
60.00000 25.00000 5.00000 1.68024
65.00000 25.00000 5.00000 1.49501
70.00000 25.00000 5.00000 1.28873
75.00000 25.00000 5.00000 1.13226
80.00000 25.00000 5.00000 1.04287
85.00000 25.00000 5.00000 0.96412
90.00000 25.00000 5.00000 0.84979
95.00000 25.00000 5.00000 0.72624
100.00000 25.00000 5.00000 0.64967
105.00000 25.00000 5.00000 0.63956
110.00000 25.00000 5.00000 0.66433
115.00000 25.00000 5.00000 0.67360
120.00000 25.00000 5.00000 0.65873
125.00000 25.00000 5.00000 0.64283
130.00000 25.00000 5.00000 0.61570
135.00000 25.00000 5.00000 0.55539
140.00000 25.00000 5.00000 0.48282
145.00000 25.00000 5.00000 0.43238
150.00000 25.00000 5.00000 0.41474
155.00000 25.00000 5.00000 0.42338
160.00000 25.00000 5.00000 0.45059
165.00000 25.00000 5.00000 0.49579
170.00000 25.00000 5.00000 0.55691
175.00000 25.00000 5.00000 0.60224
180.00000 25.00000 5.00000 0.59311
185.00000 25.00000 5.00000 0.55082
190.00000 25.00000 5.00000 0.52847
195.00000 25.00000 5.00000 0.54647
200.00000 25.00000 5.00000 0.59340
205.00000 25.00000 5.00000 0.65440
210.00000 25.00000 5.00000 0.73216
215.00000 25.00000 5.00000 0.84643
220.00000 25.00000 5.00000 0.99085
225.00000 25.00000 5.00000 1.09049
230.00000 25.00000 5.00000 1.09243
235.00000 25.00000 5.00000 1.05742
240.00000 25.00000 5.00000 1.05241
245.00000 25.00000 5.00000 1.05744
250.00000 25.00000 5.00000 1.02680
255.00000 25.00000 5.00000 0.98232
260.00000 25.00000 5.00000 0.97898
265.00000 25.00000 5.00000 1.02134
270.00000 25.00000 5.00000 1.06778
275.00000 25.00000 5.00000 1.10022
280.00000 25.00000 5.00000 1.15107
285.00000 25.00000 5.00000 1.23501
290.00000 25.00000 5.00000 1.30316
295.00000 25.00000 5.00000 1.30230
300.00000 25.00000 5.00000 1.25730
305.00000 25.00000 5.00000 1.17865
310.00000 25.00000 5.00000 1.01271
315.00000 25.00000 5.00000 0.82901
320.00000 25.00000 5.00000 0.66076
325.00000 25.00000 5.00000 0.52461
330.00000 25.00000 5.00000 0.44818
335.00000 25.00000 5.00000 0.41244
340.00000 25.00000 5.00000 0.39454
345.00000 25.00000 5.00000 0.39034
350.00000 25.00000 5.00000 0.40768
355.00000 25.00000 5.00000 0.44155
0.00000 30.00000 5.00000 0.50583
5.00000 30.00000 5.00000 0.52574
10.00000 30.00000 5.00000 0.58232
15.00000 30.00000 5.00000 0.70413
20.00000 30.00000 5.00000 0.89577
25.00000 30.00000 5.00000 1.16157
30.00000 30.00000 5.00000 1.51902
35.00000 30.00000 5.00000 1.97399
40.00000 30.00000 5.00000 2.44208
45.00000 30.00000 5.00000 2.74156
50.00000 30.00000 5.00000 2.79603
55.00000 30.00000 5.00000 2.70100
60.00000 30.00000 5.00000 2.51042
65.00000 30.00000 5.00000 2.23776
70.00000 30.00000 5.00000 1.95650
75.00000 30.00000 5.00000 1.74523
80.00000 30.00000 5.00000 1.61074
85.00000 30.00000 5.00000 1.48905
90.00000 30.00000 5.00000 1.33352
95.00000 30.00000 5.00000 1.17363
100.00000 30.00000 5.00000 1.06837
105.00000 30.00000 5.00000 1.03502
110.00000 30.00000 5.00000 1.03633
115.00000 30.00000 5.00000 1.01603
120.00000 30.00000 5.00000 0.96027
125.00000 30.00000 5.00000 0.88806
130.00000 30.00000 5.00000 0.79295
135.00000 30.00000 5.00000 0.67663
140.00000 30.00000 5.00000 0.56806
145.00000 30.00000 5.00000 0.49033
150.00000 30.00000 5.00000 0.44835
155.00000 30.00000 5.00000 0.43646
160.00000 30.00000 5.00000 0.44651
165.00000 30.00000 5.00000 0.47497
170.00000 30.00000 5.00000 0.51993
175.00000 30.00000 5.00000 0.56006
180.00000 30.00000 5.00000 0.56647
185.00000 30.00000 5.00000 0.55518
190.00000 30.00000 5.00000 0.56832
195.00000 30.00000 5.00000 0.62133
200.00000 30.00000 5.00000 0.70770
205.00000 30.00000 5.00000 0.82377
210.00000 30.00000 5.00000 0.97374
215.00000 30.00000 5.00000 1.17437
220.00000 30.00000 5.00000 1.42533
225.00000 30.00000 5.00000 1.64664
230.00000 30.00000 5.00000 1.75011
235.00000 30.00000 5.00000 1.77731
240.00000 30.00000 5.00000 1.80483
245.00000 30.00000 5.00000 1.80751
250.00000 30.00000 5.00000 1.73902
255.00000 30.00000 5.00000 1.65101
260.00000 30.00000 5.00000 1.62698
265.00000 30.00000 5.00000 1.66820
270.00000 30.00000 5.00000 1.72036
275.00000 30.00000 5.00000 1.77358
280.00000 30.00000 5.00000 1.87898
285.00000 30.00000 5.00000 2.04585
290.00000 30.00000 5.00000 2.17234
295.00000 30.00000 5.00000 2.14806
300.00000 30.00000 5.00000 1.99802
305.00000 30.00000 5.00000 1.75461
310.00000 30.00000 5.00000 1.41556
315.00000 30.00000 5.00000 1.12492
320.00000 30.00000 5.00000 0.87248
325.00000 30.00000 5.00000 0.65338
330.00000 30.00000 5.00000 0.52101
335.00000 30.00000 5.00000 0.45821
340.00000 30.00000 5.00000 0.43253
345.00000 30.00000 5.00000 0.43057
350.00000 30.00000 5.00000 0.45057
355.00000 30.00000 5.00000 0.48267
0.00000 35.00000 5.00000 0.64779
5.00000 35.00000 5.00000 0.66688
10.00000 35.00000 5.00000 0.72989
15.00000 35.00000 5.00000 0.85776
20.00000 35.00000 5.00000 1.06315
25.00000 35.00000 5.00000 1.37289
30.00000 35.00000 5.00000 1.81995
35.00000 35.00000 5.00000 2.36802
40.00000 35.00000 5.00000 2.91617
45.00000 35.00000 5.00000 3.38688
50.00000 35.00000 5.00000 3.62944
55.00000 35.00000 5.00000 3.65102
60.00000 35.00000 5.00000 3.49504
65.00000 35.00000 5.00000 3.20809
70.00000 35.00000 5.00000 2.91102
75.00000 35.00000 5.00000 2.68948
80.00000 35.00000 5.00000 2.53734
85.00000 35.00000 5.00000 2.39013
90.00000 35.00000 5.00000 2.20899
95.00000 35.00000 5.00000 2.03017
100.00000 35.00000 5.00000 1.90789
105.00000 35.00000 5.00000 1.84039
110.00000 35.00000 5.00000 1.77844
115.00000 35.00000 5.00000 1.68891
120.00000 35.00000 5.00000 1.57401
125.00000 35.00000 5.00000 1.42481
130.00000 35.00000 5.00000 1.21319
135.00000 35.00000 5.00000 0.98691
140.00000 35.00000 5.00000 0.79824
145.00000 35.00000 5.00000 0.65918
150.00000 35.00000 5.00000 0.57319
155.00000 35.00000 5.00000 0.53724
160.00000 35.00000 5.00000 0.54256
165.00000 35.00000 5.00000 0.57565
170.00000 35.00000 5.00000 0.62288
175.00000 35.00000 5.00000 0.66476
180.00000 35.00000 5.00000 0.68304
185.00000 35.00000 5.00000 0.69432
190.00000 35.00000 5.00000 0.73153
195.00000 35.00000 5.00000 0.80517
200.00000 35.00000 5.00000 0.92190
205.00000 35.00000 5.00000 1.10652
210.00000 35.00000 5.00000 1.37374
215.00000 35.00000 5.00000 1.70496
220.00000 35.00000 5.00000 2.10156
225.00000 35.00000 5.00000 2.49617
230.00000 35.00000 5.00000 2.76660
235.00000 35.00000 5.00000 2.92301
240.00000 35.00000 5.00000 3.00779
245.00000 35.00000 5.00000 2.99822
250.00000 35.00000 5.00000 2.89335
255.00000 35.00000 5.00000 2.78605
260.00000 35.00000 5.00000 2.76083
265.00000 35.00000 5.00000 2.79106
270.00000 35.00000 5.00000 2.82306
275.00000 35.00000 5.00000 2.88416
280.00000 35.00000 5.00000 3.04933
285.00000 35.00000 5.00000 3.29559
290.00000 35.00000 5.00000 3.46384
295.00000 35.00000 5.00000 3.40765
300.00000 35.00000 5.00000 3.12940
305.00000 35.00000 5.00000 2.66330
310.00000 35.00000 5.00000 2.11140
315.00000 35.00000 5.00000 1.64770
320.00000 35.00000 5.00000 1.24545
325.00000 35.00000 5.00000 0.90459
330.00000 35.00000 5.00000 0.69031
335.00000 35.00000 5.00000 0.58720
340.00000 35.00000 5.00000 0.55733
345.00000 35.00000 5.00000 0.57041
350.00000 35.00000 5.00000 0.60256
355.00000 35.00000 5.00000 0.63287
0.00000 40.00000 5.00000 0.82434
5.00000 40.00000 5.00000 0.83702
10.00000 40.00000 5.00000 0.88927
15.00000 40.00000 5.00000 0.98790
20.00000 40.00000 5.00000 1.15682
25.00000 40.00000 5.00000 1.43676
30.00000 40.00000 5.00000 1.87819
35.00000 40.00000 5.00000 2.35351
40.00000 40.00000 5.00000 2.75261
45.00000 40.00000 5.00000 3.37450
50.00000 40.00000 5.00000 3.91700
55.00000 40.00000 5.00000 4.17593
60.00000 40.00000 5.00000 4.18966
65.00000 40.00000 5.00000 4.02668
70.00000 40.00000 5.00000 3.83737
75.00000 40.00000 5.00000 3.71905
80.00000 40.00000 5.00000 3.64244
85.00000 40.00000 5.00000 3.53476
90.00000 40.00000 5.00000 3.37409
95.00000 40.00000 5.00000 3.21329
100.00000 40.00000 5.00000 3.11435
105.00000 40.00000 5.00000 3.03989
110.00000 40.00000 5.00000 2.91091
115.00000 40.00000 5.00000 2.73611
120.00000 40.00000 5.00000 2.55110
125.00000 40.00000 5.00000 2.30128
130.00000 40.00000 5.00000 1.90798
135.00000 40.00000 5.00000 1.51038
140.00000 40.00000 5.00000 1.19447
145.00000 40.00000 5.00000 0.94704
150.00000 40.00000 5.00000 0.78208
155.00000 40.00000 5.00000 0.70733
160.00000 40.00000 5.00000 0.70909
165.00000 40.00000 5.00000 0.75681
170.00000 40.00000 5.00000 0.81397
175.00000 40.00000 5.00000 0.85236
180.00000 40.00000 5.00000 0.86671
185.00000 40.00000 5.00000 0.88332
190.00000 40.00000 5.00000 0.92925
195.00000 40.00000 5.00000 1.00957
200.00000 40.00000 5.00000 1.14128
205.00000 40.00000 5.00000 1.39668
210.00000 40.00000 5.00000 1.80766
215.00000 40.00000 5.00000 2.25871
220.00000 40.00000 5.00000 2.78309
225.00000 40.00000 5.00000 3.40839
230.00000 40.00000 5.00000 3.89459
235.00000 40.00000 5.00000 4.16890
240.00000 40.00000 5.00000 4.29848
245.00000 40.00000 5.00000 4.28210
250.00000 40.00000 5.00000 4.17838
255.00000 40.00000 5.00000 4.10134
260.00000 40.00000 5.00000 4.09953
265.00000 40.00000 5.00000 4.10754
270.00000 40.00000 5.00000 4.09079
275.00000 40.00000 5.00000 4.12811
280.00000 40.00000 5.00000 4.31897
285.00000 40.00000 5.00000 4.59136
290.00000 40.00000 5.00000 4.74927
295.00000 40.00000 5.00000 4.67939
300.00000 40.00000 5.00000 4.35289
305.00000 40.00000 5.00000 3.68512
310.00000 40.00000 5.00000 2.90807
315.00000 40.00000 5.00000 2.24590
320.00000 40.00000 5.00000 1.69794
325.00000 40.00000 5.00000 1.23758
330.00000 40.00000 5.00000 0.93438
335.00000 40.00000 5.00000 0.77912
340.00000 40.00000 5.00000 0.73607
345.00000 40.00000 5.00000 0.76154
350.00000 40.00000 5.00000 0.80169
355.00000 40.00000 5.00000 0.82314
0.00000 45.00000 5.00000 0.89860
5.00000 45.00000 5.00000 0.89375
10.00000 45.00000 5.00000 0.91299
15.00000 45.00000 5.00000 0.95205
20.00000 45.00000 5.00000 1.04090
25.00000 45.00000 5.00000 1.22190
30.00000 45.00000 5.00000 1.54764
35.00000 45.00000 5.00000 1.88701
40.00000 45.00000 5.00000 2.13996
45.00000 45.00000 5.00000 2.70356
50.00000 45.00000 5.00000 3.33934
55.00000 45.00000 5.00000 3.75486
60.00000 45.00000 5.00000 3.93648
65.00000 45.00000 5.00000 3.96316
70.00000 45.00000 5.00000 3.95718
75.00000 45.00000 5.00000 4.00969
80.00000 45.00000 5.00000 4.08232
85.00000 45.00000 5.00000 4.09391
90.00000 45.00000 5.00000 4.03262
95.00000 45.00000 5.00000 3.97040
100.00000 45.00000 5.00000 3.98122
105.00000 45.00000 5.00000 4.00574
110.00000 45.00000 5.00000 3.93234
115.00000 45.00000 5.00000 3.77179
120.00000 45.00000 5.00000 3.55383
125.00000 45.00000 5.00000 3.21106
130.00000 45.00000 5.00000 2.66936
135.00000 45.00000 5.00000 2.10130
140.00000 45.00000 5.00000 1.65207
145.00000 45.00000 5.00000 1.27021
150.00000 45.00000 5.00000 0.99132
155.00000 45.00000 5.00000 0.85775
160.00000 45.00000 5.00000 0.83503
165.00000 45.00000 5.00000 0.87364
170.00000 45.00000 5.00000 0.92154
175.00000 45.00000 5.00000 0.94048
180.00000 45.00000 5.00000 0.93281
185.00000 45.00000 5.00000 0.93296
190.00000 45.00000 5.00000 0.96810
195.00000 45.00000 5.00000 1.04034
200.00000 45.00000 5.00000 1.16815
205.00000 45.00000 5.00000 1.44654
210.00000 45.00000 5.00000 1.92745
215.00000 45.00000 5.00000 2.44833
220.00000 45.00000 5.00000 3.01603
225.00000 45.00000 5.00000 3.83738
230.00000 45.00000 5.00000 4.48427
235.00000 45.00000 5.00000 4.68842
240.00000 45.00000 5.00000 4.74411
245.00000 45.00000 5.00000 4.69781
250.00000 45.00000 5.00000 4.61187
255.00000 45.00000 5.00000 4.56601
260.00000 45.00000 5.00000 4.57545
265.00000 45.00000 5.00000 4.56508
270.00000 45.00000 5.00000 4.52074
275.00000 45.00000 5.00000 4.53625
280.00000 45.00000 5.00000 4.71090
285.00000 45.00000 5.00000 4.95657
290.00000 45.00000 5.00000 5.09729
295.00000 45.00000 5.00000 5.06386
300.00000 45.00000 5.00000 4.81387
305.00000 45.00000 5.00000 4.16688
310.00000 45.00000 5.00000 3.28977
315.00000 45.00000 5.00000 2.53461
320.00000 45.00000 5.00000 2.02491
325.00000 45.00000 5.00000 1.52925
330.00000 45.00000 5.00000 1.16753
335.00000 45.00000 5.00000 0.96240
340.00000 45.00000 5.00000 0.88362
345.00000 45.00000 5.00000 0.89055
350.00000 45.00000 5.00000 0.91307
355.00000 45.00000 5.00000 0.91500
0.00000 50.00000 5.00000 0.80526
5.00000 50.00000 5.00000 0.77500
10.00000 50.00000 5.00000 0.75473
15.00000 50.00000 5.00000 0.74111
20.00000 50.00000 5.00000 0.75736
25.00000 50.00000 5.00000 0.83780
30.00000 50.00000 5.00000 1.01160
35.00000 50.00000 5.00000 1.23564
40.00000 50.00000 5.00000 1.46259
45.00000 50.00000 5.00000 1.81029
50.00000 50.00000 5.00000 2.23792
55.00000 50.00000 5.00000 2.59170
60.00000 50.00000 5.00000 2.82214
65.00000 50.00000 5.00000 2.97480
70.00000 50.00000 5.00000 3.09966
75.00000 50.00000 5.00000 3.25369
80.00000 50.00000 5.00000 3.42815
85.00000 50.00000 5.00000 3.56509
90.00000 50.00000 5.00000 3.64473
95.00000 50.00000 5.00000 3.72798
100.00000 50.00000 5.00000 3.88823
105.00000 50.00000 5.00000 4.08749
110.00000 50.00000 5.00000 4.22460
115.00000 50.00000 5.00000 4.23735
120.00000 50.00000 5.00000 4.08999
125.00000 50.00000 5.00000 3.75258
130.00000 50.00000 5.00000 3.14485
135.00000 50.00000 5.00000 2.43474
140.00000 50.00000 5.00000 1.94433
145.00000 50.00000 5.00000 1.48238
150.00000 50.00000 5.00000 1.10701
155.00000 50.00000 5.00000 0.91366
160.00000 50.00000 5.00000 0.84791
165.00000 50.00000 5.00000 0.84640
170.00000 50.00000 5.00000 0.85907
175.00000 50.00000 5.00000 0.85165
180.00000 50.00000 5.00000 0.82149
185.00000 50.00000 5.00000 0.79734
190.00000 50.00000 5.00000 0.80712
195.00000 50.00000 5.00000 0.85622
200.00000 50.00000 5.00000 0.96146
205.00000 50.00000 5.00000 1.18699
210.00000 50.00000 5.00000 1.59124
215.00000 50.00000 5.00000 2.10402
220.00000 50.00000 5.00000 2.65607
225.00000 50.00000 5.00000 3.37832
230.00000 50.00000 5.00000 3.89620
235.00000 50.00000 5.00000 3.96777
240.00000 50.00000 5.00000 3.93832
245.00000 50.00000 5.00000 3.87899
250.00000 50.00000 5.00000 3.81284
255.00000 50.00000 5.00000 3.77500
260.00000 50.00000 5.00000 3.77935
265.00000 50.00000 5.00000 3.77900
270.00000 50.00000 5.00000 3.75911
275.00000 50.00000 5.00000 3.78452
280.00000 50.00000 5.00000 3.93046
285.00000 50.00000 5.00000 4.14119
290.00000 50.00000 5.00000 4.30870
295.00000 50.00000 5.00000 4.36539
300.00000 50.00000 5.00000 4.25413
305.00000 50.00000 5.00000 3.87472
310.00000 50.00000 5.00000 3.20036
315.00000 50.00000 5.00000 2.51369
320.00000 50.00000 5.00000 2.06497
325.00000 50.00000 5.00000 1.60445
330.00000 50.00000 5.00000 1.24068
335.00000 50.00000 5.00000 1.01656
340.00000 50.00000 5.00000 0.90671
345.00000 50.00000 5.00000 0.87234
350.00000 50.00000 5.00000 0.85859
355.00000 50.00000 5.00000 0.83827
0.00000 55.00000 5.00000 0.62355
5.00000 55.00000 5.00000 0.57571
10.00000 55.00000 5.00000 0.53585
15.00000 55.00000 5.00000 0.50893
20.00000 55.00000 5.00000 0.50352
25.00000 55.00000 5.00000 0.53200
30.00000 55.00000 5.00000 0.60302
35.00000 55.00000 5.00000 0.71388
40.00000 55.00000 5.00000 0.85698
45.00000 55.00000 5.00000 1.04154
50.00000 55.00000 5.00000 1.24995
55.00000 55.00000 5.00000 1.44009
60.00000 55.00000 5.00000 1.61127
65.00000 55.00000 5.00000 1.77375
70.00000 55.00000 5.00000 1.91564
75.00000 55.00000 5.00000 2.05685
80.00000 55.00000 5.00000 2.22847
85.00000 55.00000 5.00000 2.41957
90.00000 55.00000 5.00000 2.60057
95.00000 55.00000 5.00000 2.78411
100.00000 55.00000 5.00000 3.02474
105.00000 55.00000 5.00000 3.34060
110.00000 55.00000 5.00000 3.67740
115.00000 55.00000 5.00000 3.89764
120.00000 55.00000 5.00000 3.90754
125.00000 55.00000 5.00000 3.69962
130.00000 55.00000 5.00000 3.09921
135.00000 55.00000 5.00000 2.35147
140.00000 55.00000 5.00000 1.94893
145.00000 55.00000 5.00000 1.49775
150.00000 55.00000 5.00000 1.09420
155.00000 55.00000 5.00000 0.86974
160.00000 55.00000 5.00000 0.76194
165.00000 55.00000 5.00000 0.70815
170.00000 55.00000 5.00000 0.67855
175.00000 55.00000 5.00000 0.65399
180.00000 55.00000 5.00000 0.61894
185.00000 55.00000 5.00000 0.58411
190.00000 55.00000 5.00000 0.57589
195.00000 55.00000 5.00000 0.60492
200.00000 55.00000 5.00000 0.67788
205.00000 55.00000 5.00000 0.82059
210.00000 55.00000 5.00000 1.07426
215.00000 55.00000 5.00000 1.44144
220.00000 55.00000 5.00000 1.86556
225.00000 55.00000 5.00000 2.28474
230.00000 55.00000 5.00000 2.52981
235.00000 55.00000 5.00000 2.55769
240.00000 55.00000 5.00000 2.52639
245.00000 55.00000 5.00000 2.48255
250.00000 55.00000 5.00000 2.43066
255.00000 55.00000 5.00000 2.39819
260.00000 55.00000 5.00000 2.40748
265.00000 55.00000 5.00000 2.43944
270.00000 55.00000 5.00000 2.46526
275.00000 55.00000 5.00000 2.50645
280.00000 55.00000 5.00000 2.61373
285.00000 55.00000 5.00000 2.79183
290.00000 55.00000 5.00000 3.00780
295.00000 55.00000 5.00000 3.17871
300.00000 55.00000 5.00000 3.21111
305.00000 55.00000 5.00000 3.07091
310.00000 55.00000 5.00000 2.72921
315.00000 55.00000 5.00000 2.26474
320.00000 55.00000 5.00000 1.83119
325.00000 55.00000 5.00000 1.42634
330.00000 55.00000 5.00000 1.11399
335.00000 55.00000 5.00000 0.91489
340.00000 55.00000 5.00000 0.80032
345.00000 55.00000 5.00000 0.73469
350.00000 55.00000 5.00000 0.69535
355.00000 55.00000 5.00000 0.66470
0.00000 60.00000 5.00000 0.52265
5.00000 60.00000 5.00000 0.46347
10.00000 60.00000 5.00000 0.41299
15.00000 60.00000 5.00000 0.38455
20.00000 60.00000 5.00000 0.37723
25.00000 60.00000 5.00000 0.38681
30.00000 60.00000 5.00000 0.41279
35.00000 60.00000 5.00000 0.45883
40.00000 60.00000 5.00000 0.53130
45.00000 60.00000 5.00000 0.62421
50.00000 60.00000 5.00000 0.70900
55.00000 60.00000 5.00000 0.77960
60.00000 60.00000 5.00000 0.86664
65.00000 60.00000 5.00000 0.97694
70.00000 60.00000 5.00000 1.07835
75.00000 60.00000 5.00000 1.17061
80.00000 60.00000 5.00000 1.29986
85.00000 60.00000 5.00000 1.48690
90.00000 60.00000 5.00000 1.69808
95.00000 60.00000 5.00000 1.90194
100.00000 60.00000 5.00000 2.12699
105.00000 60.00000 5.00000 2.42893
110.00000 60.00000 5.00000 2.78758
115.00000 60.00000 5.00000 3.06664
120.00000 60.00000 5.00000 3.18335
125.00000 60.00000 5.00000 3.14631
130.00000 60.00000 5.00000 2.75821
135.00000 60.00000 5.00000 2.17846
140.00000 60.00000 5.00000 1.80756
145.00000 60.00000 5.00000 1.37793
150.00000 60.00000 5.00000 1.00978
155.00000 60.00000 5.00000 0.79248
160.00000 60.00000 5.00000 0.66191
165.00000 60.00000 5.00000 0.57210
170.00000 60.00000 5.00000 0.51791
175.00000 60.00000 5.00000 0.49071
180.00000 60.00000 5.00000 0.46478
185.00000 60.00000 5.00000 0.43406
190.00000 60.00000 5.00000 0.41931
195.00000 60.00000 5.00000 0.43423
200.00000 60.00000 5.00000 0.47823
205.00000 60.00000 5.00000 0.55554
210.00000 60.00000 5.00000 0.68491
215.00000 60.00000 5.00000 0.88258
220.00000 60.00000 5.00000 1.13268
225.00000 60.00000 5.00000 1.35546
230.00000 60.00000 5.00000 1.46052
235.00000 60.00000 5.00000 1.46714
240.00000 60.00000 5.00000 1.44918
245.00000 60.00000 5.00000 1.41879
250.00000 60.00000 5.00000 1.37556
255.00000 60.00000 5.00000 1.35050
260.00000 60.00000 5.00000 1.37330
265.00000 60.00000 5.00000 1.43345
270.00000 60.00000 5.00000 1.48980
275.00000 60.00000 5.00000 1.52902
280.00000 60.00000 5.00000 1.58857
285.00000 60.00000 5.00000 1.71862
290.00000 60.00000 5.00000 1.92622
295.00000 60.00000 5.00000 2.12337
300.00000 60.00000 5.00000 2.20991
305.00000 60.00000 5.00000 2.18640
310.00000 60.00000 5.00000 2.06847
315.00000 60.00000 5.00000 1.82622
320.00000 60.00000 5.00000 1.50249
325.00000 60.00000 5.00000 1.18568
330.00000 60.00000 5.00000 0.94510
335.00000 60.00000 5.00000 0.79206
340.00000 60.00000 5.00000 0.69417
345.00000 60.00000 5.00000 0.62723
350.00000 60.00000 5.00000 0.58937
355.00000 60.00000 5.00000 0.56488
0.00000 65.00000 5.00000 0.56295
5.00000 65.00000 5.00000 0.48692
10.00000 65.00000 5.00000 0.41307
15.00000 65.00000 5.00000 0.36793
20.00000 65.00000 5.00000 0.35062
25.00000 65.00000 5.00000 0.34890
30.00000 65.00000 5.00000 0.35664
35.00000 65.00000 5.00000 0.37679
40.00000 65.00000 5.00000 0.41434
45.00000 65.00000 5.00000 0.45814
50.00000 65.00000 5.00000 0.48351
55.00000 65.00000 5.00000 0.49562
60.00000 65.00000 5.00000 0.52819
65.00000 65.00000 5.00000 0.58606
70.00000 65.00000 5.00000 0.64362
75.00000 65.00000 5.00000 0.69893
80.00000 65.00000 5.00000 0.79175
85.00000 65.00000 5.00000 0.95011
90.00000 65.00000 5.00000 1.14389
95.00000 65.00000 5.00000 1.32208
100.00000 65.00000 5.00000 1.49250
105.00000 65.00000 5.00000 1.70706
110.00000 65.00000 5.00000 1.96319
115.00000 65.00000 5.00000 2.18497
120.00000 65.00000 5.00000 2.33130
125.00000 65.00000 5.00000 2.41230
130.00000 65.00000 5.00000 2.27203
135.00000 65.00000 5.00000 1.91222
140.00000 65.00000 5.00000 1.57898
145.00000 65.00000 5.00000 1.21441
150.00000 65.00000 5.00000 0.92179
155.00000 65.00000 5.00000 0.73997
160.00000 65.00000 5.00000 0.61439
165.00000 65.00000 5.00000 0.51866
170.00000 65.00000 5.00000 0.46146
175.00000 65.00000 5.00000 0.43949
180.00000 65.00000 5.00000 0.42344
185.00000 65.00000 5.00000 0.39718
190.00000 65.00000 5.00000 0.37624
195.00000 65.00000 5.00000 0.37730
200.00000 65.00000 5.00000 0.39986
205.00000 65.00000 5.00000 0.43861
210.00000 65.00000 5.00000 0.49815
215.00000 65.00000 5.00000 0.59238
220.00000 65.00000 5.00000 0.71967
225.00000 65.00000 5.00000 0.82947
230.00000 65.00000 5.00000 0.86667
235.00000 65.00000 5.00000 0.85920
240.00000 65.00000 5.00000 0.85225
245.00000 65.00000 5.00000 0.83734
250.00000 65.00000 5.00000 0.80545
255.00000 65.00000 5.00000 0.78519
260.00000 65.00000 5.00000 0.80983
265.00000 65.00000 5.00000 0.87599
270.00000 65.00000 5.00000 0.94123
275.00000 65.00000 5.00000 0.97315
280.00000 65.00000 5.00000 1.00083
285.00000 65.00000 5.00000 1.08711
290.00000 65.00000 5.00000 1.24723
295.00000 65.00000 5.00000 1.40887
300.00000 65.00000 5.00000 1.49719
305.00000 65.00000 5.00000 1.53614
310.00000 65.00000 5.00000 1.54620
315.00000 65.00000 5.00000 1.44865
320.00000 65.00000 5.00000 1.24332
325.00000 65.00000 5.00000 1.01119
330.00000 65.00000 5.00000 0.83502
335.00000 65.00000 5.00000 0.73325
340.00000 65.00000 5.00000 0.67037
345.00000 65.00000 5.00000 0.62789
350.00000 65.00000 5.00000 0.61158
355.00000 65.00000 5.00000 0.60358
0.00000 70.00000 5.00000 0.66447
5.00000 70.00000 5.00000 0.57359
10.00000 70.00000 5.00000 0.46983
15.00000 70.00000 5.00000 0.39817
20.00000 70.00000 5.00000 0.36466
25.00000 70.00000 5.00000 0.35361
30.00000 70.00000 5.00000 0.35406
35.00000 70.00000 5.00000 0.36602
40.00000 70.00000 5.00000 0.38951
45.00000 70.00000 5.00000 0.40897
50.00000 70.00000 5.00000 0.40533
55.00000 70.00000 5.00000 0.39097
60.00000 70.00000 5.00000 0.39441
65.00000 70.00000 5.00000 0.41734
70.00000 70.00000 5.00000 0.44515
75.00000 70.00000 5.00000 0.47936
80.00000 70.00000 5.00000 0.54796
85.00000 70.00000 5.00000 0.67289
90.00000 70.00000 5.00000 0.82916
95.00000 70.00000 5.00000 0.96624
100.00000 70.00000 5.00000 1.07977
105.00000 70.00000 5.00000 1.20663
110.00000 70.00000 5.00000 1.36080
115.00000 70.00000 5.00000 1.52026
120.00000 70.00000 5.00000 1.66489
125.00000 70.00000 5.00000 1.79059
130.00000 70.00000 5.00000 1.76629
135.00000 70.00000 5.00000 1.55696
140.00000 70.00000 5.00000 1.35432
145.00000 70.00000 5.00000 1.10257
150.00000 70.00000 5.00000 0.88810
155.00000 70.00000 5.00000 0.75301
160.00000 70.00000 5.00000 0.65626
165.00000 70.00000 5.00000 0.57674
170.00000 70.00000 5.00000 0.52737
175.00000 70.00000 5.00000 0.50959
180.00000 70.00000 5.00000 0.49461
185.00000 70.00000 5.00000 0.46065
190.00000 70.00000 5.00000 0.42196
195.00000 70.00000 5.00000 0.40168
200.00000 70.00000 5.00000 0.40320
205.00000 70.00000 5.00000 0.41739
210.00000 70.00000 5.00000 0.44196
215.00000 70.00000 5.00000 0.48573
220.00000 70.00000 5.00000 0.54802
225.00000 70.00000 5.00000 0.59336
230.00000 70.00000 5.00000 0.59045
235.00000 70.00000 5.00000 0.56766
240.00000 70.00000 5.00000 0.55783
245.00000 70.00000 5.00000 0.54929
250.00000 70.00000 5.00000 0.52944
255.00000 70.00000 5.00000 0.51417
260.00000 70.00000 5.00000 0.53121
265.00000 70.00000 5.00000 0.58500
270.00000 70.00000 5.00000 0.64251
275.00000 70.00000 5.00000 0.67048
280.00000 70.00000 5.00000 0.68907
285.00000 70.00000 5.00000 0.74967
290.00000 70.00000 5.00000 0.86356
295.00000 70.00000 5.00000 0.98538
300.00000 70.00000 5.00000 1.07558
305.00000 70.00000 5.00000 1.16345
310.00000 70.00000 5.00000 1.25689
315.00000 70.00000 5.00000 1.25778
320.00000 70.00000 5.00000 1.12422
325.00000 70.00000 5.00000 0.93560
330.00000 70.00000 5.00000 0.79782
335.00000 70.00000 5.00000 0.73199
340.00000 70.00000 5.00000 0.70089
345.00000 70.00000 5.00000 0.68474
350.00000 70.00000 5.00000 0.68922
355.00000 70.00000 5.00000 0.69847
0.00000 75.00000 5.00000 0.66743
5.00000 75.00000 5.00000 0.58515
10.00000 75.00000 5.00000 0.48071
15.00000 75.00000 5.00000 0.40489
20.00000 75.00000 5.00000 0.36925
25.00000 75.00000 5.00000 0.35891
30.00000 75.00000 5.00000 0.36169
35.00000 75.00000 5.00000 0.37534
40.00000 75.00000 5.00000 0.39610
45.00000 75.00000 5.00000 0.40627
50.00000 75.00000 5.00000 0.39021
55.00000 75.00000 5.00000 0.36239
60.00000 75.00000 5.00000 0.34963
65.00000 75.00000 5.00000 0.35446
70.00000 75.00000 5.00000 0.36832
75.00000 75.00000 5.00000 0.39415
80.00000 75.00000 5.00000 0.44944
85.00000 75.00000 5.00000 0.54603
90.00000 75.00000 5.00000 0.66017
95.00000 75.00000 5.00000 0.74949
100.00000 75.00000 5.00000 0.81018
105.00000 75.00000 5.00000 0.87702
110.00000 75.00000 5.00000 0.97502
115.00000 75.00000 5.00000 1.09733
120.00000 75.00000 5.00000 1.22655
125.00000 75.00000 5.00000 1.35764
130.00000 75.00000 5.00000 1.39297
135.00000 75.00000 5.00000 1.28911
140.00000 75.00000 5.00000 1.19519
145.00000 75.00000 5.00000 1.03304
150.00000 75.00000 5.00000 0.88203
155.00000 75.00000 5.00000 0.79768
160.00000 75.00000 5.00000 0.74457
165.00000 75.00000 5.00000 0.69715
170.00000 75.00000 5.00000 0.66235
175.00000 75.00000 5.00000 0.64413
180.00000 75.00000 5.00000 0.61677
185.00000 75.00000 5.00000 0.56027
190.00000 75.00000 5.00000 0.49325
195.00000 75.00000 5.00000 0.44708
200.00000 75.00000 5.00000 0.42854
205.00000 75.00000 5.00000 0.42655
210.00000 75.00000 5.00000 0.43445
215.00000 75.00000 5.00000 0.45682
220.00000 75.00000 5.00000 0.49096
225.00000 75.00000 5.00000 0.50696
230.00000 75.00000 5.00000 0.48227
235.00000 75.00000 5.00000 0.44483
240.00000 75.00000 5.00000 0.42448
245.00000 75.00000 5.00000 0.41486
250.00000 75.00000 5.00000 0.40424
255.00000 75.00000 5.00000 0.39660
260.00000 75.00000 5.00000 0.40833
265.00000 75.00000 5.00000 0.44492
270.00000 75.00000 5.00000 0.48649
275.00000 75.00000 5.00000 0.50996
280.00000 75.00000 5.00000 0.52697
285.00000 75.00000 5.00000 0.57036
290.00000 75.00000 5.00000 0.64813
295.00000 75.00000 5.00000 0.73881
300.00000 75.00000 5.00000 0.82845
305.00000 75.00000 5.00000 0.94006
310.00000 75.00000 5.00000 1.06962
315.00000 75.00000 5.00000 1.12414
320.00000 75.00000 5.00000 1.03453
325.00000 75.00000 5.00000 0.87160
330.00000 75.00000 5.00000 0.75157
335.00000 75.00000 5.00000 0.69784
340.00000 75.00000 5.00000 0.67716
345.00000 75.00000 5.00000 0.66860
350.00000 75.00000 5.00000 0.67603
355.00000 75.00000 5.00000 0.68998
0.00000 80.00000 5.00000 0.53303
5.00000 80.00000 5.00000 0.48115
10.00000 80.00000 5.00000 0.41309
15.00000 80.00000 5.00000 0.36593
20.00000 80.00000 5.00000 0.34947
25.00000 80.00000 5.00000 0.35305
30.00000 80.00000 5.00000 0.36634
35.00000 80.00000 5.00000 0.38760
40.00000 80.00000 5.00000 0.41060
45.00000 80.00000 5.00000 0.41927
50.00000 80.00000 5.00000 0.40433
55.00000 80.00000 5.00000 0.36998
60.00000 80.00000 5.00000 0.34725
65.00000 80.00000 5.00000 0.34499
70.00000 80.00000 5.00000 0.35639
75.00000 80.00000 5.00000 0.38208
80.00000 80.00000 5.00000 0.43184
85.00000 80.00000 5.00000 0.50779
90.00000 80.00000 5.00000 0.58330
95.00000 80.00000 5.00000 0.62425
100.00000 80.00000 5.00000 0.63920
105.00000 80.00000 5.00000 0.66962
110.00000 80.00000 5.00000 0.73744
115.00000 80.00000 5.00000 0.82878
120.00000 80.00000 5.00000 0.92546
125.00000 80.00000 5.00000 1.03174
130.00000 80.00000 5.00000 1.09814
135.00000 80.00000 5.00000 1.08095
140.00000 80.00000 5.00000 1.03215
145.00000 80.00000 5.00000 0.90854
150.00000 80.00000 5.00000 0.80358
155.00000 80.00000 5.00000 0.76008
160.00000 80.00000 5.00000 0.74333
165.00000 80.00000 5.00000 0.72443
170.00000 80.00000 5.00000 0.70359
175.00000 80.00000 5.00000 0.68335
180.00000 80.00000 5.00000 0.64342
185.00000 80.00000 5.00000 0.57166
190.00000 80.00000 5.00000 0.49267
195.00000 80.00000 5.00000 0.43990
200.00000 80.00000 5.00000 0.41936
205.00000 80.00000 5.00000 0.41753
210.00000 80.00000 5.00000 0.42470
215.00000 80.00000 5.00000 0.44395
220.00000 80.00000 5.00000 0.47370
225.00000 80.00000 5.00000 0.48442
230.00000 80.00000 5.00000 0.45167
235.00000 80.00000 5.00000 0.40296
240.00000 80.00000 5.00000 0.37258
245.00000 80.00000 5.00000 0.36019
250.00000 80.00000 5.00000 0.35477
255.00000 80.00000 5.00000 0.35412
260.00000 80.00000 5.00000 0.36489
265.00000 80.00000 5.00000 0.38983
270.00000 80.00000 5.00000 0.41656
275.00000 80.00000 5.00000 0.43109
280.00000 80.00000 5.00000 0.44057
285.00000 80.00000 5.00000 0.46596
290.00000 80.00000 5.00000 0.51528
295.00000 80.00000 5.00000 0.58045
300.00000 80.00000 5.00000 0.65598
305.00000 80.00000 5.00000 0.75330
310.00000 80.00000 5.00000 0.85615
315.00000 80.00000 5.00000 0.90375
320.00000 80.00000 5.00000 0.85851
325.00000 80.00000 5.00000 0.73568
330.00000 80.00000 5.00000 0.63166
335.00000 80.00000 5.00000 0.58023
340.00000 80.00000 5.00000 0.55580
345.00000 80.00000 5.00000 0.54059
350.00000 80.00000 5.00000 0.53804
355.00000 80.00000 5.00000 0.54515
0.00000 85.00000 5.00000 0.41067
5.00000 85.00000 5.00000 0.38639
10.00000 85.00000 5.00000 0.35338
15.00000 85.00000 5.00000 0.33627
20.00000 85.00000 5.00000 0.34294
25.00000 85.00000 5.00000 0.36530
30.00000 85.00000 5.00000 0.39252
35.00000 85.00000 5.00000 0.42515
40.00000 85.00000 5.00000 0.45910
45.00000 85.00000 5.00000 0.47422
50.00000 85.00000 5.00000 0.45937
55.00000 85.00000 5.00000 0.41376
60.00000 85.00000 5.00000 0.37998
65.00000 85.00000 5.00000 0.37477
70.00000 85.00000 5.00000 0.38798
75.00000 85.00000 5.00000 0.41389
80.00000 85.00000 5.00000 0.45630
85.00000 85.00000 5.00000 0.51148
90.00000 85.00000 5.00000 0.55072
95.00000 85.00000 5.00000 0.54903
100.00000 85.00000 5.00000 0.52824
105.00000 85.00000 5.00000 0.53109
110.00000 85.00000 5.00000 0.57039
115.00000 85.00000 5.00000 0.62791
120.00000 85.00000 5.00000 0.68640
125.00000 85.00000 5.00000 0.75746
130.00000 85.00000 5.00000 0.83879
135.00000 85.00000 5.00000 0.87308
140.00000 85.00000 5.00000 0.81570
145.00000 85.00000 5.00000 0.70253
150.00000 85.00000 5.00000 0.62504
155.00000 85.00000 5.00000 0.59899
160.00000 85.00000 5.00000 0.59231
165.00000 85.00000 5.00000 0.58187
170.00000 85.00000 5.00000 0.56835
175.00000 85.00000 5.00000 0.55360
180.00000 85.00000 5.00000 0.52237
185.00000 85.00000 5.00000 0.46746
190.00000 85.00000 5.00000 0.41098
195.00000 85.00000 5.00000 0.37962
200.00000 85.00000 5.00000 0.37724
205.00000 85.00000 5.00000 0.39142
210.00000 85.00000 5.00000 0.41124
215.00000 85.00000 5.00000 0.44040
220.00000 85.00000 5.00000 0.48006
225.00000 85.00000 5.00000 0.49938
230.00000 85.00000 5.00000 0.46815
235.00000 85.00000 5.00000 0.40932
240.00000 85.00000 5.00000 0.36784
245.00000 85.00000 5.00000 0.35127
250.00000 85.00000 5.00000 0.34711
255.00000 85.00000 5.00000 0.34874
260.00000 85.00000 5.00000 0.35870
265.00000 85.00000 5.00000 0.37747
270.00000 85.00000 5.00000 0.39357
275.00000 85.00000 5.00000 0.39504
280.00000 85.00000 5.00000 0.38920
285.00000 85.00000 5.00000 0.39558
290.00000 85.00000 5.00000 0.42370
295.00000 85.00000 5.00000 0.46837
300.00000 85.00000 5.00000 0.52127
305.00000 85.00000 5.00000 0.58449
310.00000 85.00000 5.00000 0.63575
315.00000 85.00000 5.00000 0.64991
320.00000 85.00000 5.00000 0.64063
325.00000 85.00000 5.00000 0.56461
330.00000 85.00000 5.00000 0.48658
335.00000 85.00000 5.00000 0.44650
340.00000 85.00000 5.00000 0.42544
345.00000 85.00000 5.00000 0.41059
350.00000 85.00000 5.00000 0.40623
355.00000 85.00000 5.00000 0.41232
0.00000 90.00000 5.00000 0.41846
5.00000 90.00000 5.00000 0.40854
10.00000 90.00000 5.00000 0.38670
15.00000 90.00000 5.00000 0.38193
20.00000 90.00000 5.00000 0.40551
25.00000 90.00000 5.00000 0.44628
30.00000 90.00000 5.00000 0.48841
35.00000 90.00000 5.00000 0.53607
40.00000 90.00000 5.00000 0.59099
45.00000 90.00000 5.00000 0.61902
50.00000 90.00000 5.00000 0.59162
55.00000 90.00000 5.00000 0.51934
60.00000 90.00000 5.00000 0.46676
65.00000 90.00000 5.00000 0.45531
70.00000 90.00000 5.00000 0.46599
75.00000 90.00000 5.00000 0.48316
80.00000 90.00000 5.00000 0.50620
85.00000 90.00000 5.00000 0.53158
90.00000 90.00000 5.00000 0.53508
95.00000 90.00000 5.00000 0.50170
100.00000 90.00000 5.00000 0.45722
105.00000 90.00000 5.00000 0.43795
110.00000 90.00000 5.00000 0.45159
115.00000 90.00000 5.00000 0.48216
120.00000 90.00000 5.00000 0.51455
125.00000 90.00000 5.00000 0.55674
130.00000 90.00000 5.00000 0.61574
135.00000 90.00000 5.00000 0.64761
140.00000 90.00000 5.00000 0.60175
145.00000 90.00000 5.00000 0.51492
150.00000 90.00000 5.00000 0.45574
155.00000 90.00000 5.00000 0.43333
160.00000 90.00000 5.00000 0.42470
165.00000 90.00000 5.00000 0.41582
170.00000 90.00000 5.00000 0.40926
175.00000 90.00000 5.00000 0.40723
180.00000 90.00000 5.00000 0.39877
185.00000 90.00000 5.00000 0.37612
190.00000 90.00000 5.00000 0.35188
195.00000 90.00000 5.00000 0.34514
200.00000 90.00000 5.00000 0.36201
205.00000 90.00000 5.00000 0.39478
210.00000 90.00000 5.00000 0.43288
215.00000 90.00000 5.00000 0.47909
220.00000 90.00000 5.00000 0.52776
225.00000 90.00000 5.00000 0.54890
230.00000 90.00000 5.00000 0.53102
235.00000 90.00000 5.00000 0.46643
240.00000 90.00000 5.00000 0.40795
245.00000 90.00000 5.00000 0.38169
250.00000 90.00000 5.00000 0.37249
255.00000 90.00000 5.00000 0.36930
260.00000 90.00000 5.00000 0.37406
265.00000 90.00000 5.00000 0.38753
270.00000 90.00000 5.00000 0.39544
275.00000 90.00000 5.00000 0.38332
280.00000 90.00000 5.00000 0.36104
285.00000 90.00000 5.00000 0.35172
290.00000 90.00000 5.00000 0.36539
295.00000 90.00000 5.00000 0.39545
300.00000 90.00000 5.00000 0.43052
305.00000 90.00000 5.00000 0.47092
310.00000 90.00000 5.00000 0.50688
315.00000 90.00000 5.00000 0.51996
320.00000 90.00000 5.00000 0.51103
325.00000 90.00000 5.00000 0.45421
330.00000 90.00000 5.00000 0.40040
335.00000 90.00000 5.00000 0.37761
340.00000 90.00000 5.00000 0.37064
345.00000 90.00000 5.00000 0.37016
350.00000 90.00000 5.00000 0.38083
355.00000 90.00000 5.00000 0.40317
0.00000 0.00000 10.00000 0.35700
5.00000 0.00000 10.00000 0.35101
10.00000 0.00000 10.00000 0.37178
15.00000 0.00000 10.00000 0.40854
20.00000 0.00000 10.00000 0.44692
25.00000 0.00000 10.00000 0.49143
30.00000 0.00000 10.00000 0.54557
35.00000 0.00000 10.00000 0.57547
40.00000 0.00000 10.00000 0.54641
45.00000 0.00000 10.00000 0.47081
50.00000 0.00000 10.00000 0.41292
55.00000 0.00000 10.00000 0.39105
60.00000 0.00000 10.00000 0.38546
65.00000 0.00000 10.00000 0.38361
70.00000 0.00000 10.00000 0.38832
75.00000 0.00000 10.00000 0.39978
80.00000 0.00000 10.00000 0.40177
85.00000 0.00000 10.00000 0.38220
90.00000 0.00000 10.00000 0.35700
95.00000 0.00000 10.00000 0.35101
100.00000 0.00000 10.00000 0.37178
105.00000 0.00000 10.00000 0.40854
110.00000 0.00000 10.00000 0.44692
115.00000 0.00000 10.00000 0.49143
120.00000 0.00000 10.00000 0.54557
125.00000 0.00000 10.00000 0.57547
130.00000 0.00000 10.00000 0.54641
135.00000 0.00000 10.00000 0.47081
140.00000 0.00000 10.00000 0.41292
145.00000 0.00000 10.00000 0.39105
150.00000 0.00000 10.00000 0.38546
155.00000 0.00000 10.00000 0.38361
160.00000 0.00000 10.00000 0.38832
165.00000 0.00000 10.00000 0.39978
170.00000 0.00000 10.00000 0.40177
175.00000 0.00000 10.00000 0.38220
180.00000 0.00000 10.00000 0.35700
185.00000 0.00000 10.00000 0.35101
190.00000 0.00000 10.00000 0.37178
195.00000 0.00000 10.00000 0.40854
200.00000 0.00000 10.00000 0.44692
205.00000 0.00000 10.00000 0.49143
210.00000 0.00000 10.00000 0.54557
215.00000 0.00000 10.00000 0.57547
220.00000 0.00000 10.00000 0.54641
225.00000 0.00000 10.00000 0.47081
230.00000 0.00000 10.00000 0.41292
235.00000 0.00000 10.00000 0.39105
240.00000 0.00000 10.00000 0.38546
245.00000 0.00000 10.00000 0.38361
250.00000 0.00000 10.00000 0.38832
255.00000 0.00000 10.00000 0.39978
260.00000 0.00000 10.00000 0.40177
265.00000 0.00000 10.00000 0.38220
270.00000 0.00000 10.00000 0.35700
275.00000 0.00000 10.00000 0.35101
280.00000 0.00000 10.00000 0.37178
285.00000 0.00000 10.00000 0.40854
290.00000 0.00000 10.00000 0.44692
295.00000 0.00000 10.00000 0.49143
300.00000 0.00000 10.00000 0.54557
305.00000 0.00000 10.00000 0.57547
310.00000 0.00000 10.00000 0.54641
315.00000 0.00000 10.00000 0.47081
320.00000 0.00000 10.00000 0.41292
325.00000 0.00000 10.00000 0.39105
330.00000 0.00000 10.00000 0.38546
335.00000 0.00000 10.00000 0.38361
340.00000 0.00000 10.00000 0.38832
345.00000 0.00000 10.00000 0.39978
350.00000 0.00000 10.00000 0.40177
355.00000 0.00000 10.00000 0.38220
0.00000 5.00000 10.00000 0.46519
5.00000 5.00000 10.00000 0.44924
10.00000 5.00000 10.00000 0.46687
15.00000 5.00000 10.00000 0.50147
20.00000 5.00000 10.00000 0.53736
25.00000 5.00000 10.00000 0.58344
30.00000 5.00000 10.00000 0.64699
35.00000 5.00000 10.00000 0.68138
40.00000 5.00000 10.00000 0.63315
45.00000 5.00000 10.00000 0.54116
50.00000 5.00000 10.00000 0.47885
55.00000 5.00000 10.00000 0.45595
60.00000 5.00000 10.00000 0.44763
65.00000 5.00000 10.00000 0.43836
70.00000 5.00000 10.00000 0.43044
75.00000 5.00000 10.00000 0.42607
80.00000 5.00000 10.00000 0.41367
85.00000 5.00000 10.00000 0.38577
90.00000 5.00000 10.00000 0.35655
95.00000 5.00000 10.00000 0.34614
100.00000 5.00000 10.00000 0.36016
105.00000 5.00000 10.00000 0.39004
110.00000 5.00000 10.00000 0.42497
115.00000 5.00000 10.00000 0.46795
120.00000 5.00000 10.00000 0.51611
125.00000 5.00000 10.00000 0.53877
130.00000 5.00000 10.00000 0.51779
135.00000 5.00000 10.00000 0.45349
140.00000 5.00000 10.00000 0.39805
145.00000 5.00000 10.00000 0.37375
150.00000 5.00000 10.00000 0.36583
155.00000 5.00000 10.00000 0.36380
160.00000 5.00000 10.00000 0.36956
165.00000 5.00000 10.00000 0.38384
170.00000 5.00000 10.00000 0.39306
175.00000 5.00000 10.00000 0.38315
180.00000 5.00000 10.00000 0.36348
185.00000 5.00000 10.00000 0.35652
190.00000 5.00000 10.00000 0.37231
195.00000 5.00000 10.00000 0.40449
200.00000 5.00000 10.00000 0.44189
205.00000 5.00000 10.00000 0.48496
210.00000 5.00000 10.00000 0.52140
215.00000 5.00000 10.00000 0.53285
220.00000 5.00000 10.00000 0.52568
225.00000 5.00000 10.00000 0.46743
230.00000 5.00000 10.00000 0.40981
235.00000 5.00000 10.00000 0.38390
240.00000 5.00000 10.00000 0.37391
245.00000 5.00000 10.00000 0.36995
250.00000 5.00000 10.00000 0.37662
255.00000 5.00000 10.00000 0.39464
260.00000 5.00000 10.00000 0.40625
265.00000 5.00000 10.00000 0.39451
270.00000 5.00000 10.00000 0.37209
275.00000 5.00000 10.00000 0.36602
280.00000 5.00000 10.00000 0.38686
285.00000 5.00000 10.00000 0.42449
290.00000 5.00000 10.00000 0.46396
295.00000 5.00000 10.00000 0.50858
300.00000 5.00000 10.00000 0.55975
305.00000 5.00000 10.00000 0.58608
310.00000 5.00000 10.00000 0.56173
315.00000 5.00000 10.00000 0.49501
320.00000 5.00000 10.00000 0.44600
325.00000 5.00000 10.00000 0.43583
330.00000 5.00000 10.00000 0.44740
335.00000 5.00000 10.00000 0.46670
340.00000 5.00000 10.00000 0.49383
345.00000 5.00000 10.00000 0.52495
350.00000 5.00000 10.00000 0.53473
355.00000 5.00000 10.00000 0.50628
0.00000 10.00000 10.00000 0.61527
5.00000 10.00000 10.00000 0.59783
10.00000 10.00000 10.00000 0.61521
15.00000 10.00000 10.00000 0.65156
20.00000 10.00000 10.00000 0.69422
25.00000 10.00000 10.00000 0.75460
30.00000 10.00000 10.00000 0.83447
35.00000 10.00000 10.00000 0.87389
40.00000 10.00000 10.00000 0.81320
45.00000 10.00000 10.00000 0.70526
50.00000 10.00000 10.00000 0.63308
55.00000 10.00000 10.00000 0.60028
60.00000 10.00000 10.00000 0.57525
65.00000 10.00000 10.00000 0.54046
70.00000 10.00000 10.00000 0.50419
75.00000 10.00000 10.00000 0.47694
80.00000 10.00000 10.00000 0.44896
85.00000 10.00000 10.00000 0.40938
90.00000 10.00000 10.00000 0.36996
95.00000 10.00000 10.00000 0.35063
100.00000 10.00000 10.00000 0.35647
105.00000 10.00000 10.00000 0.37934
110.00000 10.00000 10.00000 0.41009
115.00000 10.00000 10.00000 0.45089
120.00000 10.00000 10.00000 0.50035
125.00000 10.00000 10.00000 0.52816
130.00000 10.00000 10.00000 0.50797
135.00000 10.00000 10.00000 0.45061
140.00000 10.00000 10.00000 0.40396
145.00000 10.00000 10.00000 0.38798
150.00000 10.00000 10.00000 0.39374
155.00000 10.00000 10.00000 0.41268
160.00000 10.00000 10.00000 0.44408
165.00000 10.00000 10.00000 0.48578
170.00000 10.00000 10.00000 0.51685
175.00000 10.00000 10.00000 0.51220
180.00000 10.00000 10.00000 0.48068
185.00000 10.00000 10.00000 0.45611
190.00000 10.00000 10.00000 0.45680
195.00000 10.00000 10.00000 0.47851
200.00000 10.00000 10.00000 0.51166
205.00000 10.00000 10.00000 0.55638
210.00000 10.00000 10.00000 0.60067
215.00000 10.00000 10.00000 0.62058
220.00000 10.00000 10.00000 0.60607
225.00000 10.00000 10.00000 0.53524
230.00000 10.00000 10.00000 0.46717
235.00000 10.00000 10.00000 0.43198
240.00000 10.00000 10.00000 0.41368
245.00000 10.00000 10.00000 0.40252
250.00000 10.00000 10.00000 0.40406
255.00000 10.00000 10.00000 0.42054
260.00000 10.00000 10.00000 0.43588
265.00000 10.00000 10.00000 0.43087
270.00000 10.00000 10.00000 0.41191
275.00000 10.00000 10.00000 0.40359
280.00000 10.00000 10.00000 0.41968
285.00000 10.00000 10.00000 0.45411
290.00000 10.00000 10.00000 0.49312
295.00000 10.00000 10.00000 0.53527
300.00000 10.00000 10.00000 0.56318
305.00000 10.00000 10.00000 0.55745
310.00000 10.00000 10.00000 0.55386
315.00000 10.00000 10.00000 0.51446
320.00000 10.00000 10.00000 0.47419
325.00000 10.00000 10.00000 0.47118
330.00000 10.00000 10.00000 0.49648
335.00000 10.00000 10.00000 0.53626
340.00000 10.00000 10.00000 0.58645
345.00000 10.00000 10.00000 0.64115
350.00000 10.00000 10.00000 0.67181
355.00000 10.00000 10.00000 0.65492
0.00000 15.00000 10.00000 0.65659
5.00000 15.00000 10.00000 0.66196
10.00000 15.00000 10.00000 0.70025
15.00000 15.00000 10.00000 0.76404
20.00000 15.00000 10.00000 0.84290
25.00000 15.00000 10.00000 0.94718
30.00000 15.00000 10.00000 1.07618
35.00000 15.00000 10.00000 1.15769
40.00000 15.00000 10.00000 1.11278
45.00000 15.00000 10.00000 0.99912
50.00000 15.00000 10.00000 0.91285
55.00000 15.00000 10.00000 0.85656
60.00000 15.00000 10.00000 0.79269
65.00000 15.00000 10.00000 0.70708
70.00000 15.00000 10.00000 0.62606
75.00000 15.00000 10.00000 0.57251
80.00000 15.00000 10.00000 0.52753
85.00000 15.00000 10.00000 0.46726
90.00000 15.00000 10.00000 0.40557
95.00000 15.00000 10.00000 0.37073
100.00000 15.00000 10.00000 0.36907
105.00000 15.00000 10.00000 0.38752
110.00000 15.00000 10.00000 0.41196
115.00000 15.00000 10.00000 0.44251
120.00000 15.00000 10.00000 0.48359
125.00000 15.00000 10.00000 0.51027
130.00000 15.00000 10.00000 0.48947
135.00000 15.00000 10.00000 0.43876
140.00000 15.00000 10.00000 0.40270
145.00000 15.00000 10.00000 0.39834
150.00000 15.00000 10.00000 0.42157
155.00000 15.00000 10.00000 0.46622
160.00000 15.00000 10.00000 0.53072
165.00000 15.00000 10.00000 0.60924
170.00000 15.00000 10.00000 0.66817
175.00000 15.00000 10.00000 0.66724
180.00000 15.00000 10.00000 0.61912
185.00000 15.00000 10.00000 0.57509
190.00000 15.00000 10.00000 0.56273
195.00000 15.00000 10.00000 0.57741
200.00000 15.00000 10.00000 0.60796
205.00000 15.00000 10.00000 0.65620
210.00000 15.00000 10.00000 0.72468
215.00000 15.00000 10.00000 0.77733
220.00000 15.00000 10.00000 0.75731
225.00000 15.00000 10.00000 0.66987
230.00000 15.00000 10.00000 0.58913
235.00000 15.00000 10.00000 0.54443
240.00000 15.00000 10.00000 0.51930
245.00000 15.00000 10.00000 0.49911
250.00000 15.00000 10.00000 0.48869
255.00000 15.00000 10.00000 0.49551
260.00000 15.00000 10.00000 0.50831
265.00000 15.00000 10.00000 0.50729
270.00000 15.00000 10.00000 0.49187
275.00000 15.00000 10.00000 0.48265
280.00000 15.00000 10.00000 0.49362
285.00000 15.00000 10.00000 0.52106
290.00000 15.00000 10.00000 0.55168
295.00000 15.00000 10.00000 0.58362
300.00000 15.00000 10.00000 0.59859
305.00000 15.00000 10.00000 0.57359
310.00000 15.00000 10.00000 0.55312
315.00000 15.00000 10.00000 0.50882
320.00000 15.00000 10.00000 0.46393
325.00000 15.00000 10.00000 0.45361
330.00000 15.00000 10.00000 0.47141
335.00000 15.00000 10.00000 0.50398
340.00000 15.00000 10.00000 0.54721
345.00000 15.00000 10.00000 0.60114
350.00000 15.00000 10.00000 0.64866
355.00000 15.00000 10.00000 0.66460
0.00000 20.00000 10.00000 0.57979
5.00000 20.00000 10.00000 0.61698
10.00000 20.00000 10.00000 0.69692
15.00000 20.00000 10.00000 0.82064
20.00000 20.00000 10.00000 0.97440
25.00000 20.00000 10.00000 1.16175
30.00000 20.00000 10.00000 1.38863
35.00000 20.00000 10.00000 1.57480
40.00000 20.00000 10.00000 1.60020
45.00000 20.00000 10.00000 1.50047
50.00000 20.00000 10.00000 1.38735
55.00000 20.00000 10.00000 1.28010
60.00000 20.00000 10.00000 1.14555
65.00000 20.00000 10.00000 0.98163
70.00000 20.00000 10.00000 0.84100
75.00000 20.00000 10.00000 0.75389
80.00000 20.00000 10.00000 0.68171
85.00000 20.00000 10.00000 0.58580
90.00000 20.00000 10.00000 0.48658
95.00000 20.00000 10.00000 0.42584
100.00000 20.00000 10.00000 0.41334
105.00000 20.00000 10.00000 0.42782
110.00000 20.00000 10.00000 0.44202
115.00000 20.00000 10.00000 0.45188
120.00000 20.00000 10.00000 0.46928
125.00000 20.00000 10.00000 0.47897
130.00000 20.00000 10.00000 0.45498
135.00000 20.00000 10.00000 0.41144
140.00000 20.00000 10.00000 0.38267
145.00000 20.00000 10.00000 0.38228
150.00000 20.00000 10.00000 0.40825
155.00000 20.00000 10.00000 0.45716
160.00000 20.00000 10.00000 0.52878
165.00000 20.00000 10.00000 0.61815
170.00000 20.00000 10.00000 0.68873
175.00000 20.00000 10.00000 0.69315
180.00000 20.00000 10.00000 0.64693
185.00000 20.00000 10.00000 0.61048
190.00000 20.00000 10.00000 0.61373
195.00000 20.00000 10.00000 0.64770
200.00000 20.00000 10.00000 0.69616
205.00000 20.00000 10.00000 0.76085
210.00000 20.00000 10.00000 0.85765
215.00000 20.00000 10.00000 0.96041
220.00000 20.00000 10.00000 0.98661
225.00000 20.00000 10.00000 0.91792
230.00000 20.00000 10.00000 0.83122
235.00000 20.00000 10.00000 0.77979
240.00000 20.00000 10.00000 0.75143
245.00000 20.00000 10.00000 0.71622
250.00000 20.00000 10.00000 0.67851
255.00000 20.00000 10.00000 0.66149
260.00000 20.00000 10.00000 0.66369
265.00000 20.00000 10.00000 0.66142
270.00000 20.00000 10.00000 0.64736
275.00000 20.00000 10.00000 0.64080
280.00000 20.00000 10.00000 0.65568
285.00000 20.00000 10.00000 0.67871
290.00000 20.00000 10.00000 0.68970
295.00000 20.00000 10.00000 0.69388
300.00000 20.00000 10.00000 0.69077
305.00000 20.00000 10.00000 0.64408
310.00000 20.00000 10.00000 0.57296
315.00000 20.00000 10.00000 0.49526
320.00000 20.00000 10.00000 0.43293
325.00000 20.00000 10.00000 0.40542
330.00000 20.00000 10.00000 0.40315
335.00000 20.00000 10.00000 0.41285
340.00000 20.00000 10.00000 0.43200
345.00000 20.00000 10.00000 0.46780
350.00000 20.00000 10.00000 0.51665
355.00000 20.00000 10.00000 0.55629
0.00000 25.00000 10.00000 0.51706
5.00000 25.00000 10.00000 0.57956
10.00000 25.00000 10.00000 0.70558
15.00000 25.00000 10.00000 0.90171
20.00000 25.00000 10.00000 1.15190
25.00000 25.00000 10.00000 1.45511
30.00000 25.00000 10.00000 1.82013
35.00000 25.00000 10.00000 2.16579
40.00000 25.00000 10.00000 2.32099
45.00000 25.00000 10.00000 2.25843
50.00000 25.00000 10.00000 2.10035
55.00000 25.00000 10.00000 1.90695
60.00000 25.00000 10.00000 1.66807
65.00000 25.00000 10.00000 1.40605
70.00000 25.00000 10.00000 1.19452
75.00000 25.00000 10.00000 1.05998
80.00000 25.00000 10.00000 0.94515
85.00000 25.00000 10.00000 0.80138
90.00000 25.00000 10.00000 0.65483
95.00000 25.00000 10.00000 0.55867
100.00000 25.00000 10.00000 0.52727
105.00000 25.00000 10.00000 0.53079
110.00000 25.00000 10.00000 0.52873
115.00000 25.00000 10.00000 0.51106
120.00000 25.00000 10.00000 0.49536
125.00000 25.00000 10.00000 0.47666
130.00000 25.00000 10.00000 0.43908
135.00000 25.00000 10.00000 0.39466
140.00000 25.00000 10.00000 0.36532
145.00000 25.00000 10.00000 0.35886
150.00000 25.00000 10.00000 0.37309
155.00000 25.00000 10.00000 0.40550
160.00000 25.00000 10.00000 0.45739
165.00000 25.00000 10.00000 0.52852
170.00000 25.00000 10.00000 0.59279
175.00000 25.00000 10.00000 0.60901
180.00000 25.00000 10.00000 0.58909
185.00000 25.00000 10.00000 0.58947
190.00000 25.00000 10.00000 0.63777
195.00000 25.00000 10.00000 0.72228
200.00000 25.00000 10.00000 0.82370
205.00000 25.00000 10.00000 0.94140
210.00000 25.00000 10.00000 1.09948
215.00000 25.00000 10.00000 1.28830
220.00000 25.00000 10.00000 1.41181
225.00000 25.00000 10.00000 1.39910
230.00000 25.00000 10.00000 1.31705
235.00000 25.00000 10.00000 1.25873
240.00000 25.00000 10.00000 1.21686
245.00000 25.00000 10.00000 1.14149
250.00000 25.00000 10.00000 1.04538
255.00000 25.00000 10.00000 0.98312
260.00000 25.00000 10.00000 0.96503
265.00000 25.00000 10.00000 0.95587
270.00000 25.00000 10.00000 0.93902
275.00000 25.00000 10.00000 0.94115
280.00000 25.00000 10.00000 0.97894
285.00000 25.00000 10.00000 1.01367
290.00000 25.00000 10.00000 0.99795
295.00000 25.00000 10.00000 0.94705
300.00000 25.00000 10.00000 0.88131
305.00000 25.00000 10.00000 0.77096
310.00000 25.00000 10.00000 0.64525
315.00000 25.00000 10.00000 0.52790
320.00000 25.00000 10.00000 0.43475
325.00000 25.00000 10.00000 0.38427
330.00000 25.00000 10.00000 0.36444
335.00000 25.00000 10.00000 0.35897
340.00000 25.00000 10.00000 0.36489
345.00000 25.00000 10.00000 0.38981
350.00000 25.00000 10.00000 0.43441
355.00000 25.00000 10.00000 0.47961
0.00000 30.00000 10.00000 0.54265
5.00000 30.00000 10.00000 0.62349
10.00000 30.00000 10.00000 0.78351
15.00000 30.00000 10.00000 1.03094
20.00000 30.00000 10.00000 1.35891
25.00000 30.00000 10.00000 1.77028
30.00000 30.00000 10.00000 2.26611
35.00000 30.00000 10.00000 2.76496
40.00000 30.00000 10.00000 3.07082
45.00000 30.00000 10.00000 3.08941
50.00000 30.00000 10.00000 2.92511
55.00000 30.00000 10.00000 2.66613
60.00000 30.00000 10.00000 2.33148
65.00000 30.00000 10.00000 1.98329
70.00000 30.00000 10.00000 1.70793
75.00000 30.00000 10.00000 1.52265
80.00000 30.00000 10.00000 1.36323
85.00000 30.00000 10.00000 1.17593
90.00000 30.00000 10.00000 0.98739
95.00000 30.00000 10.00000 0.85371
100.00000 30.00000 10.00000 0.79083
105.00000 30.00000 10.00000 0.76420
110.00000 30.00000 10.00000 0.72876
115.00000 30.00000 10.00000 0.67598
120.00000 30.00000 10.00000 0.62069
125.00000 30.00000 10.00000 0.55969
130.00000 30.00000 10.00000 0.48980
135.00000 30.00000 10.00000 0.42778
140.00000 30.00000 10.00000 0.38607
145.00000 30.00000 10.00000 0.36674
150.00000 30.00000 10.00000 0.36744
155.00000 30.00000 10.00000 0.38594
160.00000 30.00000 10.00000 0.42225
165.00000 30.00000 10.00000 0.47771
170.00000 30.00000 10.00000 0.53773
175.00000 30.00000 10.00000 0.57207
180.00000 30.00000 10.00000 0.58768
185.00000 30.00000 10.00000 0.63282
190.00000 30.00000 10.00000 0.73302
195.00000 30.00000 10.00000 0.87930
200.00000 30.00000 10.00000 1.06048
205.00000 30.00000 10.00000 1.27790
210.00000 30.00000 10.00000 1.54608
215.00000 30.00000 10.00000 1.86317
220.00000 30.00000 10.00000 2.12577
225.00000 30.00000 10.00000 2.21237
230.00000 30.00000 10.00000 2.16937
235.00000 30.00000 10.00000 2.10664
240.00000 30.00000 10.00000 2.02086
245.00000 30.00000 10.00000 1.86587
250.00000 30.00000 10.00000 1.68383
255.00000 30.00000 10.00000 1.56545
260.00000 30.00000 10.00000 1.52270
265.00000 30.00000 10.00000 1.49997
270.00000 30.00000 10.00000 1.47694
275.00000 30.00000 10.00000 1.49641
280.00000 30.00000 10.00000 1.57797
285.00000 30.00000 10.00000 1.64576
290.00000 30.00000 10.00000 1.60452
295.00000 30.00000 10.00000 1.46689
300.00000 30.00000 10.00000 1.26718
305.00000 30.00000 10.00000 1.01931
310.00000 30.00000 10.00000 0.82738
315.00000 30.00000 10.00000 0.66159
320.00000 30.00000 10.00000 0.51521
325.00000 30.00000 10.00000 0.42704
330.00000 30.00000 10.00000 0.38744
335.00000 30.00000 10.00000 0.37573
340.00000 30.00000 10.00000 0.38289
345.00000 30.00000 10.00000 0.41041
350.00000 30.00000 10.00000 0.45525
355.00000 30.00000 10.00000 0.49978
0.00000 35.00000 10.00000 0.63921
5.00000 35.00000 10.00000 0.72458
10.00000 35.00000 10.00000 0.88343
15.00000 35.00000 10.00000 1.12312
20.00000 35.00000 10.00000 1.45155
25.00000 35.00000 10.00000 1.88751
30.00000 35.00000 10.00000 2.41350
35.00000 35.00000 10.00000 2.93046
40.00000 35.00000 10.00000 3.33609
45.00000 35.00000 10.00000 3.51498
50.00000 35.00000 10.00000 3.48450
55.00000 35.00000 10.00000 3.29544
60.00000 35.00000 10.00000 2.97359
65.00000 35.00000 10.00000 2.62652
70.00000 35.00000 10.00000 2.35583
75.00000 35.00000 10.00000 2.16819
80.00000 35.00000 10.00000 1.99987
85.00000 35.00000 10.00000 1.79839
90.00000 35.00000 10.00000 1.58683
95.00000 35.00000 10.00000 1.42406
100.00000 35.00000 10.00000 1.32091
105.00000 35.00000 10.00000 1.23572
110.00000 35.00000 10.00000 1.13888
115.00000 35.00000 10.00000 1.03889
120.00000 35.00000 10.00000 0.93868
125.00000 35.00000 10.00000 0.80802
130.00000 35.00000 10.00000 0.67043
135.00000 35.00000 10.00000 0.56088
140.00000 35.00000 10.00000 0.48435
145.00000 35.00000 10.00000 0.43996
150.00000 35.00000 10.00000 0.42716
155.00000 35.00000 10.00000 0.44306
160.00000 35.00000 10.00000 0.48279
165.00000 35.00000 10.00000 0.54063
170.00000 35.00000 10.00000 0.60394
175.00000 35.00000 10.00000 0.65221
180.00000 35.00000 10.00000 0.69425
185.00000 35.00000 10.00000 0.77218
190.00000 35.00000 10.00000 0.90714
195.00000 35.00000 10.00000 1.09483
200.00000 35.00000 10.00000 1.35121
205.00000 35.00000 10.00000 1.69586
210.00000 35.00000 10.00000 2.09378
215.00000 35.00000 10.00000 2.54551
220.00000 35.00000 10.00000 2.99003
225.00000 35.00000 10.00000 3.23056
230.00000 35.00000 10.00000 3.28254
235.00000 35.00000 10.00000 3.24142
240.00000 35.00000 10.00000 3.10599
245.00000 35.00000 10.00000 2.87701
250.00000 35.00000 10.00000 2.63962
255.00000 35.00000 10.00000 2.49613
260.00000 35.00000 10.00000 2.43825
265.00000 35.00000 10.00000 2.39258
270.00000 35.00000 10.00000 2.35505
275.00000 35.00000 10.00000 2.39874
280.00000 35.00000 10.00000 2.53641
285.00000 35.00000 10.00000 2.64716
290.00000 35.00000 10.00000 2.59649
295.00000 35.00000 10.00000 2.37685
300.00000 35.00000 10.00000 1.99595
305.00000 35.00000 10.00000 1.55226
310.00000 35.00000 10.00000 1.22371
315.00000 35.00000 10.00000 0.95067
320.00000 35.00000 10.00000 0.71206
325.00000 35.00000 10.00000 0.55891
330.00000 35.00000 10.00000 0.48462
335.00000 35.00000 10.00000 0.46402
340.00000 35.00000 10.00000 0.47914
345.00000 35.00000 10.00000 0.51564
350.00000 35.00000 10.00000 0.56011
355.00000 35.00000 10.00000 0.59810
0.00000 40.00000 10.00000 0.73239
5.00000 40.00000 10.00000 0.80401
10.00000 40.00000 10.00000 0.92288
15.00000 40.00000 10.00000 1.09702
20.00000 40.00000 10.00000 1.33539
25.00000 40.00000 10.00000 1.67773
30.00000 40.00000 10.00000 2.08574
35.00000 40.00000 10.00000 2.39810
40.00000 40.00000 10.00000 2.78367
45.00000 40.00000 10.00000 3.17031
50.00000 40.00000 10.00000 3.37804
55.00000 40.00000 10.00000 3.38855
60.00000 40.00000 10.00000 3.22703
65.00000 40.00000 10.00000 3.01973
70.00000 40.00000 10.00000 2.87658
75.00000 40.00000 10.00000 2.78894
80.00000 40.00000 10.00000 2.68908
85.00000 40.00000 10.00000 2.53104
90.00000 40.00000 10.00000 2.34333
95.00000 40.00000 10.00000 2.18930
100.00000 40.00000 10.00000 2.07846
105.00000 40.00000 10.00000 1.95135
110.00000 40.00000 10.00000 1.80561
115.00000 40.00000 10.00000 1.67372
120.00000 40.00000 10.00000 1.53796
125.00000 40.00000 10.00000 1.29217
130.00000 40.00000 10.00000 1.02944
135.00000 40.00000 10.00000 0.84084
140.00000 40.00000 10.00000 0.69971
145.00000 40.00000 10.00000 0.59809
150.00000 40.00000 10.00000 0.55612
155.00000 40.00000 10.00000 0.56658
160.00000 40.00000 10.00000 0.61011
165.00000 40.00000 10.00000 0.67034
170.00000 40.00000 10.00000 0.72718
175.00000 40.00000 10.00000 0.76745
180.00000 40.00000 10.00000 0.80841
185.00000 40.00000 10.00000 0.89141
190.00000 40.00000 10.00000 1.03592
195.00000 40.00000 10.00000 1.22547
200.00000 40.00000 10.00000 1.51425
205.00000 40.00000 10.00000 1.96942
210.00000 40.00000 10.00000 2.41144
215.00000 40.00000 10.00000 2.88076
220.00000 40.00000 10.00000 3.52949
225.00000 40.00000 10.00000 3.98598
230.00000 40.00000 10.00000 4.12918
235.00000 40.00000 10.00000 4.11048
240.00000 40.00000 10.00000 3.97100
245.00000 40.00000 10.00000 3.75549
250.00000 40.00000 10.00000 3.55189
255.00000 40.00000 10.00000 3.44623
260.00000 40.00000 10.00000 3.39766
265.00000 40.00000 10.00000 3.33709
270.00000 40.00000 10.00000 3.28891
275.00000 40.00000 10.00000 3.36635
280.00000 40.00000 10.00000 3.57227
285.00000 40.00000 10.00000 3.76084
290.00000 40.00000 10.00000 3.78218
295.00000 40.00000 10.00000 3.60890
300.00000 40.00000 10.00000 3.06118
305.00000 40.00000 10.00000 2.32814
310.00000 40.00000 10.00000 1.77579
315.00000 40.00000 10.00000 1.38978
320.00000 40.00000 10.00000 1.04953
325.00000 40.00000 10.00000 0.80350
330.00000 40.00000 10.00000 0.66898
335.00000 40.00000 10.00000 0.61631
340.00000 40.00000 10.00000 0.62387
345.00000 40.00000 10.00000 0.65461
350.00000 40.00000 10.00000 0.68437
355.00000 40.00000 10.00000 0.70389
0.00000 45.00000 10.00000 0.72916
5.00000 45.00000 10.00000 0.76372
10.00000 45.00000 10.00000 0.81472
15.00000 45.00000 10.00000 0.89180
20.00000 45.00000 10.00000 1.00192
25.00000 45.00000 10.00000 1.19024
30.00000 45.00000 10.00000 1.43400
35.00000 45.00000 10.00000 1.56342
40.00000 45.00000 10.00000 1.82452
45.00000 45.00000 10.00000 2.25791
50.00000 45.00000 10.00000 2.59895
55.00000 45.00000 10.00000 2.74448
60.00000 45.00000 10.00000 2.76089
65.00000 45.00000 10.00000 2.74158
70.00000 45.00000 10.00000 2.77375
75.00000 45.00000 10.00000 2.83515
80.00000 45.00000 10.00000 2.86387
85.00000 45.00000 10.00000 2.81839
90.00000 45.00000 10.00000 2.73426
95.00000 45.00000 10.00000 2.67278
100.00000 45.00000 10.00000 2.64268
105.00000 45.00000 10.00000 2.57772
110.00000 45.00000 10.00000 2.48317
115.00000 45.00000 10.00000 2.38113
120.00000 45.00000 10.00000 2.23845
125.00000 45.00000 10.00000 1.91675
130.00000 45.00000 10.00000 1.51744
135.00000 45.00000 10.00000 1.25639
140.00000 45.00000 10.00000 1.05202
145.00000 45.00000 10.00000 0.84150
150.00000 45.00000 10.00000 0.73288
155.00000 45.00000 10.00000 0.70888
160.00000 45.00000 10.00000 0.71824
165.00000 45.00000 10.00000 0.74812
170.00000 45.00000 10.00000 0.77184
175.00000 45.00000 10.00000 0.77757
180.00000 45.00000 10.00000 0.78674
185.00000 45.00000 10.00000 0.83880
190.00000 45.00000 10.00000 0.95241
195.00000 45.00000 10.00000 1.09580
200.00000 45.00000 10.00000 1.33474
205.00000 45.00000 10.00000 1.77369
210.00000 45.00000 10.00000 2.20400
215.00000 45.00000 10.00000 2.61962
220.00000 45.00000 10.00000 3.33397
225.00000 45.00000 10.00000 3.99239
230.00000 45.00000 10.00000 4.10961
235.00000 45.00000 10.00000 4.01176
240.00000 45.00000 10.00000 3.86878
245.00000 45.00000 10.00000 3.72994
250.00000 45.00000 10.00000 3.60766
255.00000 45.00000 10.00000 3.56345
260.00000 45.00000 10.00000 3.54776
265.00000 45.00000 10.00000 3.52191
270.00000 45.00000 10.00000 3.51452
275.00000 45.00000 10.00000 3.64703
280.00000 45.00000 10.00000 3.91896
285.00000 45.00000 10.00000 4.20502
290.00000 45.00000 10.00000 4.36111
295.00000 45.00000 10.00000 4.33498
300.00000 45.00000 10.00000 3.84328
305.00000 45.00000 10.00000 2.98640
310.00000 45.00000 10.00000 2.23517
315.00000 45.00000 10.00000 1.87749
320.00000 45.00000 10.00000 1.51941
325.00000 45.00000 10.00000 1.16731
330.00000 45.00000 10.00000 0.94298
335.00000 45.00000 10.00000 0.81109
340.00000 45.00000 10.00000 0.76424
345.00000 45.00000 10.00000 0.74759
350.00000 45.00000 10.00000 0.73850
355.00000 45.00000 10.00000 0.72743
0.00000 50.00000 10.00000 0.63450
5.00000 50.00000 10.00000 0.61585
10.00000 50.00000 10.00000 0.59926
15.00000 50.00000 10.00000 0.59223
20.00000 50.00000 10.00000 0.61018
25.00000 50.00000 10.00000 0.67693
30.00000 50.00000 10.00000 0.78976
35.00000 50.00000 10.00000 0.88464
40.00000 50.00000 10.00000 1.04140
45.00000 50.00000 10.00000 1.32284
50.00000 50.00000 10.00000 1.59676
55.00000 50.00000 10.00000 1.75441
60.00000 50.00000 10.00000 1.86822
65.00000 50.00000 10.00000 1.97963
70.00000 50.00000 10.00000 2.12429
75.00000 50.00000 10.00000 2.28573
80.00000 50.00000 10.00000 2.42698
85.00000 50.00000 10.00000 2.51211
90.00000 50.00000 10.00000 2.55911
95.00000 50.00000 10.00000 2.62089
100.00000 50.00000 10.00000 2.71609
105.00000 50.00000 10.00000 2.81223
110.00000 50.00000 10.00000 2.89535
115.00000 50.00000 10.00000 2.92446
120.00000 50.00000 10.00000 2.85123
125.00000 50.00000 10.00000 2.55174
130.00000 50.00000 10.00000 1.99766
135.00000 50.00000 10.00000 1.66989
140.00000 50.00000 10.00000 1.44281
145.00000 50.00000 10.00000 1.11343
150.00000 50.00000 10.00000 0.90688
155.00000 50.00000 10.00000 0.81802
160.00000 50.00000 10.00000 0.77116
165.00000 50.00000 10.00000 0.74699
170.00000 50.00000 10.00000 0.72422
175.00000 50.00000 10.00000 0.69187
180.00000 50.00000 10.00000 0.66249
185.00000 50.00000 10.00000 0.66308
190.00000 50.00000 10.00000 0.70445
195.00000 50.00000 10.00000 0.77442
200.00000 50.00000 10.00000 0.90932
205.00000 50.00000 10.00000 1.17832
210.00000 50.00000 10.00000 1.53568
215.00000 50.00000 10.00000 1.92964
220.00000 50.00000 10.00000 2.48153
225.00000 50.00000 10.00000 3.01784
230.00000 50.00000 10.00000 3.07477
235.00000 50.00000 10.00000 2.95517
240.00000 50.00000 10.00000 2.87046
245.00000 50.00000 10.00000 2.84018
250.00000 50.00000 10.00000 2.81778
255.00000 50.00000 10.00000 2.84051
260.00000 50.00000 10.00000 2.88656
265.00000 50.00000 10.00000 2.93377
270.00000 50.00000 10.00000 2.99762
275.00000 50.00000 10.00000 3.17290
280.00000 50.00000 10.00000 3.46712
285.00000 50.00000 10.00000 3.80099
290.00000 50.00000 10.00000 4.07254
295.00000 50.00000 10.00000 4.18170
300.00000 50.00000 10.00000 3.98752
305.00000 50.00000 10.00000 3.43436
310.00000 50.00000 10.00000 2.70197
315.00000 50.00000 10.00000 2.29819
320.00000 50.00000 10.00000 1.91598
325.00000 50.00000 10.00000 1.48220
330.00000 50.00000 10.00000 1.17060
335.00000 50.00000 10.00000 0.96420
340.00000 50.00000 10.00000 0.84690
345.00000 50.00000 10.00000 0.76765
350.00000 50.00000 10.00000 0.71280
355.00000 50.00000 10.00000 0.66866
0.00000 55.00000 10.00000 0.50367
5.00000 55.00000 10.00000 0.45563
10.00000 55.00000 10.00000 0.41690
15.00000 55.00000 10.00000 0.39029
20.00000 55.00000 10.00000 0.38259
25.00000 55.00000 10.00000 0.39828
30.00000 55.00000 10.00000 0.43721
35.00000 55.00000 10.00000 0.49152
40.00000 55.00000 10.00000 0.57021
45.00000 55.00000 10.00000 0.68993
50.00000 55.00000 10.00000 0.81807
55.00000 55.00000 10.00000 0.92518
60.00000 55.00000 10.00000 1.04435
65.00000 55.00000 10.00000 1.18131
70.00000 55.00000 10.00000 1.32939
75.00000 55.00000 10.00000 1.49086
80.00000 55.00000 10.00000 1.66495
85.00000 55.00000 10.00000 1.83015
90.00000 55.00000 10.00000 1.97631
95.00000 55.00000 10.00000 2.12978
100.00000 55.00000 10.00000 2.32966
105.00000 55.00000 10.00000 2.60315
110.00000 55.00000 10.00000 2.91713
115.00000 55.00000 10.00000 3.15334
120.00000 55.00000 10.00000 3.24411
125.00000 55.00000 10.00000 3.04941
130.00000 55.00000 10.00000 2.44243
135.00000 55.00000 10.00000 2.06822
140.00000 55.00000 10.00000 1.77949
145.00000 55.00000 10.00000 1.34191
150.00000 55.00000 10.00000 1.03499
155.00000 55.00000 10.00000 0.86588
160.00000 55.00000 10.00000 0.75354
165.00000 55.00000 10.00000 0.66873
170.00000 55.00000 10.00000 0.60663
175.00000 55.00000 10.00000 0.55469
180.00000 55.00000 10.00000 0.50758
185.00000 55.00000 10.00000 0.47921
190.00000 55.00000 10.00000 0.47760
195.00000 55.00000 10.00000 0.50043
200.00000 55.00000 10.00000 0.55689
205.00000 55.00000 10.00000 0.67412
210.00000 55.00000 10.00000 0.86896
215.00000 55.00000 10.00000 1.12117
220.00000 55.00000 10.00000 1.40113
225.00000 55.00000 10.00000 1.62398
230.00000 55.00000 10.00000 1.66017
235.00000 55.00000 10.00000 1.62763
240.00000 55.00000 10.00000 1.63545
245.00000 55.00000 10.00000 1.67771
250.00000 55.00000 10.00000 1.72083
255.00000 55.00000 10.00000 1.78629
260.00000 55.00000 10.00000 1.88144
265.00000 55.00000 10.00000 1.99009
270.00000 55.00000 10.00000 2.11399
275.00000 55.00000 10.00000 2.30240
280.00000 55.00000 10.00000 2.58195
285.00000 55.00000 10.00000 2.94383
290.00000 55.00000 10.00000 3.32454
295.00000 55.00000 10.00000 3.58932
300.00000 55.00000 10.00000 3.65564
305.00000 55.00000 10.00000 3.48198
310.00000 55.00000 10.00000 3.04824
315.00000 55.00000 10.00000 2.56868
320.00000 55.00000 10.00000 2.07352
325.00000 55.00000 10.00000 1.59564
330.00000 55.00000 10.00000 1.24104
335.00000 55.00000 10.00000 1.00162
340.00000 55.00000 10.00000 0.83364
345.00000 55.00000 10.00000 0.71010
350.00000 55.00000 10.00000 0.62595
355.00000 55.00000 10.00000 0.56148
0.00000 60.00000 10.00000 0.43606
5.00000 60.00000 10.00000 0.37639
10.00000 60.00000 10.00000 0.33471
15.00000 60.00000 10.00000 0.31197
20.00000 60.00000 10.00000 0.30384
25.00000 60.00000 10.00000 0.30609
30.00000 60.00000 10.00000 0.31780
35.00000 60.00000 10.00000 0.34026
40.00000 60.00000 10.00000 0.37599
45.00000 60.00000 10.00000 0.42081
50.00000 60.00000 10.00000 0.46402
55.00000 60.00000 10.00000 0.51317
60.00000 60.00000 10.00000 0.58743
65.00000 60.00000 10.00000 0.68148
70.00000 60.00000 10.00000 0.77961
75.00000 60.00000 10.00000 0.89288
80.00000 60.00000 10.00000 1.04585
85.00000 60.00000 10.00000 1.23402
90.00000 60.00000 10.00000 1.42467
95.00000 60.00000 10.00000 1.61072
100.00000 60.00000 10.00000 1.84461
105.00000 60.00000 10.00000 2.18867
110.00000 60.00000 10.00000 2.60996
115.00000 60.00000 10.00000 2.97615
120.00000 60.00000 10.00000 3.22538
125.00000 60.00000 10.00000 3.25537
130.00000 60.00000 10.00000 2.88873
135.00000 60.00000 10.00000 2.49257
140.00000 60.00000 10.00000 2.04964
145.00000 60.00000 10.00000 1.52489
150.00000 60.00000 10.00000 1.14607
155.00000 60.00000 10.00000 0.90187
160.00000 60.00000 10.00000 0.71917
165.00000 60.00000 10.00000 0.58214
170.00000 60.00000 10.00000 0.49715
175.00000 60.00000 10.00000 0.44333
180.00000 60.00000 10.00000 0.39819
185.00000 60.00000 10.00000 0.36488
190.00000 60.00000 10.00000 0.35114
195.00000 60.00000 10.00000 0.35524
200.00000 60.00000 10.00000 0.37471
205.00000 60.00000 10.00000 0.41644
210.00000 60.00000 10.00000 0.49273
215.00000 60.00000 10.00000 0.60471
220.00000 60.00000 10.00000 0.72920
225.00000 60.00000 10.00000 0.81552
230.00000 60.00000 10.00000 0.83512
235.00000 60.00000 10.00000 0.83586
240.00000 60.00000 10.00000 0.86016
245.00000 60.00000 10.00000 0.89880
250.00000 60.00000 10.00000 0.94023
255.00000 60.00000 10.00000 1.00308
260.00000 60.00000 10.00000 1.10689
265.00000 60.00000 10.00000 1.24321
270.00000 60.00000 10.00000 1.39181
275.00000 60.00000 10.00000 1.55944
280.00000 60.00000 10.00000 1.78501
285.00000 60.00000 10.00000 2.11006
290.00000 60.00000 10.00000 2.49781
295.00000 60.00000 10.00000 2.81797
300.00000 60.00000 10.00000 2.99620
305.00000 60.00000 10.00000 3.03939
310.00000 60.00000 10.00000 2.88634
315.00000 60.00000 10.00000 2.52104
320.00000 60.00000 10.00000 2.06123
325.00000 60.00000 10.00000 1.60293
330.00000 60.00000 10.00000 1.24919
335.00000 60.00000 10.00000 1.00010
340.00000 60.00000 10.00000 0.80787
345.00000 60.00000 10.00000 0.66580
350.00000 60.00000 10.00000 0.57426
355.00000 60.00000 10.00000 0.50446
0.00000 65.00000 10.00000 0.47637
5.00000 65.00000 10.00000 0.39750
10.00000 65.00000 10.00000 0.33837
15.00000 65.00000 10.00000 0.30689
20.00000 65.00000 10.00000 0.29451
25.00000 65.00000 10.00000 0.29156
30.00000 65.00000 10.00000 0.29466
35.00000 65.00000 10.00000 0.30486
40.00000 65.00000 10.00000 0.32197
45.00000 65.00000 10.00000 0.33868
50.00000 65.00000 10.00000 0.34907
55.00000 65.00000 10.00000 0.36492
60.00000 65.00000 10.00000 0.40105
65.00000 65.00000 10.00000 0.45112
70.00000 65.00000 10.00000 0.50488
75.00000 65.00000 10.00000 0.57626
80.00000 65.00000 10.00000 0.69695
85.00000 65.00000 10.00000 0.87270
90.00000 65.00000 10.00000 1.06409
95.00000 65.00000 10.00000 1.24341
100.00000 65.00000 10.00000 1.45475
105.00000 65.00000 10.00000 1.75848
110.00000 65.00000 10.00000 2.13780
115.00000 65.00000 10.00000 2.51082
120.00000 65.00000 10.00000 2.83736
125.00000 65.00000 10.00000 3.05949
130.00000 65.00000 10.00000 2.97791
135.00000 65.00000 10.00000 2.63900
140.00000 65.00000 10.00000 2.14812
145.00000 65.00000 10.00000 1.62540
150.00000 65.00000 10.00000 1.23077
155.00000 65.00000 10.00000 0.94772
160.00000 65.00000 10.00000 0.72375
165.00000 65.00000 10.00000 0.56037
170.00000 65.00000 10.00000 0.46726
175.00000 65.00000 10.00000 0.41687
180.00000 65.00000 10.00000 0.37630
185.00000 65.00000 10.00000 0.34077
190.00000 65.00000 10.00000 0.31930
195.00000 65.00000 10.00000 0.31360
200.00000 65.00000 10.00000 0.31860
205.00000 65.00000 10.00000 0.33214
210.00000 65.00000 10.00000 0.35862
215.00000 65.00000 10.00000 0.40274
220.00000 65.00000 10.00000 0.45695
225.00000 65.00000 10.00000 0.49273
230.00000 65.00000 10.00000 0.49849
235.00000 65.00000 10.00000 0.50019
240.00000 65.00000 10.00000 0.51569
245.00000 65.00000 10.00000 0.53527
250.00000 65.00000 10.00000 0.55667
255.00000 65.00000 10.00000 0.59984
260.00000 65.00000 10.00000 0.68755
265.00000 65.00000 10.00000 0.81887
270.00000 65.00000 10.00000 0.96041
275.00000 65.00000 10.00000 1.09068
280.00000 65.00000 10.00000 1.25026
285.00000 65.00000 10.00000 1.49686
290.00000 65.00000 10.00000 1.81171
295.00000 65.00000 10.00000 2.09540
300.00000 65.00000 10.00000 2.29384
305.00000 65.00000 10.00000 2.43497
310.00000 65.00000 10.00000 2.41689
315.00000 65.00000 10.00000 2.19805
320.00000 65.00000 10.00000 1.91256
325.00000 65.00000 10.00000 1.54360
330.00000 65.00000 10.00000 1.23333
335.00000 65.00000 10.00000 1.01228
340.00000 65.00000 10.00000 0.83484
345.00000 65.00000 10.00000 0.70254
350.00000 65.00000 10.00000 0.62003
355.00000 65.00000 10.00000 0.55353
0.00000 70.00000 10.00000 0.57707
5.00000 70.00000 10.00000 0.47257
10.00000 70.00000 10.00000 0.38239
15.00000 70.00000 10.00000 0.32997
20.00000 70.00000 10.00000 0.30746
25.00000 70.00000 10.00000 0.29993
30.00000 70.00000 10.00000 0.30037
35.00000 70.00000 10.00000 0.30740
40.00000 70.00000 10.00000 0.31822
45.00000 70.00000 10.00000 0.32409
50.00000 70.00000 10.00000 0.32074
55.00000 70.00000 10.00000 0.32011
60.00000 70.00000 10.00000 0.33357
65.00000 70.00000 10.00000 0.35690
70.00000 70.00000 10.00000 0.38566
75.00000 70.00000 10.00000 0.43287
80.00000 70.00000 10.00000 0.52632
85.00000 70.00000 10.00000 0.67545
90.00000 70.00000 10.00000 0.84493
95.00000 70.00000 10.00000 1.00051
100.00000 70.00000 10.00000 1.16751
105.00000 70.00000 10.00000 1.39037
110.00000 70.00000 10.00000 1.67501
115.00000 70.00000 10.00000 1.99313
120.00000 70.00000 10.00000 2.32015
125.00000 70.00000 10.00000 2.61036
130.00000 70.00000 10.00000 2.66228
135.00000 70.00000 10.00000 2.44472
140.00000 70.00000 10.00000 2.08801
145.00000 70.00000 10.00000 1.65527
150.00000 70.00000 10.00000 1.29984
155.00000 70.00000 10.00000 1.03065
160.00000 70.00000 10.00000 0.80977
165.00000 70.00000 10.00000 0.64335
170.00000 70.00000 10.00000 0.54441
175.00000 70.00000 10.00000 0.48954
180.00000 70.00000 10.00000 0.44247
185.00000 70.00000 10.00000 0.39192
190.00000 70.00000 10.00000 0.35058
195.00000 70.00000 10.00000 0.32855
200.00000 70.00000 10.00000 0.32183
205.00000 70.00000 10.00000 0.32317
210.00000 70.00000 10.00000 0.33158
215.00000 70.00000 10.00000 0.34978
220.00000 70.00000 10.00000 0.37354
225.00000 70.00000 10.00000 0.38581
230.00000 70.00000 10.00000 0.37939
235.00000 70.00000 10.00000 0.37268
240.00000 70.00000 10.00000 0.37630
245.00000 70.00000 10.00000 0.38320
250.00000 70.00000 10.00000 0.39229
255.00000 70.00000 10.00000 0.41857
260.00000 70.00000 10.00000 0.48380
265.00000 70.00000 10.00000 0.59232
270.00000 70.00000 10.00000 0.71074
275.00000 70.00000 10.00000 0.80923
280.00000 70.00000 10.00000 0.91936
285.00000 70.00000 10.00000 1.09415
290.00000 70.00000 10.00000 1.32579
295.00000 70.00000 10.00000 1.55145
300.00000 70.00000 10.00000 1.74446
305.00000 70.00000 10.00000 1.94106
310.00000 70.00000 10.00000 2.05364
315.00000 70.00000 10.00000 1.99499
320.00000 70.00000 10.00000 1.79917
325.00000 70.00000 10.00000 1.48348
330.00000 70.00000 10.00000 1.22294
335.00000 70.00000 10.00000 1.04452
340.00000 70.00000 10.00000 0.89935
345.00000 70.00000 10.00000 0.78758
350.00000 70.00000 10.00000 0.71737
355.00000 70.00000 10.00000 0.65953
0.00000 75.00000 10.00000 0.61684
5.00000 75.00000 10.00000 0.50877
10.00000 75.00000 10.00000 0.40689
15.00000 75.00000 10.00000 0.34494
20.00000 75.00000 10.00000 0.31847
25.00000 75.00000 10.00000 0.31108
30.00000 75.00000 10.00000 0.31354
35.00000 75.00000 10.00000 0.32268
40.00000 75.00000 10.00000 0.33359
45.00000 75.00000 10.00000 0.33599
50.00000 75.00000 10.00000 0.32677
55.00000 75.00000 10.00000 0.31623
60.00000 75.00000 10.00000 0.31643
65.00000 75.00000 10.00000 0.32720
70.00000 75.00000 10.00000 0.34737
75.00000 75.00000 10.00000 0.38674
80.00000 75.00000 10.00000 0.46467
85.00000 75.00000 10.00000 0.58691
90.00000 75.00000 10.00000 0.72350
95.00000 75.00000 10.00000 0.84204
100.00000 75.00000 10.00000 0.95597
105.00000 75.00000 10.00000 1.10291
110.00000 75.00000 10.00000 1.30175
115.00000 75.00000 10.00000 1.54494
120.00000 75.00000 10.00000 1.81716
125.00000 75.00000 10.00000 2.08647
130.00000 75.00000 10.00000 2.16507
135.00000 75.00000 10.00000 2.04808
140.00000 75.00000 10.00000 1.88812
145.00000 75.00000 10.00000 1.59305
150.00000 75.00000 10.00000 1.31967
155.00000 75.00000 10.00000 1.11524
160.00000 75.00000 10.00000 0.94297
165.00000 75.00000 10.00000 0.79758
170.00000 75.00000 10.00000 0.69327
175.00000 75.00000 10.00000 0.62298
180.00000 75.00000 10.00000 0.55628
185.00000 75.00000 10.00000 0.47826
190.00000 75.00000 10.00000 0.40596
195.00000 75.00000 10.00000 0.36040
200.00000 75.00000 10.00000 0.34014
205.00000 75.00000 10.00000 0.33386
210.00000 75.00000 10.00000 0.33570
215.00000 75.00000 10.00000 0.34569
220.00000 75.00000 10.00000 0.35987
225.00000 75.00000 10.00000 0.36331
230.00000 75.00000 10.00000 0.34882
235.00000 75.00000 10.00000 0.33203
240.00000 75.00000 10.00000 0.32516
245.00000 75.00000 10.00000 0.32528
250.00000 75.00000 10.00000 0.33124
255.00000 75.00000 10.00000 0.35147
260.00000 75.00000 10.00000 0.40147
265.00000 75.00000 10.00000 0.48513
270.00000 75.00000 10.00000 0.57707
275.00000 75.00000 10.00000 0.65048
280.00000 75.00000 10.00000 0.72466
285.00000 75.00000 10.00000 0.83892
290.00000 75.00000 10.00000 0.99372
295.00000 75.00000 10.00000 1.15706
300.00000 75.00000 10.00000 1.32397
305.00000 75.00000 10.00000 1.52851
310.00000 75.00000 10.00000 1.73091
315.00000 75.00000 10.00000 1.78891
320.00000 75.00000 10.00000 1.62532
325.00000 75.00000 10.00000 1.35078
330.00000 75.00000 10.00000 1.13497
335.00000 75.00000 10.00000 0.99321
340.00000 75.00000 10.00000 0.88195
345.00000 75.00000 10.00000 0.79251
350.00000 75.00000 10.00000 0.73485
355.00000 75.00000 10.00000 0.68978
0.00000 80.00000 10.00000 0.53633
5.00000 80.00000 10.00000 0.46024
10.00000 80.00000 10.00000 0.38500
15.00000 80.00000 10.00000 0.33946
20.00000 80.00000 10.00000 0.32360
25.00000 80.00000 10.00000 0.32506
30.00000 80.00000 10.00000 0.33522
35.00000 80.00000 10.00000 0.35090
40.00000 80.00000 10.00000 0.36338
45.00000 80.00000 10.00000 0.36416
50.00000 80.00000 10.00000 0.35766
55.00000 80.00000 10.00000 0.34099
60.00000 80.00000 10.00000 0.33163
65.00000 80.00000 10.00000 0.33832
70.00000 80.00000 10.00000 0.36080
75.00000 80.00000 10.00000 0.40393
80.00000 80.00000 10.00000 0.47737
85.00000 80.00000 10.00000 0.57909
90.00000 80.00000 10.00000 0.67936
95.00000 80.00000 10.00000 0.74929
100.00000 80.00000 10.00000 0.80427
105.00000 80.00000 10.00000 0.88516
110.00000 80.00000 10.00000 1.01006
115.00000 80.00000 10.00000 1.16809
120.00000 80.00000 10.00000 1.34777
125.00000 80.00000 10.00000 1.54483
130.00000 80.00000 10.00000 1.65940
135.00000 80.00000 10.00000 1.65209
140.00000 80.00000 10.00000 1.56508
145.00000 80.00000 10.00000 1.35724
150.00000 80.00000 10.00000 1.17744
155.00000 80.00000 10.00000 1.05906
160.00000 80.00000 10.00000 0.95877
165.00000 80.00000 10.00000 0.85494
170.00000 80.00000 10.00000 0.75972
175.00000 80.00000 10.00000 0.68221
180.00000 80.00000 10.00000 0.60434
185.00000 80.00000 10.00000 0.51192
190.00000 80.00000 10.00000 0.42474
195.00000 80.00000 10.00000 0.36917
200.00000 80.00000 10.00000 0.34560
205.00000 80.00000 10.00000 0.34030
210.00000 80.00000 10.00000 0.34427
215.00000 80.00000 10.00000 0.35661
220.00000 80.00000 10.00000 0.37423
225.00000 80.00000 10.00000 0.37978
230.00000 80.00000 10.00000 0.36057
235.00000 80.00000 10.00000 0.33339
240.00000 80.00000 10.00000 0.31727
245.00000 80.00000 10.00000 0.31412
250.00000 80.00000 10.00000 0.32201
255.00000 80.00000 10.00000 0.34426
260.00000 80.00000 10.00000 0.38865
265.00000 80.00000 10.00000 0.45522
270.00000 80.00000 10.00000 0.52348
275.00000 80.00000 10.00000 0.57079
280.00000 80.00000 10.00000 0.60770
285.00000 80.00000 10.00000 0.66380
290.00000 80.00000 10.00000 0.74695
295.00000 80.00000 10.00000 0.84573
300.00000 80.00000 10.00000 0.96046
305.00000 80.00000 10.00000 1.10954
310.00000 80.00000 10.00000 1.27191
315.00000 80.00000 10.00000 1.34697
320.00000 80.00000 10.00000 1.25364
325.00000 80.00000 10.00000 1.05645
330.00000 80.00000 10.00000 0.89263
335.00000 80.00000 10.00000 0.78948
340.00000 80.00000 10.00000 0.71391
345.00000 80.00000 10.00000 0.65244
350.00000 80.00000 10.00000 0.61175
355.00000 80.00000 10.00000 0.58333
0.00000 85.00000 10.00000 0.44323
5.00000 85.00000 10.00000 0.41143
10.00000 85.00000 10.00000 0.37398
15.00000 85.00000 10.00000 0.35332
20.00000 85.00000 10.00000 0.35583
25.00000 85.00000 10.00000 0.37430
30.00000 85.00000 10.00000 0.39855
35.00000 85.00000 10.00000 0.42637
40.00000 85.00000 10.00000 0.44329
45.00000 85.00000 10.00000 0.44002
50.00000 85.00000 10.00000 0.43933
55.00000 85.00000 10.00000 0.41437
60.00000 85.00000 10.00000 0.39191
65.00000 85.00000 10.00000 0.39636
70.00000 85.00000 10.00000 0.42414
75.00000 85.00000 10.00000 0.47097
80.00000 85.00000 10.00000 0.53736
85.00000 85.00000 10.00000 0.61590
90.00000 85.00000 10.00000 0.67567
95.00000 85.00000 10.00000 0.69099
100.00000 85.00000 10.00000 0.68529
105.00000 85.00000 10.00000 0.70397
110.00000 85.00000 10.00000 0.75991
115.00000 85.00000 10.00000 0.83672
120.00000 85.00000 10.00000 0.92322
125.00000 85.00000 10.00000 1.03323
130.00000 85.00000 10.00000 1.14996
135.00000 85.00000 10.00000 1.19384
140.00000 85.00000 10.00000 1.10967
145.00000 85.00000 10.00000 0.95986
150.00000 85.00000 10.00000 0.85558
155.00000 85.00000 10.00000 0.80122
160.00000 85.00000 10.00000 0.75558
165.00000 85.00000 10.00000 0.69601
170.00000 85.00000 10.00000 0.63288
175.00000 85.00000 10.00000 0.57933
180.00000 85.00000 10.00000 0.52368
185.00000 85.00000 10.00000 0.45470
190.00000 85.00000 10.00000 0.38962
195.00000 85.00000 10.00000 0.35152
200.00000 85.00000 10.00000 0.34234
205.00000 85.00000 10.00000 0.35079
210.00000 85.00000 10.00000 0.36732
215.00000 85.00000 10.00000 0.39261
220.00000 85.00000 10.00000 0.42570
225.00000 85.00000 10.00000 0.44262
230.00000 85.00000 10.00000 0.42094
235.00000 85.00000 10.00000 0.37836
240.00000 85.00000 10.00000 0.34890
245.00000 85.00000 10.00000 0.34154
250.00000 85.00000 10.00000 0.35132
255.00000 85.00000 10.00000 0.37562
260.00000 85.00000 10.00000 0.41613
265.00000 85.00000 10.00000 0.46979
270.00000 85.00000 10.00000 0.51629
275.00000 85.00000 10.00000 0.53236
280.00000 85.00000 10.00000 0.52640
285.00000 85.00000 10.00000 0.52885
290.00000 85.00000 10.00000 0.55481
295.00000 85.00000 10.00000 0.59977
300.00000 85.00000 10.00000 0.65833
305.00000 85.00000 10.00000 0.73527
310.00000 85.00000 10.00000 0.81465
315.00000 85.00000 10.00000 0.85350
320.00000 85.00000 10.00000 0.81913
325.00000 85.00000 10.00000 0.70655
330.00000 85.00000 10.00000 0.60438
335.00000 85.00000 10.00000 0.54530
340.00000 85.00000 10.00000 0.50659
345.00000 85.00000 10.00000 0.47638
350.00000 85.00000 10.00000 0.45967
355.00000 85.00000 10.00000 0.45501
0.00000 90.00000 10.00000 0.45773
5.00000 90.00000 10.00000 0.46593
10.00000 90.00000 10.00000 0.45542
15.00000 90.00000 10.00000 0.45435
20.00000 90.00000 10.00000 0.48012
25.00000 90.00000 10.00000 0.52606
30.00000 90.00000 10.00000 0.57596
35.00000 90.00000 10.00000 0.62915
40.00000 90.00000 10.00000 0.66432
45.00000 90.00000 10.00000 0.65586
50.00000 90.00000 10.00000 0.64614
55.00000 90.00000 10.00000 0.59211
60.00000 90.00000 10.00000 0.53858
65.00000 90.00000 10.00000 0.52957
70.00000 90.00000 10.00000 0.55062
75.00000 90.00000 10.00000 0.58235
80.00000 90.00000 10.00000 0.61964
85.00000 90.00000 10.00000 0.65820
90.00000 90.00000 10.00000 0.67134
95.00000 90.00000 10.00000 0.63829
100.00000 90.00000 10.00000 0.58457
105.00000 90.00000 10.00000 0.55319
110.00000 90.00000 10.00000 0.55555
115.00000 90.00000 10.00000 0.57652
120.00000 90.00000 10.00000 0.60402
125.00000 90.00000 10.00000 0.64756
130.00000 90.00000 10.00000 0.70951
135.00000 90.00000 10.00000 0.73989
140.00000 90.00000 10.00000 0.68853
145.00000 90.00000 10.00000 0.60000
150.00000 90.00000 10.00000 0.54187
155.00000 90.00000 10.00000 0.51624
160.00000 90.00000 10.00000 0.49692
165.00000 90.00000 10.00000 0.47126
170.00000 90.00000 10.00000 0.44748
175.00000 90.00000 10.00000 0.43381
180.00000 90.00000 10.00000 0.42034
185.00000 90.00000 10.00000 0.39598
190.00000 90.00000 10.00000 0.37028
195.00000 90.00000 10.00000 0.36214
200.00000 90.00000 10.00000 0.37786
205.00000 90.00000 10.00000 0.41043
210.00000 90.00000 10.00000 0.45101
215.00000 90.00000 10.00000 0.50317
220.00000 90.00000 10.00000 0.56360
225.00000 90.00000 10.00000 0.59603
230.00000 90.00000 10.00000 0.57463
235.00000 90.00000 10.00000 0.50660
240.00000 90.00000 10.00000 0.44831
245.00000 90.00000 10.00000 0.42638
250.00000 90.00000 10.00000 0.42869
255.00000 90.00000 10.00000 0.44320
260.00000 90.00000 10.00000 0.46904
265.00000 90.00000 10.00000 0.50434
270.00000 90.00000 10.00000 0.52633
275.00000 90.00000 10.00000 0.50921
280.00000 90.00000 10.00000 0.46468
285.00000 90.00000 10.00000 0.42924
290.00000 90.00000 10.00000 0.42104
295.00000 90.00000 10.00000 0.43446
300.00000 90.00000 10.00000 0.45881
305.00000 90.00000 10.00000 0.49330
310.00000 90.00000 10.00000 0.52810
315.00000 90.00000 10.00000 0.54333
320.00000 90.00000 10.00000 0.52985
325.00000 90.00000 10.00000 0.47156
330.00000 90.00000 10.00000 0.41858
335.00000 90.00000 10.00000 0.39440
340.00000 90.00000 10.00000 0.38513
345.00000 90.00000 10.00000 0.38360
350.00000 90.00000 10.00000 0.39638
355.00000 90.00000 10.00000 0.42672
0.00000 0.00000 15.00000 0.35101
5.00000 0.00000 15.00000 0.37178
10.00000 0.00000 15.00000 0.40854
15.00000 0.00000 15.00000 0.44692
20.00000 0.00000 15.00000 0.49143
25.00000 0.00000 15.00000 0.54557
30.00000 0.00000 15.00000 0.57547
35.00000 0.00000 15.00000 0.54641
40.00000 0.00000 15.00000 0.47081
45.00000 0.00000 15.00000 0.41292
50.00000 0.00000 15.00000 0.39105
55.00000 0.00000 15.00000 0.38546
60.00000 0.00000 15.00000 0.38361
65.00000 0.00000 15.00000 0.38832
70.00000 0.00000 15.00000 0.39978
75.00000 0.00000 15.00000 0.40177
80.00000 0.00000 15.00000 0.38220
85.00000 0.00000 15.00000 0.35700
90.00000 0.00000 15.00000 0.35101
95.00000 0.00000 15.00000 0.37178
100.00000 0.00000 15.00000 0.40854
105.00000 0.00000 15.00000 0.44692
110.00000 0.00000 15.00000 0.49143
115.00000 0.00000 15.00000 0.54557
120.00000 0.00000 15.00000 0.57547
125.00000 0.00000 15.00000 0.54641
130.00000 0.00000 15.00000 0.47081
135.00000 0.00000 15.00000 0.41292
140.00000 0.00000 15.00000 0.39105
145.00000 0.00000 15.00000 0.38546
150.00000 0.00000 15.00000 0.38361
155.00000 0.00000 15.00000 0.38832
160.00000 0.00000 15.00000 0.39978
165.00000 0.00000 15.00000 0.40177
170.00000 0.00000 15.00000 0.38220
175.00000 0.00000 15.00000 0.35700
180.00000 0.00000 15.00000 0.35101
185.00000 0.00000 15.00000 0.37178
190.00000 0.00000 15.00000 0.40854
195.00000 0.00000 15.00000 0.44692
200.00000 0.00000 15.00000 0.49143
205.00000 0.00000 15.00000 0.54557
210.00000 0.00000 15.00000 0.57547
215.00000 0.00000 15.00000 0.54641
220.00000 0.00000 15.00000 0.47081
225.00000 0.00000 15.00000 0.41292
230.00000 0.00000 15.00000 0.39105
235.00000 0.00000 15.00000 0.38546
240.00000 0.00000 15.00000 0.38361
245.00000 0.00000 15.00000 0.38832
250.00000 0.00000 15.00000 0.39978
255.00000 0.00000 15.00000 0.40177
260.00000 0.00000 15.00000 0.38220
265.00000 0.00000 15.00000 0.35700
270.00000 0.00000 15.00000 0.35101
275.00000 0.00000 15.00000 0.37178
280.00000 0.00000 15.00000 0.40854
285.00000 0.00000 15.00000 0.44692
290.00000 0.00000 15.00000 0.49143
295.00000 0.00000 15.00000 0.54557
300.00000 0.00000 15.00000 0.57547
305.00000 0.00000 15.00000 0.54641
310.00000 0.00000 15.00000 0.47081
315.00000 0.00000 15.00000 0.41292
320.00000 0.00000 15.00000 0.39105
325.00000 0.00000 15.00000 0.38546
330.00000 0.00000 15.00000 0.38361
335.00000 0.00000 15.00000 0.38832
340.00000 0.00000 15.00000 0.39978
345.00000 0.00000 15.00000 0.40177
350.00000 0.00000 15.00000 0.38220
355.00000 0.00000 15.00000 0.35700
0.00000 5.00000 15.00000 0.45347
5.00000 5.00000 15.00000 0.47316
10.00000 5.00000 15.00000 0.50988
15.00000 5.00000 15.00000 0.54770
20.00000 5.00000 15.00000 0.59567
25.00000 5.00000 15.00000 0.66137
30.00000 5.00000 15.00000 0.69695
35.00000 5.00000 15.00000 0.64789
40.00000 5.00000 15.00000 0.55368
45.00000 5.00000 15.00000 0.48987
50.00000 5.00000 15.00000 0.46681
55.00000 5.00000 15.00000 0.45892
60.00000 5.00000 15.00000 0.44979
65.00000 5.00000 15.00000 0.44156
70.00000 5.00000 15.00000 0.43640
75.00000 5.00000 15.00000 0.42230
80.00000 5.00000 15.00000 0.39182
85.00000 5.00000 15.00000 0.36004
90.00000 5.00000 15.00000 0.34774
95.00000 5.00000 15.00000 0.36033
100.00000 5.00000 15.00000 0.38882
105.00000 5.00000 15.00000 0.42224
110.00000 5.00000 15.00000 0.46366
115.00000 5.00000 15.00000 0.51141
120.00000 5.00000 15.00000 0.53464
125.00000 5.00000 15.00000 0.51218
130.00000 5.00000 15.00000 0.44788
135.00000 5.00000 15.00000 0.39377
140.00000 5.00000 15.00000 0.37035
145.00000 5.00000 15.00000 0.36286
150.00000 5.00000 15.00000 0.36122
155.00000 5.00000 15.00000 0.36723
160.00000 5.00000 15.00000 0.38165
165.00000 5.00000 15.00000 0.39128
170.00000 5.00000 15.00000 0.38242
175.00000 5.00000 15.00000 0.36415
180.00000 5.00000 15.00000 0.35843
185.00000 5.00000 15.00000 0.37542
190.00000 5.00000 15.00000 0.40880
195.00000 5.00000 15.00000 0.44755
200.00000 5.00000 15.00000 0.49201
205.00000 5.00000 15.00000 0.52905
210.00000 5.00000 15.00000 0.53996
215.00000 5.00000 15.00000 0.53342
220.00000 5.00000 15.00000 0.47439
225.00000 5.00000 15.00000 0.41481
230.00000 5.00000 15.00000 0.38741
235.00000 5.00000 15.00000 0.37615
240.00000 5.00000 15.00000 0.37068
245.00000 5.00000 15.00000 0.37557
250.00000 5.00000 15.00000 0.39165
255.00000 5.00000 15.00000 0.40154
260.00000 5.00000 15.00000 0.38881
265.00000 5.00000 15.00000 0.36594
270.00000 5.00000 15.00000 0.35917
275.00000 5.00000 15.00000 0.37866
280.00000 5.00000 15.00000 0.41474
285.00000 5.00000 15.00000 0.45290
290.00000 5.00000 15.00000 0.49615
295.00000 5.00000 15.00000 0.54560
300.00000 5.00000 15.00000 0.57125
305.00000 5.00000 15.00000 0.54819
310.00000 5.00000 15.00000 0.48379
315.00000 5.00000 15.00000 0.43624
320.00000 5.00000 15.00000 0.42647
325.00000 5.00000 15.00000 0.43801
330.00000 5.00000 15.00000 0.45793
335.00000 5.00000 15.00000 0.48652
340.00000 5.00000 15.00000 0.51998
345.00000 5.00000 15.00000 0.53268
350.00000 5.00000 15.00000 0.50683
355.00000 5.00000 15.00000 0.46772
0.00000 10.00000 15.00000 0.61821
5.00000 10.00000 15.00000 0.64380
10.00000 10.00000 15.00000 0.68865
15.00000 10.00000 15.00000 0.74001
20.00000 10.00000 15.00000 0.80983
25.00000 10.00000 15.00000 0.89883
30.00000 10.00000 15.00000 0.94195
35.00000 10.00000 15.00000 0.87722
40.00000 10.00000 15.00000 0.75920
45.00000 10.00000 15.00000 0.67906
50.00000 10.00000 15.00000 0.64230
55.00000 10.00000 15.00000 0.61446
60.00000 10.00000 15.00000 0.57589
65.00000 10.00000 15.00000 0.53439
70.00000 10.00000 15.00000 0.50110
75.00000 10.00000 15.00000 0.46640
80.00000 10.00000 15.00000 0.41960
85.00000 10.00000 15.00000 0.37344
90.00000 10.00000 15.00000 0.34879
95.00000 10.00000 15.00000 0.35014
100.00000 10.00000 15.00000 0.36871
105.00000 10.00000 15.00000 0.39523
110.00000 10.00000 15.00000 0.43113
115.00000 10.00000 15.00000 0.47595
120.00000 10.00000 15.00000 0.50155
125.00000 10.00000 15.00000 0.48165
130.00000 10.00000 15.00000 0.42848
135.00000 10.00000 15.00000 0.38615
140.00000 10.00000 15.00000 0.37212
145.00000 10.00000 15.00000 0.37844
150.00000 10.00000 15.00000 0.39791
155.00000 10.00000 15.00000 0.43047
160.00000 10.00000 15.00000 0.47388
165.00000 10.00000 15.00000 0.50840
170.00000 10.00000 15.00000 0.50973
175.00000 10.00000 15.00000 0.48546
180.00000 10.00000 15.00000 0.46771
185.00000 10.00000 15.00000 0.47418
190.00000 10.00000 15.00000 0.50112
195.00000 10.00000 15.00000 0.53980
200.00000 10.00000 15.00000 0.59094
205.00000 10.00000 15.00000 0.64150
210.00000 10.00000 15.00000 0.66424
215.00000 10.00000 15.00000 0.64890
220.00000 10.00000 15.00000 0.57103
225.00000 10.00000 15.00000 0.49473
230.00000 10.00000 15.00000 0.45377
235.00000 10.00000 15.00000 0.43074
240.00000 10.00000 15.00000 0.41488
245.00000 10.00000 15.00000 0.41146
250.00000 10.00000 15.00000 0.42194
255.00000 10.00000 15.00000 0.43012
260.00000 10.00000 15.00000 0.41859
265.00000 10.00000 15.00000 0.39509
270.00000 10.00000 15.00000 0.38342
275.00000 10.00000 15.00000 0.39540
280.00000 10.00000 15.00000 0.42499
285.00000 10.00000 15.00000 0.45959
290.00000 10.00000 15.00000 0.49733
295.00000 10.00000 15.00000 0.52317
300.00000 10.00000 15.00000 0.51942
305.00000 10.00000 15.00000 0.51723
310.00000 10.00000 15.00000 0.48279
315.00000 10.00000 15.00000 0.44746
320.00000 10.00000 15.00000 0.44648
325.00000 10.00000 15.00000 0.47256
330.00000 10.00000 15.00000 0.51447
335.00000 10.00000 15.00000 0.56937
340.00000 10.00000 15.00000 0.63079
345.00000 10.00000 15.00000 0.66945
350.00000 10.00000 15.00000 0.66055
355.00000 10.00000 15.00000 0.62820
0.00000 15.00000 15.00000 0.70518
5.00000 15.00000 15.00000 0.76075
10.00000 15.00000 15.00000 0.84492
15.00000 15.00000 15.00000 0.94739
20.00000 15.00000 15.00000 1.07678
25.00000 15.00000 15.00000 1.22904
30.00000 15.00000 15.00000 1.32115
35.00000 15.00000 15.00000 1.26774
40.00000 15.00000 15.00000 1.13134
45.00000 15.00000 15.00000 1.02372
50.00000 15.00000 15.00000 0.95075
55.00000 15.00000 15.00000 0.87304
60.00000 15.00000 15.00000 0.77285
65.00000 15.00000 15.00000 0.67547
70.00000 15.00000 15.00000 0.60629
75.00000 15.00000 15.00000 0.54756
80.00000 15.00000 15.00000 0.47509
85.00000 15.00000 15.00000 0.40321
90.00000 15.00000 15.00000 0.36031
95.00000 15.00000 15.00000 0.35127
100.00000 15.00000 15.00000 0.36288
105.00000 15.00000 15.00000 0.38132
110.00000 15.00000 15.00000 0.40552
115.00000 15.00000 15.00000 0.43879
120.00000 15.00000 15.00000 0.46062
125.00000 15.00000 15.00000 0.44362
130.00000 15.00000 15.00000 0.40219
135.00000 15.00000 15.00000 0.37288
140.00000 15.00000 15.00000 0.37049
145.00000 15.00000 15.00000 0.39296
150.00000 15.00000 15.00000 0.43728
155.00000 15.00000 15.00000 0.50337
160.00000 15.00000 15.00000 0.58579
165.00000 15.00000 15.00000 0.65359
170.00000 15.00000 15.00000 0.66710
175.00000 15.00000 15.00000 0.63557
180.00000 15.00000 15.00000 0.60713
185.00000 15.00000 15.00000 0.60848
190.00000 15.00000 15.00000 0.63585
195.00000 15.00000 15.00000 0.67931
200.00000 15.00000 15.00000 0.74226
205.00000 15.00000 15.00000 0.82766
210.00000 15.00000 15.00000 0.89276
215.00000 15.00000 15.00000 0.86949
220.00000 15.00000 15.00000 0.76505
225.00000 15.00000 15.00000 0.66453
230.00000 15.00000 15.00000 0.60399
235.00000 15.00000 15.00000 0.56593
240.00000 15.00000 15.00000 0.53446
245.00000 15.00000 15.00000 0.51281
250.00000 15.00000 15.00000 0.50591
255.00000 15.00000 15.00000 0.50170
260.00000 15.00000 15.00000 0.48357
265.00000 15.00000 15.00000 0.45571
270.00000 15.00000 15.00000 0.43767
275.00000 15.00000 15.00000 0.44110
280.00000 15.00000 15.00000 0.46079
285.00000 15.00000 15.00000 0.48490
290.00000 15.00000 15.00000 0.51034
295.00000 15.00000 15.00000 0.52333
300.00000 15.00000 15.00000 0.50600
305.00000 15.00000 15.00000 0.49327
310.00000 15.00000 15.00000 0.45975
315.00000 15.00000 15.00000 0.42509
320.00000 15.00000 15.00000 0.41994
325.00000 15.00000 15.00000 0.44062
330.00000 15.00000 15.00000 0.47787
335.00000 15.00000 15.00000 0.52844
340.00000 15.00000 15.00000 0.59117
345.00000 15.00000 15.00000 0.64915
350.00000 15.00000 15.00000 0.67796
355.00000 15.00000 15.00000 0.68450
0.00000 20.00000 15.00000 0.67337
5.00000 20.00000 15.00000 0.78040
10.00000 20.00000 15.00000 0.94212
15.00000 20.00000 15.00000 1.14296
20.00000 20.00000 15.00000 1.37991
25.00000 20.00000 15.00000 1.65045
30.00000 20.00000 15.00000 1.86000
35.00000 20.00000 15.00000 1.87432
40.00000 20.00000 15.00000 1.73689
45.00000 20.00000 15.00000 1.57794
50.00000 20.00000 15.00000 1.42778
55.00000 20.00000 15.00000 1.25960
60.00000 20.00000 15.00000 1.06608
65.00000 20.00000 15.00000 0.89477
70.00000 20.00000 15.00000 0.78089
75.00000 20.00000 15.00000 0.68818
80.00000 20.00000 15.00000 0.57661
85.00000 20.00000 15.00000 0.46638
90.00000 20.00000 15.00000 0.39707
95.00000 20.00000 15.00000 0.37541
100.00000 20.00000 15.00000 0.38045
105.00000 20.00000 15.00000 0.38878
110.00000 20.00000 15.00000 0.39466
115.00000 20.00000 15.00000 0.40623
120.00000 20.00000 15.00000 0.41394
125.00000 20.00000 15.00000 0.39745
130.00000 20.00000 15.00000 0.36688
135.00000 20.00000 15.00000 0.34716
140.00000 20.00000 15.00000 0.34942
145.00000 20.00000 15.00000 0.37442
150.00000 20.00000 15.00000 0.42252
155.00000 20.00000 15.00000 0.49603
160.00000 20.00000 15.00000 0.59106
165.00000 20.00000 15.00000 0.67521
170.00000 20.00000 15.00000 0.70135
175.00000 20.00000 15.00000 0.67814
180.00000 20.00000 15.00000 0.66395
185.00000 20.00000 15.00000 0.69085
190.00000 20.00000 15.00000 0.75082
195.00000 20.00000 15.00000 0.82632
200.00000 20.00000 15.00000 0.91913
205.00000 20.00000 15.00000 1.04666
210.00000 20.00000 15.00000 1.17476
215.00000 20.00000 15.00000 1.20397
220.00000 20.00000 15.00000 1.11153
225.00000 20.00000 15.00000 0.98890
230.00000 20.00000 15.00000 0.90194
235.00000 20.00000 15.00000 0.84378
240.00000 20.00000 15.00000 0.78425
245.00000 20.00000 15.00000 0.72260
250.00000 20.00000 15.00000 0.67760
255.00000 20.00000 15.00000 0.64691
260.00000 20.00000 15.00000 0.61274
265.00000 20.00000 15.00000 0.57360
270.00000 20.00000 15.00000 0.54811
275.00000 20.00000 15.00000 0.54680
280.00000 20.00000 15.00000 0.55806
285.00000 20.00000 15.00000 0.56274
290.00000 20.00000 15.00000 0.56258
295.00000 20.00000 15.00000 0.56098
300.00000 20.00000 15.00000 0.53449
305.00000 20.00000 15.00000 0.48665
310.00000 20.00000 15.00000 0.43030
315.00000 20.00000 15.00000 0.38624
320.00000 20.00000 15.00000 0.36905
325.00000 20.00000 15.00000 0.37287
330.00000 20.00000 15.00000 0.38887
335.00000 20.00000 15.00000 0.41559
340.00000 20.00000 15.00000 0.45852
345.00000 20.00000 15.00000 0.51648
350.00000 20.00000 15.00000 0.57145
355.00000 20.00000 15.00000 0.61491
0.00000 25.00000 15.00000 0.63251
5.00000 25.00000 15.00000 0.79396
10.00000 25.00000 15.00000 1.04501
15.00000 25.00000 15.00000 1.36383
20.00000 25.00000 15.00000 1.73273
25.00000 25.00000 15.00000 2.14908
30.00000 25.00000 15.00000 2.52065
35.00000 25.00000 15.00000 2.66327
40.00000 25.00000 15.00000 2.54965
45.00000 25.00000 15.00000 2.31418
50.00000 25.00000 15.00000 2.04709
55.00000 25.00000 15.00000 1.75788
60.00000 25.00000 15.00000 1.45648
65.00000 25.00000 15.00000 1.20490
70.00000 25.00000 15.00000 1.03687
75.00000 25.00000 15.00000 0.89979
80.00000 25.00000 15.00000 0.74237
85.00000 25.00000 15.00000 0.58862
90.00000 25.00000 15.00000 0.48616
95.00000 25.00000 15.00000 0.44511
100.00000 25.00000 15.00000 0.43822
105.00000 25.00000 15.00000 0.43116
110.00000 25.00000 15.00000 0.41522
115.00000 25.00000 15.00000 0.40182
120.00000 25.00000 15.00000 0.38950
125.00000 25.00000 15.00000 0.36691
130.00000 25.00000 15.00000 0.34032
135.00000 25.00000 15.00000 0.32388
140.00000 25.00000 15.00000 0.32300
145.00000 25.00000 15.00000 0.33824
150.00000 25.00000 15.00000 0.37093
155.00000 25.00000 15.00000 0.42469
160.00000 25.00000 15.00000 0.50097
165.00000 25.00000 15.00000 0.57947
170.00000 25.00000 15.00000 0.61972
175.00000 25.00000 15.00000 0.62501
180.00000 25.00000 15.00000 0.65217
185.00000 25.00000 15.00000 0.73740
190.00000 25.00000 15.00000 0.86958
195.00000 25.00000 15.00000 1.02309
200.00000 25.00000 15.00000 1.19213
205.00000 25.00000 15.00000 1.39941
210.00000 25.00000 15.00000 1.63087
215.00000 25.00000 15.00000 1.76829
220.00000 25.00000 15.00000 1.72739
225.00000 25.00000 15.00000 1.58652
230.00000 25.00000 15.00000 1.45850
235.00000 25.00000 15.00000 1.35607
240.00000 25.00000 15.00000 1.23111
245.00000 25.00000 15.00000 1.08846
250.00000 25.00000 15.00000 0.97614
255.00000 25.00000 15.00000 0.90525
260.00000 25.00000 15.00000 0.84776
265.00000 25.00000 15.00000 0.79054
270.00000 25.00000 15.00000 0.75495
275.00000 25.00000 15.00000 0.75646
280.00000 25.00000 15.00000 0.76759
285.00000 25.00000 15.00000 0.74791
290.00000 25.00000 15.00000 0.70338
295.00000 25.00000 15.00000 0.65423
300.00000 25.00000 15.00000 0.58490
305.00000 25.00000 15.00000 0.50588
310.00000 25.00000 15.00000 0.43025
315.00000 25.00000 15.00000 0.37089
320.00000 25.00000 15.00000 0.33954
325.00000 25.00000 15.00000 0.32990
330.00000 25.00000 15.00000 0.33191
335.00000 25.00000 15.00000 0.34386
340.00000 25.00000 15.00000 0.37318
345.00000 25.00000 15.00000 0.42472
350.00000 25.00000 15.00000 0.48574
355.00000 25.00000 15.00000 0.54544
0.00000 30.00000 15.00000 0.65065
5.00000 30.00000 15.00000 0.84691
10.00000 30.00000 15.00000 1.14966
15.00000 30.00000 15.00000 1.53843
20.00000 30.00000 15.00000 1.99431
25.00000 30.00000 15.00000 2.50733
30.00000 30.00000 15.00000 2.99585
35.00000 30.00000 15.00000 3.26787
40.00000 30.00000 15.00000 3.21915
45.00000 30.00000 15.00000 2.96004
50.00000 30.00000 15.00000 2.62347
55.00000 30.00000 15.00000 2.24967
60.00000 30.00000 15.00000 1.87222
65.00000 30.00000 15.00000 1.56451
70.00000 30.00000 15.00000 1.35345
75.00000 30.00000 15.00000 1.18200
80.00000 30.00000 15.00000 0.99356
85.00000 30.00000 15.00000 0.80695
90.00000 30.00000 15.00000 0.67296
95.00000 30.00000 15.00000 0.60427
100.00000 30.00000 15.00000 0.57105
105.00000 30.00000 15.00000 0.53645
110.00000 30.00000 15.00000 0.49306
115.00000 30.00000 15.00000 0.45358
120.00000 30.00000 15.00000 0.41635
125.00000 30.00000 15.00000 0.37751
130.00000 30.00000 15.00000 0.34415
135.00000 30.00000 15.00000 0.32349
140.00000 30.00000 15.00000 0.31619
145.00000 30.00000 15.00000 0.32175
150.00000 30.00000 15.00000 0.34130
155.00000 30.00000 15.00000 0.37808
160.00000 30.00000 15.00000 0.43609
165.00000 30.00000 15.00000 0.50771
170.00000 30.00000 15.00000 0.56540
175.00000 30.00000 15.00000 0.60811
180.00000 30.00000 15.00000 0.68642
185.00000 30.00000 15.00000 0.83938
190.00000 30.00000 15.00000 1.05726
195.00000 30.00000 15.00000 1.31761
200.00000 30.00000 15.00000 1.61132
205.00000 30.00000 15.00000 1.94619
210.00000 30.00000 15.00000 2.31270
215.00000 30.00000 15.00000 2.58878
220.00000 30.00000 15.00000 2.63231
225.00000 30.00000 15.00000 2.49624
230.00000 30.00000 15.00000 2.32069
235.00000 30.00000 15.00000 2.13068
240.00000 30.00000 15.00000 1.89030
245.00000 30.00000 15.00000 1.63489
250.00000 30.00000 15.00000 1.44338
255.00000 30.00000 15.00000 1.33241
260.00000 30.00000 15.00000 1.25141
265.00000 30.00000 15.00000 1.17246
270.00000 30.00000 15.00000 1.12725
275.00000 30.00000 15.00000 1.13939
280.00000 30.00000 15.00000 1.16114
285.00000 30.00000 15.00000 1.11966
290.00000 30.00000 15.00000 1.01487
295.00000 30.00000 15.00000 0.87614
300.00000 30.00000 15.00000 0.71174
305.00000 30.00000 15.00000 0.59128
310.00000 30.00000 15.00000 0.49669
315.00000 30.00000 15.00000 0.40943
320.00000 30.00000 15.00000 0.35661
325.00000 30.00000 15.00000 0.33461
330.00000 30.00000 15.00000 0.33110
335.00000 30.00000 15.00000 0.34186
340.00000 30.00000 15.00000 0.37049
345.00000 30.00000 15.00000 0.42032
350.00000 30.00000 15.00000 0.48061
355.00000 30.00000 15.00000 0.54543
0.00000 35.00000 15.00000 0.69149
5.00000 35.00000 15.00000 0.87677
10.00000 35.00000 15.00000 1.14769
15.00000 35.00000 15.00000 1.49202
20.00000 35.00000 15.00000 1.90459
25.00000 35.00000 15.00000 2.37155
30.00000 35.00000 15.00000 2.81866
35.00000 35.00000 15.00000 3.12926
40.00000 35.00000 15.00000 3.19629
45.00000 35.00000 15.00000 3.06381
50.00000 35.00000 15.00000 2.82594
55.00000 35.00000 15.00000 2.50627
60.00000 35.00000 15.00000 2.16266
65.00000 35.00000 15.00000 1.88428
70.00000 35.00000 15.00000 1.69291
75.00000 35.00000 15.00000 1.53478
80.00000 35.00000 15.00000 1.35444
85.00000 35.00000 15.00000 1.16168
90.00000 35.00000 15.00000 1.00606
95.00000 35.00000 15.00000 0.90725
100.00000 35.00000 15.00000 0.83354
105.00000 35.00000 15.00000 0.75496
110.00000 35.00000 15.00000 0.67825
115.00000 35.00000 15.00000 0.61205
120.00000 35.00000 15.00000 0.53790
125.00000 35.00000 15.00000 0.46223
130.00000 35.00000 15.00000 0.40580
135.00000 35.00000 15.00000 0.36913
140.00000 35.00000 15.00000 0.34988
145.00000 35.00000 15.00000 0.34849
150.00000 35.00000 15.00000 0.36584
155.00000 35.00000 15.00000 0.40174
160.00000 35.00000 15.00000 0.45707
165.00000 35.00000 15.00000 0.52788
170.00000 35.00000 15.00000 0.59674
175.00000 35.00000 15.00000 0.66451
180.00000 35.00000 15.00000 0.77717
185.00000 35.00000 15.00000 0.97104
190.00000 35.00000 15.00000 1.23654
195.00000 35.00000 15.00000 1.56929
200.00000 35.00000 15.00000 1.98117
205.00000 35.00000 15.00000 2.42734
210.00000 35.00000 15.00000 2.88594
215.00000 35.00000 15.00000 3.31350
220.00000 35.00000 15.00000 3.48149
225.00000 35.00000 15.00000 3.40197
230.00000 35.00000 15.00000 3.21355
235.00000 35.00000 15.00000 2.94753
240.00000 35.00000 15.00000 2.61768
245.00000 35.00000 15.00000 2.29676
250.00000 35.00000 15.00000 2.07370
255.00000 35.00000 15.00000 1.95206
260.00000 35.00000 15.00000 1.85850
265.00000 35.00000 15.00000 1.76016
270.00000 35.00000 15.00000 1.71031
275.00000 35.00000 15.00000 1.74527
280.00000 35.00000 15.00000 1.79403
285.00000 35.00000 15.00000 1.75364
290.00000 35.00000 15.00000 1.60799
295.00000 35.00000 15.00000 1.35735
300.00000 35.00000 15.00000 1.04706
305.00000 35.00000 15.00000 0.83214
310.00000 35.00000 15.00000 0.67598
315.00000 35.00000 15.00000 0.53459
320.00000 35.00000 15.00000 0.44113
325.00000 35.00000 15.00000 0.39585
330.00000 35.00000 15.00000 0.38437
335.00000 35.00000 15.00000 0.39741
340.00000 35.00000 15.00000 0.42938
345.00000 35.00000 15.00000 0.47627
350.00000 35.00000 15.00000 0.52853
355.00000 35.00000 15.00000 0.58784
0.00000 40.00000 15.00000 0.69335
5.00000 40.00000 15.00000 0.83149
10.00000 40.00000 15.00000 1.01096
15.00000 40.00000 15.00000 1.22559
20.00000 40.00000 15.00000 1.47978
25.00000 40.00000 15.00000 1.77156
30.00000 40.00000 15.00000 2.01033
35.00000 40.00000 15.00000 2.23217
40.00000 40.00000 15.00000 2.41240
45.00000 40.00000 15.00000 2.48672
50.00000 40.00000 15.00000 2.45632
55.00000 40.00000 15.00000 2.31696
60.00000 40.00000 15.00000 2.13089
65.00000 40.00000 15.00000 1.98858
70.00000 40.00000 15.00000 1.89978
75.00000 40.00000 15.00000 1.82027
80.00000 40.00000 15.00000 1.69760
85.00000 40.00000 15.00000 1.54321
90.00000 40.00000 15.00000 1.40654
95.00000 40.00000 15.00000 1.30723
100.00000 40.00000 15.00000 1.21717
105.00000 40.00000 15.00000 1.11434
110.00000 40.00000 15.00000 1.02427
115.00000 40.00000 15.00000 0.94305
120.00000 40.00000 15.00000 0.80952
125.00000 40.00000 15.00000 0.65666
130.00000 40.00000 15.00000 0.56156
135.00000 40.00000 15.00000 0.50018
140.00000 40.00000 15.00000 0.45088
145.00000 40.00000 15.00000 0.43181
150.00000 40.00000 15.00000 0.44587
155.00000 40.00000 15.00000 0.47847
160.00000 40.00000 15.00000 0.52615
165.00000 40.00000 15.00000 0.58383
170.00000 40.00000 15.00000 0.63872
175.00000 40.00000 15.00000 0.69784
180.00000 40.00000 15.00000 0.80387
185.00000 40.00000 15.00000 0.99661
190.00000 40.00000 15.00000 1.24930
195.00000 40.00000 15.00000 1.56625
200.00000 40.00000 15.00000 2.01858
205.00000 40.00000 15.00000 2.43140
210.00000 40.00000 15.00000 2.77010
215.00000 40.00000 15.00000 3.31172
220.00000 40.00000 15.00000 3.67461
225.00000 40.00000 15.00000 3.69181
230.00000 40.00000 15.00000 3.53558
235.00000 40.00000 15.00000 3.28773
240.00000 40.00000 15.00000 3.00309
245.00000 40.00000 15.00000 2.73833
250.00000 40.00000 15.00000 2.56867
255.00000 40.00000 15.00000 2.47881
260.00000 40.00000 15.00000 2.40417
265.00000 40.00000 15.00000 2.32086
270.00000 40.00000 15.00000 2.29975
275.00000 40.00000 15.00000 2.40115
280.00000 40.00000 15.00000 2.54258
285.00000 40.00000 15.00000 2.60298
290.00000 40.00000 15.00000 2.52696
295.00000 40.00000 15.00000 2.19365
300.00000 40.00000 15.00000 1.63521
305.00000 40.00000 15.00000 1.22756
310.00000 40.00000 15.00000 0.99645
315.00000 40.00000 15.00000 0.80015
320.00000 40.00000 15.00000 0.63862
325.00000 40.00000 15.00000 0.54511
330.00000 40.00000 15.00000 0.50147
335.00000 40.00000 15.00000 0.49711
340.00000 40.00000 15.00000 0.51279
345.00000 40.00000 15.00000 0.53855
350.00000 40.00000 15.00000 0.56846
355.00000 40.00000 15.00000 0.60854
0.00000 45.00000 15.00000 0.61417
5.00000 45.00000 15.00000 0.68808
10.00000 45.00000 15.00000 0.76541
15.00000 45.00000 15.00000 0.84925
20.00000 45.00000 15.00000 0.94608
25.00000 45.00000 15.00000 1.07432
30.00000 45.00000 15.00000 1.14477
35.00000 45.00000 15.00000 1.23627
40.00000 45.00000 15.00000 1.43544
45.00000 45.00000 15.00000 1.63298
50.00000 45.00000 15.00000 1.72752
55.00000 45.00000 15.00000 1.73664
60.00000 45.00000 15.00000 1.70897
65.00000 45.00000 15.00000 1.71081
70.00000 45.00000 15.00000 1.73103
75.00000 45.00000 15.00000 1.74433
80.00000 45.00000 15.00000 1.70502
85.00000 45.00000 15.00000 1.64331
90.00000 45.00000 15.00000 1.59008
95.00000 45.00000 15.00000 1.54859
100.00000 45.00000 15.00000 1.50618
105.00000 45.00000 15.00000 1.44770
110.00000 45.00000 15.00000 1.40008
115.00000 45.00000 15.00000 1.34047
120.00000 45.00000 15.00000 1.19351
125.00000 45.00000 15.00000 0.97041
130.00000 45.00000 15.00000 0.83619
135.00000 45.00000 15.00000 0.77942
140.00000 45.00000 15.00000 0.67252
145.00000 45.00000 15.00000 0.59729
150.00000 45.00000 15.00000 0.58229
155.00000 45.00000 15.00000 0.57439
160.00000 45.00000 15.00000 0.57524
165.00000 45.00000 15.00000 0.58928
170.00000 45.00000 15.00000 0.60165
175.00000 45.00000 15.00000 0.62223
180.00000 45.00000 15.00000 0.68324
185.00000 45.00000 15.00000 0.82532
190.00000 45.00000 15.00000 1.00564
195.00000 45.00000 15.00000 1.21850
200.00000 45.00000 15.00000 1.57284
205.00000 45.00000 15.00000 1.89740
210.00000 45.00000 15.00000 2.08780
215.00000 45.00000 15.00000 2.52419
220.00000 45.00000 15.00000 3.03261
225.00000 45.00000 15.00000 3.16007
230.00000 45.00000 15.00000 3.01769
235.00000 45.00000 15.00000 2.82356
240.00000 45.00000 15.00000 2.66207
245.00000 45.00000 15.00000 2.50704
250.00000 45.00000 15.00000 2.41311
255.00000 45.00000 15.00000 2.35508
260.00000 45.00000 15.00000 2.33918
265.00000 45.00000 15.00000 2.34282
270.00000 45.00000 15.00000 2.40467
275.00000 45.00000 15.00000 2.60557
280.00000 45.00000 15.00000 2.86858
285.00000 45.00000 15.00000 3.08917
290.00000 45.00000 15.00000 3.16116
295.00000 45.00000 15.00000 2.91640
300.00000 45.00000 15.00000 2.30380
305.00000 45.00000 15.00000 1.71841
310.00000 45.00000 15.00000 1.45222
315.00000 45.00000 15.00000 1.28541
320.00000 45.00000 15.00000 1.03961
325.00000 45.00000 15.00000 0.85009
330.00000 45.00000 15.00000 0.71823
335.00000 45.00000 15.00000 0.64385
340.00000 45.00000 15.00000 0.59293
345.00000 45.00000 15.00000 0.56338
350.00000 45.00000 15.00000 0.55564
355.00000 45.00000 15.00000 0.56424
0.00000 50.00000 15.00000 0.49643
5.00000 50.00000 15.00000 0.49701
10.00000 50.00000 15.00000 0.49256
15.00000 50.00000 15.00000 0.49368
20.00000 50.00000 15.00000 0.50919
25.00000 50.00000 15.00000 0.54965
30.00000 50.00000 15.00000 0.58191
35.00000 50.00000 15.00000 0.62616
40.00000 50.00000 15.00000 0.75680
45.00000 50.00000 15.00000 0.92969
50.00000 50.00000 15.00000 1.03616
55.00000 50.00000 15.00000 1.10347
60.00000 50.00000 15.00000 1.16939
65.00000 50.00000 15.00000 1.25957
70.00000 50.00000 15.00000 1.35178
75.00000 50.00000 15.00000 1.43754
80.00000 50.00000 15.00000 1.48413
85.00000 50.00000 15.00000 1.50889
90.00000 50.00000 15.00000 1.52590
95.00000 50.00000 15.00000 1.54620
100.00000 50.00000 15.00000 1.58187
105.00000 50.00000 15.00000 1.63911
110.00000 50.00000 15.00000 1.71235
115.00000 50.00000 15.00000 1.75225
120.00000 50.00000 15.00000 1.69925
125.00000 50.00000 15.00000 1.46103
130.00000 50.00000 15.00000 1.24111
135.00000 50.00000 15.00000 1.18492
140.00000 50.00000 15.00000 1.00783
145.00000 50.00000 15.00000 0.83253
150.00000 50.00000 15.00000 0.74692
155.00000 50.00000 15.00000 0.68052
160.00000 50.00000 15.00000 0.62140
165.00000 50.00000 15.00000 0.57951
170.00000 50.00000 15.00000 0.54596
175.00000 50.00000 15.00000 0.52348
180.00000 50.00000 15.00000 0.52514
185.00000 50.00000 15.00000 0.56967
190.00000 50.00000 15.00000 0.63665
195.00000 50.00000 15.00000 0.72310
200.00000 50.00000 15.00000 0.88359
205.00000 50.00000 15.00000 1.09198
210.00000 50.00000 15.00000 1.28108
215.00000 50.00000 15.00000 1.55365
220.00000 50.00000 15.00000 1.92866
225.00000 50.00000 15.00000 2.08025
230.00000 50.00000 15.00000 1.99758
235.00000 50.00000 15.00000 1.89968
240.00000 50.00000 15.00000 1.87235
245.00000 50.00000 15.00000 1.84644
250.00000 50.00000 15.00000 1.84460
255.00000 50.00000 15.00000 1.85742
260.00000 50.00000 15.00000 1.91547
265.00000 50.00000 15.00000 1.99340
270.00000 50.00000 15.00000 2.11546
275.00000 50.00000 15.00000 2.35269
280.00000 50.00000 15.00000 2.66382
285.00000 50.00000 15.00000 2.98647
290.00000 50.00000 15.00000 3.20614
295.00000 50.00000 15.00000 3.21944
300.00000 50.00000 15.00000 2.96584
305.00000 50.00000 15.00000 2.47610
310.00000 50.00000 15.00000 2.09094
315.00000 50.00000 15.00000 1.87892
320.00000 50.00000 15.00000 1.54172
325.00000 50.00000 15.00000 1.22096
330.00000 50.00000 15.00000 0.97963
335.00000 50.00000 15.00000 0.81226
340.00000 50.00000 15.00000 0.67895
345.00000 50.00000 15.00000 0.58602
350.00000 50.00000 15.00000 0.53369
355.00000 50.00000 15.00000 0.50283
0.00000 55.00000 15.00000 0.39886
5.00000 55.00000 15.00000 0.36654
10.00000 55.00000 15.00000 0.34074
15.00000 55.00000 15.00000 0.32513
20.00000 55.00000 15.00000 0.32176
25.00000 55.00000 15.00000 0.33097
30.00000 55.00000 15.00000 0.34781
35.00000 55.00000 15.00000 0.37245
40.00000 55.00000 15.00000 0.42269
45.00000 55.00000 15.00000 0.49592
50.00000 55.00000 15.00000 0.55680
55.00000 55.00000 15.00000 0.61962
60.00000 55.00000 15.00000 0.70381
65.00000 55.00000 15.00000 0.80500
70.00000 55.00000 15.00000 0.90757
75.00000 55.00000 15.00000 1.01174
80.00000 55.00000 15.00000 1.10939
85.00000 55.00000 15.00000 1.19174
90.00000 55.00000 15.00000 1.26208
95.00000 55.00000 15.00000 1.34463
100.00000 55.00000 15.00000 1.48067
105.00000 55.00000 15.00000 1.70438
110.00000 55.00000 15.00000 1.96992
115.00000 55.00000 15.00000 2.18882
120.00000 55.00000 15.00000 2.30581
125.00000 55.00000 15.00000 2.18153
130.00000 55.00000 15.00000 1.93624
135.00000 55.00000 15.00000 1.76352
140.00000 55.00000 15.00000 1.44043
145.00000 55.00000 15.00000 1.12298
150.00000 55.00000 15.00000 0.92087
155.00000 55.00000 15.00000 0.77448
160.00000 55.00000 15.00000 0.64751
165.00000 55.00000 15.00000 0.55045
170.00000 55.00000 15.00000 0.48411
175.00000 55.00000 15.00000 0.43650
180.00000 55.00000 15.00000 0.40594
185.00000 55.00000 15.00000 0.39657
190.00000 55.00000 15.00000 0.40286
195.00000 55.00000 15.00000 0.42277
200.00000 55.00000 15.00000 0.46838
205.00000 55.00000 15.00000 0.55193
210.00000 55.00000 15.00000 0.66631
215.00000 55.00000 15.00000 0.79634
220.00000 55.00000 15.00000 0.92801
225.00000 55.00000 15.00000 0.99636
230.00000 55.00000 15.00000 0.98562
235.00000 55.00000 15.00000 0.98598
240.00000 55.00000 15.00000 1.03741
245.00000 55.00000 15.00000 1.09796
250.00000 55.00000 15.00000 1.16269
255.00000 55.00000 15.00000 1.24330
260.00000 55.00000 15.00000 1.34906
265.00000 55.00000 15.00000 1.46967
270.00000 55.00000 15.00000 1.63146
275.00000 55.00000 15.00000 1.87848
280.00000 55.00000 15.00000 2.22119
285.00000 55.00000 15.00000 2.63864
290.00000 55.00000 15.00000 3.02779
295.00000 55.00000 15.00000 3.29932
300.00000 55.00000 15.00000 3.41263
305.00000 55.00000 15.00000 3.26167
310.00000 55.00000 15.00000 2.89652
315.00000 55.00000 15.00000 2.48661
320.00000 55.00000 15.00000 1.99898
325.00000 55.00000 15.00000 1.54545
330.00000 55.00000 15.00000 1.20459
335.00000 55.00000 15.00000 0.94677
340.00000 55.00000 15.00000 0.73986
345.00000 55.00000 15.00000 0.59411
350.00000 55.00000 15.00000 0.50324
355.00000 55.00000 15.00000 0.44185
0.00000 60.00000 15.00000 0.35917
5.00000 60.00000 15.00000 0.31783
10.00000 60.00000 15.00000 0.29264
15.00000 60.00000 15.00000 0.28072
20.00000 60.00000 15.00000 0.27707
25.00000 60.00000 15.00000 0.27863
30.00000 60.00000 15.00000 0.28456
35.00000 60.00000 15.00000 0.29574
40.00000 60.00000 15.00000 0.31364
45.00000 60.00000 15.00000 0.33552
50.00000 60.00000 15.00000 0.35822
55.00000 60.00000 15.00000 0.39245
60.00000 60.00000 15.00000 0.44656
65.00000 60.00000 15.00000 0.51139
70.00000 60.00000 15.00000 0.57881
75.00000 60.00000 15.00000 0.65886
80.00000 60.00000 15.00000 0.76143
85.00000 60.00000 15.00000 0.87519
90.00000 60.00000 15.00000 0.98523
95.00000 60.00000 15.00000 1.11014
100.00000 60.00000 15.00000 1.31550
105.00000 60.00000 15.00000 1.65305
110.00000 60.00000 15.00000 2.07020
115.00000 60.00000 15.00000 2.46753
120.00000 60.00000 15.00000 2.79217
125.00000 60.00000 15.00000 2.92841
130.00000 60.00000 15.00000 2.81166
135.00000 60.00000 15.00000 2.49973
140.00000 60.00000 15.00000 1.99754
145.00000 60.00000 15.00000 1.51723
150.00000 60.00000 15.00000 1.16497
155.00000 60.00000 15.00000 0.89440
160.00000 60.00000 15.00000 0.67371
165.00000 60.00000 15.00000 0.52061
170.00000 60.00000 15.00000 0.43112
175.00000 60.00000 15.00000 0.37515
180.00000 60.00000 15.00000 0.33730
185.00000 60.00000 15.00000 0.31581
190.00000 60.00000 15.00000 0.30749
195.00000 60.00000 15.00000 0.30816
200.00000 60.00000 15.00000 0.31766
205.00000 60.00000 15.00000 0.34108
210.00000 60.00000 15.00000 0.38109
215.00000 60.00000 15.00000 0.43161
220.00000 60.00000 15.00000 0.47665
225.00000 60.00000 15.00000 0.49900
230.00000 60.00000 15.00000 0.50117
235.00000 60.00000 15.00000 0.51812
240.00000 60.00000 15.00000 0.56285
245.00000 60.00000 15.00000 0.61694
250.00000 60.00000 15.00000 0.67580
255.00000 60.00000 15.00000 0.75513
260.00000 60.00000 15.00000 0.86861
265.00000 60.00000 15.00000 1.01515
270.00000 60.00000 15.00000 1.19541
275.00000 60.00000 15.00000 1.42812
280.00000 60.00000 15.00000 1.75262
285.00000 60.00000 15.00000 2.18216
290.00000 60.00000 15.00000 2.64746
295.00000 60.00000 15.00000 3.06396
300.00000 60.00000 15.00000 3.38887
305.00000 60.00000 15.00000 3.53711
310.00000 60.00000 15.00000 3.36614
315.00000 60.00000 15.00000 2.95655
320.00000 60.00000 15.00000 2.41390
325.00000 60.00000 15.00000 1.86149
330.00000 60.00000 15.00000 1.42840
335.00000 60.00000 15.00000 1.08517
340.00000 60.00000 15.00000 0.80877
345.00000 60.00000 15.00000 0.61794
350.00000 60.00000 15.00000 0.49915
355.00000 60.00000 15.00000 0.41835
0.00000 65.00000 15.00000 0.39829
5.00000 65.00000 15.00000 0.33780
10.00000 65.00000 15.00000 0.29981
15.00000 65.00000 15.00000 0.28230
20.00000 65.00000 15.00000 0.27599
25.00000 65.00000 15.00000 0.27460
30.00000 65.00000 15.00000 0.27637
35.00000 65.00000 15.00000 0.28140
40.00000 65.00000 15.00000 0.28904
45.00000 65.00000 15.00000 0.29602
50.00000 65.00000 15.00000 0.30243
55.00000 65.00000 15.00000 0.31690
60.00000 65.00000 15.00000 0.34392
65.00000 65.00000 15.00000 0.37651
70.00000 65.00000 15.00000 0.41282
75.00000 65.00000 15.00000 0.46710
80.00000 65.00000 15.00000 0.55627
85.00000 65.00000 15.00000 0.67518
90.00000 65.00000 15.00000 0.79969
95.00000 65.00000 15.00000 0.93888
100.00000 65.00000 15.00000 1.15831
105.00000 65.00000 15.00000 1.50950
110.00000 65.00000 15.00000 1.96673
115.00000 65.00000 15.00000 2.46283
120.00000 65.00000 15.00000 2.94712
125.00000 65.00000 15.00000 3.31771
130.00000 65.00000 15.00000 3.38745
135.00000 65.00000 15.00000 3.08099
140.00000 65.00000 15.00000 2.51107
145.00000 65.00000 15.00000 1.92140
150.00000 65.00000 15.00000 1.43926
155.00000 65.00000 15.00000 1.04859
160.00000 65.00000 15.00000 0.74294
165.00000 65.00000 15.00000 0.54401
170.00000 65.00000 15.00000 0.43606
175.00000 65.00000 15.00000 0.37435
180.00000 65.00000 15.00000 0.33189
185.00000 65.00000 15.00000 0.30337
190.00000 65.00000 15.00000 0.28816
195.00000 65.00000 15.00000 0.28298
200.00000 65.00000 15.00000 0.28384
205.00000 65.00000 15.00000 0.28962
210.00000 65.00000 15.00000 0.30163
215.00000 65.00000 15.00000 0.32010
220.00000 65.00000 15.00000 0.33888
225.00000 65.00000 15.00000 0.34736
230.00000 65.00000 15.00000 0.34839
235.00000 65.00000 15.00000 0.35773
240.00000 65.00000 15.00000 0.38011
245.00000 65.00000 15.00000 0.40820
250.00000 65.00000 15.00000 0.44296
255.00000 65.00000 15.00000 0.50024
260.00000 65.00000 15.00000 0.60024
265.00000 65.00000 15.00000 0.74543
270.00000 65.00000 15.00000 0.91386
275.00000 65.00000 15.00000 1.10402
280.00000 65.00000 15.00000 1.36202
285.00000 65.00000 15.00000 1.72032
290.00000 65.00000 15.00000 2.15054
295.00000 65.00000 15.00000 2.58581
300.00000 65.00000 15.00000 2.98229
305.00000 65.00000 15.00000 3.25745
310.00000 65.00000 15.00000 3.18867
315.00000 65.00000 15.00000 2.97264
320.00000 65.00000 15.00000 2.60398
325.00000 65.00000 15.00000 2.05986
330.00000 65.00000 15.00000 1.59833
335.00000 65.00000 15.00000 1.22399
340.00000 65.00000 15.00000 0.91823
345.00000 65.00000 15.00000 0.70508
350.00000 65.00000 15.00000 0.56988
355.00000 65.00000 15.00000 0.47495
0.00000 70.00000 15.00000 0.49856
5.00000 70.00000 15.00000 0.40423
10.00000 70.00000 15.00000 0.33650
15.00000 70.00000 15.00000 0.30196
20.00000 70.00000 15.00000 0.28811
25.00000 70.00000 15.00000 0.28376
30.00000 70.00000 15.00000 0.28398
35.00000 70.00000 15.00000 0.28709
40.00000 70.00000 15.00000 0.29146
45.00000 70.00000 15.00000 0.29316
50.00000 70.00000 15.00000 0.29237
55.00000 70.00000 15.00000 0.29625
60.00000 70.00000 15.00000 0.30752
65.00000 70.00000 15.00000 0.32276
70.00000 70.00000 15.00000 0.34294
75.00000 70.00000 15.00000 0.38115
80.00000 70.00000 15.00000 0.45514
85.00000 70.00000 15.00000 0.56505
90.00000 70.00000 15.00000 0.68827
95.00000 70.00000 15.00000 0.82581
100.00000 70.00000 15.00000 1.02364
105.00000 70.00000 15.00000 1.32116
110.00000 70.00000 15.00000 1.72562
115.00000 70.00000 15.00000 2.21665
120.00000 70.00000 15.00000 2.75222
125.00000 70.00000 15.00000 3.23709
130.00000 70.00000 15.00000 3.45234
135.00000 70.00000 15.00000 3.27424
140.00000 70.00000 15.00000 2.78391
145.00000 70.00000 15.00000 2.19713
150.00000 70.00000 15.00000 1.67663
155.00000 70.00000 15.00000 1.23729
160.00000 70.00000 15.00000 0.89187
165.00000 70.00000 15.00000 0.66226
170.00000 70.00000 15.00000 0.53091
175.00000 70.00000 15.00000 0.45283
180.00000 70.00000 15.00000 0.39398
185.00000 70.00000 15.00000 0.34469
190.00000 70.00000 15.00000 0.31055
195.00000 70.00000 15.00000 0.29385
200.00000 70.00000 15.00000 0.28842
205.00000 70.00000 15.00000 0.28861
210.00000 70.00000 15.00000 0.29232
215.00000 70.00000 15.00000 0.29950
220.00000 70.00000 15.00000 0.30755
225.00000 70.00000 15.00000 0.30974
230.00000 70.00000 15.00000 0.30669
235.00000 70.00000 15.00000 0.30763
240.00000 70.00000 15.00000 0.31569
245.00000 70.00000 15.00000 0.32776
250.00000 70.00000 15.00000 0.34678
255.00000 70.00000 15.00000 0.38707
260.00000 70.00000 15.00000 0.46966
265.00000 70.00000 15.00000 0.59796
270.00000 70.00000 15.00000 0.74227
275.00000 70.00000 15.00000 0.88729
280.00000 70.00000 15.00000 1.07068
285.00000 70.00000 15.00000 1.33603
290.00000 70.00000 15.00000 1.67848
295.00000 70.00000 15.00000 2.05026
300.00000 70.00000 15.00000 2.42296
305.00000 70.00000 15.00000 2.75486
310.00000 70.00000 15.00000 2.86816
315.00000 70.00000 15.00000 2.83750
320.00000 70.00000 15.00000 2.57707
325.00000 70.00000 15.00000 2.10041
330.00000 70.00000 15.00000 1.68218
335.00000 70.00000 15.00000 1.33886
340.00000 70.00000 15.00000 1.05088
345.00000 70.00000 15.00000 0.84005
350.00000 70.00000 15.00000 0.70016
355.00000 70.00000 15.00000 0.59694
0.00000 75.00000 15.00000 0.57971
5.00000 75.00000 15.00000 0.46479
10.00000 75.00000 15.00000 0.37493
15.00000 75.00000 15.00000 0.32580
20.00000 75.00000 15.00000 0.30588
25.00000 75.00000 15.00000 0.30054
30.00000 75.00000 15.00000 0.30139
35.00000 75.00000 15.00000 0.30535
40.00000 75.00000 15.00000 0.30968
45.00000 75.00000 15.00000 0.30958
50.00000 75.00000 15.00000 0.30421
55.00000 75.00000 15.00000 0.29974
60.00000 75.00000 15.00000 0.30154
65.00000 75.00000 15.00000 0.30940
70.00000 75.00000 15.00000 0.32528
75.00000 75.00000 15.00000 0.35861
80.00000 75.00000 15.00000 0.42286
85.00000 75.00000 15.00000 0.51943
90.00000 75.00000 15.00000 0.63154
95.00000 75.00000 15.00000 0.75397
100.00000 75.00000 15.00000 0.90912
105.00000 75.00000 15.00000 1.12599
110.00000 75.00000 15.00000 1.42944
115.00000 75.00000 15.00000 1.82447
120.00000 75.00000 15.00000 2.28447
125.00000 75.00000 15.00000 2.73840
130.00000 75.00000 15.00000 2.99173
135.00000 75.00000 15.00000 2.96736
140.00000 75.00000 15.00000 2.67470
145.00000 75.00000 15.00000 2.21488
150.00000 75.00000 15.00000 1.78190
155.00000 75.00000 15.00000 1.40753
160.00000 75.00000 15.00000 1.09733
165.00000 75.00000 15.00000 0.86331
170.00000 75.00000 15.00000 0.70353
175.00000 75.00000 15.00000 0.59708
180.00000 75.00000 15.00000 0.50946
185.00000 75.00000 15.00000 0.42460
190.00000 75.00000 15.00000 0.35664
195.00000 75.00000 15.00000 0.31855
200.00000 75.00000 15.00000 0.30350
205.00000 75.00000 15.00000 0.29986
210.00000 75.00000 15.00000 0.30100
215.00000 75.00000 15.00000 0.30521
220.00000 75.00000 15.00000 0.31076
225.00000 75.00000 15.00000 0.31091
230.00000 75.00000 15.00000 0.30350
235.00000 75.00000 15.00000 0.29690
240.00000 75.00000 15.00000 0.29650
245.00000 75.00000 15.00000 0.30215
250.00000 75.00000 15.00000 0.31698
255.00000 75.00000 15.00000 0.35216
260.00000 75.00000 15.00000 0.42441
265.00000 75.00000 15.00000 0.53567
270.00000 75.00000 15.00000 0.65637
275.00000 75.00000 15.00000 0.76235
280.00000 75.00000 15.00000 0.87875
285.00000 75.00000 15.00000 1.04984
290.00000 75.00000 15.00000 1.28150
295.00000 75.00000 15.00000 1.54386
300.00000 75.00000 15.00000 1.82613
305.00000 75.00000 15.00000 2.13862
310.00000 75.00000 15.00000 2.40553
315.00000 75.00000 15.00000 2.48804
320.00000 75.00000 15.00000 2.27815
325.00000 75.00000 15.00000 1.90528
330.00000 75.00000 15.00000 1.57591
335.00000 75.00000 15.00000 1.30838
340.00000 75.00000 15.00000 1.08345
345.00000 75.00000 15.00000 0.90759
350.00000 75.00000 15.00000 0.78308
355.00000 75.00000 15.00000 0.68566
0.00000 80.00000 15.00000 0.56530
5.00000 80.00000 15.00000 0.47350
10.00000 80.00000 15.00000 0.39601
15.00000 80.00000 15.00000 0.35145
20.00000 80.00000 15.00000 0.33533
25.00000 80.00000 15.00000 0.33502
30.00000 80.00000 15.00000 0.34047
35.00000 80.00000 15.00000 0.34851
40.00000 80.00000 15.00000 0.35386
45.00000 80.00000 15.00000 0.35182
50.00000 80.00000 15.00000 0.34421
55.00000 80.00000 15.00000 0.32995
60.00000 80.00000 15.00000 0.32225
65.00000 80.00000 15.00000 0.32738
70.00000 80.00000 15.00000 0.34658
75.00000 80.00000 15.00000 0.38361
80.00000 80.00000 15.00000 0.44469
85.00000 80.00000 15.00000 0.52905
90.00000 80.00000 15.00000 0.62225
95.00000 80.00000 15.00000 0.71170
100.00000 80.00000 15.00000 0.80670
105.00000 80.00000 15.00000 0.93570
110.00000 80.00000 15.00000 1.12349
115.00000 80.00000 15.00000 1.37420
120.00000 80.00000 15.00000 1.67337
125.00000 80.00000 15.00000 1.99754
130.00000 80.00000 15.00000 2.24774
135.00000 80.00000 15.00000 2.32737
140.00000 80.00000 15.00000 2.17905
145.00000 80.00000 15.00000 1.88446
150.00000 80.00000 15.00000 1.61507
155.00000 80.00000 15.00000 1.38680
160.00000 80.00000 15.00000 1.17746
165.00000 80.00000 15.00000 0.98000
170.00000 80.00000 15.00000 0.81602
175.00000 80.00000 15.00000 0.69736
180.00000 80.00000 15.00000 0.59475
185.00000 80.00000 15.00000 0.48636
190.00000 80.00000 15.00000 0.39325
195.00000 80.00000 15.00000 0.33890
200.00000 80.00000 15.00000 0.31821
205.00000 80.00000 15.00000 0.31500
210.00000 80.00000 15.00000 0.31811
215.00000 80.00000 15.00000 0.32513
220.00000 80.00000 15.00000 0.33527
225.00000 80.00000 15.00000 0.33832
230.00000 80.00000 15.00000 0.32666
235.00000 80.00000 15.00000 0.31082
240.00000 80.00000 15.00000 0.30338
245.00000 80.00000 15.00000 0.30772
250.00000 80.00000 15.00000 0.32673
255.00000 80.00000 15.00000 0.36756
260.00000 80.00000 15.00000 0.43973
265.00000 80.00000 15.00000 0.54020
270.00000 80.00000 15.00000 0.63902
275.00000 80.00000 15.00000 0.70509
280.00000 80.00000 15.00000 0.75408
285.00000 80.00000 15.00000 0.82886
290.00000 80.00000 15.00000 0.94308
295.00000 80.00000 15.00000 1.08243
300.00000 80.00000 15.00000 1.24169
305.00000 80.00000 15.00000 1.43626
310.00000 80.00000 15.00000 1.65029
315.00000 80.00000 15.00000 1.76397
320.00000 80.00000 15.00000 1.66047
325.00000 80.00000 15.00000 1.42345
330.00000 80.00000 15.00000 1.20457
335.00000 80.00000 15.00000 1.03889
340.00000 80.00000 15.00000 0.90639
345.00000 80.00000 15.00000 0.79691
350.00000 80.00000 15.00000 0.71265
355.00000 80.00000 15.00000 0.64409
0.00000 85.00000 15.00000 0.51437
5.00000 85.00000 15.00000 0.47968
10.00000 85.00000 15.00000 0.44157
15.00000 85.00000 15.00000 0.41900
20.00000 85.00000 15.00000 0.41880
25.00000 85.00000 15.00000 0.43335
30.00000 85.00000 15.00000 0.45131
35.00000 85.00000 15.00000 0.47075
40.00000 85.00000 15.00000 0.47845
45.00000 85.00000 15.00000 0.46503
50.00000 85.00000 15.00000 0.45156
55.00000 85.00000 15.00000 0.41977
60.00000 85.00000 15.00000 0.39355
65.00000 85.00000 15.00000 0.39327
70.00000 85.00000 15.00000 0.41546
75.00000 85.00000 15.00000 0.45398
80.00000 85.00000 15.00000 0.50774
85.00000 85.00000 15.00000 0.57503
90.00000 85.00000 15.00000 0.63940
95.00000 85.00000 15.00000 0.67967
100.00000 85.00000 15.00000 0.70434
105.00000 85.00000 15.00000 0.74809
110.00000 85.00000 15.00000 0.83021
115.00000 85.00000 15.00000 0.94538
120.00000 85.00000 15.00000 1.08431
125.00000 85.00000 15.00000 1.25444
130.00000 85.00000 15.00000 1.43659
135.00000 85.00000 15.00000 1.53030
140.00000 85.00000 15.00000 1.45405
145.00000 85.00000 15.00000 1.29394
150.00000 85.00000 15.00000 1.16656
155.00000 85.00000 15.00000 1.07022
160.00000 85.00000 15.00000 0.96564
165.00000 85.00000 15.00000 0.83992
170.00000 85.00000 15.00000 0.72393
175.00000 85.00000 15.00000 0.64126
180.00000 85.00000 15.00000 0.56775
185.00000 85.00000 15.00000 0.48082
190.00000 85.00000 15.00000 0.40036
195.00000 85.00000 15.00000 0.35418
200.00000 85.00000 15.00000 0.34271
205.00000 85.00000 15.00000 0.35057
210.00000 85.00000 15.00000 0.36452
215.00000 85.00000 15.00000 0.38362
220.00000 85.00000 15.00000 0.40981
225.00000 85.00000 15.00000 0.42389
230.00000 85.00000 15.00000 0.40533
235.00000 85.00000 15.00000 0.37114
240.00000 85.00000 15.00000 0.35059
245.00000 85.00000 15.00000 0.35322
250.00000 85.00000 15.00000 0.37868
255.00000 85.00000 15.00000 0.42680
260.00000 85.00000 15.00000 0.49927
265.00000 85.00000 15.00000 0.58888
270.00000 85.00000 15.00000 0.66176
275.00000 85.00000 15.00000 0.68052
280.00000 85.00000 15.00000 0.66021
285.00000 85.00000 15.00000 0.64897
290.00000 85.00000 15.00000 0.66871
295.00000 85.00000 15.00000 0.71307
300.00000 85.00000 15.00000 0.77352
305.00000 85.00000 15.00000 0.85726
310.00000 85.00000 15.00000 0.96505
315.00000 85.00000 15.00000 1.03901
320.00000 85.00000 15.00000 0.99977
325.00000 85.00000 15.00000 0.87335
330.00000 85.00000 15.00000 0.75715
335.00000 85.00000 15.00000 0.68321
340.00000 85.00000 15.00000 0.63221
345.00000 85.00000 15.00000 0.58833
350.00000 85.00000 15.00000 0.55538
355.00000 85.00000 15.00000 0.53548
0.00000 90.00000 15.00000 0.54051
5.00000 90.00000 15.00000 0.57524
10.00000 90.00000 15.00000 0.58641
15.00000 90.00000 15.00000 0.59763
20.00000 90.00000 15.00000 0.62906
25.00000 90.00000 15.00000 0.67827
30.00000 90.00000 15.00000 0.73003
35.00000 90.00000 15.00000 0.78311
40.00000 90.00000 15.00000 0.80585
45.00000 90.00000 15.00000 0.75923
50.00000 90.00000 15.00000 0.71811
55.00000 90.00000 15.00000 0.64509
60.00000 90.00000 15.00000 0.57185
65.00000 90.00000 15.00000 0.54516
70.00000 90.00000 15.00000 0.55065
75.00000 90.00000 15.00000 0.56710
80.00000 90.00000 15.00000 0.59019
85.00000 90.00000 15.00000 0.62309
90.00000 90.00000 15.00000 0.64718
95.00000 90.00000 15.00000 0.63620
100.00000 90.00000 15.00000 0.60085
105.00000 90.00000 15.00000 0.57906
110.00000 90.00000 15.00000 0.58725
115.00000 90.00000 15.00000 0.61644
120.00000 90.00000 15.00000 0.65696
125.00000 90.00000 15.00000 0.71830
130.00000 90.00000 15.00000 0.80321
135.00000 90.00000 15.00000 0.85837
140.00000 90.00000 15.00000 0.82562
145.00000 90.00000 15.00000 0.74795
150.00000 90.00000 15.00000 0.69430
155.00000 90.00000 15.00000 0.66301
160.00000 90.00000 15.00000 0.62367
165.00000 90.00000 15.00000 0.56947
170.00000 90.00000 15.00000 0.52459
175.00000 90.00000 15.00000 0.50457
180.00000 90.00000 15.00000 0.49042
185.00000 90.00000 15.00000 0.45939
190.00000 90.00000 15.00000 0.42269
195.00000 90.00000 15.00000 0.40864
200.00000 90.00000 15.00000 0.42676
205.00000 90.00000 15.00000 0.46395
210.00000 90.00000 15.00000 0.50483
215.00000 90.00000 15.00000 0.55411
220.00000 90.00000 15.00000 0.61799
225.00000 90.00000 15.00000 0.65668
230.00000 90.00000 15.00000 0.62390
235.00000 90.00000 15.00000 0.54649
240.00000 90.00000 15.00000 0.48922
245.00000 90.00000 15.00000 0.47556
250.00000 90.00000 15.00000 0.49410
255.00000 90.00000 15.00000 0.53151
260.00000 90.00000 15.00000 0.58467
265.00000 90.00000 15.00000 0.64782
270.00000 90.00000 15.00000 0.68375
275.00000 90.00000 15.00000 0.65350
280.00000 90.00000 15.00000 0.57714
285.00000 90.00000 15.00000 0.50998
290.00000 90.00000 15.00000 0.47864
295.00000 90.00000 15.00000 0.47603
300.00000 90.00000 15.00000 0.48886
305.00000 90.00000 15.00000 0.51634
310.00000 90.00000 15.00000 0.55934
315.00000 90.00000 15.00000 0.59151
320.00000 90.00000 15.00000 0.57439
325.00000 90.00000 15.00000 0.51459
330.00000 90.00000 15.00000 0.46572
335.00000 90.00000 15.00000 0.44612
340.00000 90.00000 15.00000 0.44073
345.00000 90.00000 15.00000 0.43984
350.00000 90.00000 15.00000 0.45249
355.00000 90.00000 15.00000 0.49007
0.00000 0.00000 20.00000 0.37178
5.00000 0.00000 20.00000 0.40854
10.00000 0.00000 20.00000 0.44692
15.00000 0.00000 20.00000 0.49143
20.00000 0.00000 20.00000 0.54557
25.00000 0.00000 20.00000 0.57547
30.00000 0.00000 20.00000 0.54641
35.00000 0.00000 20.00000 0.47081
40.00000 0.00000 20.00000 0.41292
45.00000 0.00000 20.00000 0.39105
50.00000 0.00000 20.00000 0.38546
55.00000 0.00000 20.00000 0.38361
60.00000 0.00000 20.00000 0.38832
65.00000 0.00000 20.00000 0.39978
70.00000 0.00000 20.00000 0.40177
75.00000 0.00000 20.00000 0.38220
80.00000 0.00000 20.00000 0.35700
85.00000 0.00000 20.00000 0.35101
90.00000 0.00000 20.00000 0.37178
95.00000 0.00000 20.00000 0.40854
100.00000 0.00000 20.00000 0.44692
105.00000 0.00000 20.00000 0.49143
110.00000 0.00000 20.00000 0.54557
115.00000 0.00000 20.00000 0.57547
120.00000 0.00000 20.00000 0.54641
125.00000 0.00000 20.00000 0.47081
130.00000 0.00000 20.00000 0.41292
135.00000 0.00000 20.00000 0.39105
140.00000 0.00000 20.00000 0.38546
145.00000 0.00000 20.00000 0.38361
150.00000 0.00000 20.00000 0.38832
155.00000 0.00000 20.00000 0.39978
160.00000 0.00000 20.00000 0.40177
165.00000 0.00000 20.00000 0.38220
170.00000 0.00000 20.00000 0.35700
175.00000 0.00000 20.00000 0.35101
180.00000 0.00000 20.00000 0.37178
185.00000 0.00000 20.00000 0.40854
190.00000 0.00000 20.00000 0.44692
195.00000 0.00000 20.00000 0.49143
200.00000 0.00000 20.00000 0.54557
205.00000 0.00000 20.00000 0.57547
210.00000 0.00000 20.00000 0.54641
215.00000 0.00000 20.00000 0.47081
220.00000 0.00000 20.00000 0.41292
225.00000 0.00000 20.00000 0.39105
230.00000 0.00000 20.00000 0.38546
235.00000 0.00000 20.00000 0.38361
240.00000 0.00000 20.00000 0.38832
245.00000 0.00000 20.00000 0.39978
250.00000 0.00000 20.00000 0.40177
255.00000 0.00000 20.00000 0.38220
260.00000 0.00000 20.00000 0.35700
265.00000 0.00000 20.00000 0.35101
270.00000 0.00000 20.00000 0.37178
275.00000 0.00000 20.00000 0.40854
280.00000 0.00000 20.00000 0.44692
285.00000 0.00000 20.00000 0.49143
290.00000 0.00000 20.00000 0.54557
295.00000 0.00000 20.00000 0.57547
300.00000 0.00000 20.00000 0.54641
305.00000 0.00000 20.00000 0.47081
310.00000 0.00000 20.00000 0.41292
315.00000 0.00000 20.00000 0.39105
320.00000 0.00000 20.00000 0.38546
325.00000 0.00000 20.00000 0.38361
330.00000 0.00000 20.00000 0.38832
335.00000 0.00000 20.00000 0.39978
340.00000 0.00000 20.00000 0.40177
345.00000 0.00000 20.00000 0.38220
350.00000 0.00000 20.00000 0.35700
355.00000 0.00000 20.00000 0.35101
0.00000 5.00000 20.00000 0.47826
5.00000 5.00000 20.00000 0.51709
10.00000 5.00000 20.00000 0.55679
15.00000 5.00000 20.00000 0.60668
20.00000 5.00000 20.00000 0.67421
25.00000 5.00000 20.00000 0.71085
30.00000 5.00000 20.00000 0.66132
35.00000 5.00000 20.00000 0.56521
40.00000 5.00000 20.00000 0.50012
45.00000 5.00000 20.00000 0.47694
50.00000 5.00000 20.00000 0.46962
55.00000 5.00000 20.00000 0.46094
60.00000 5.00000 20.00000 0.45274
65.00000 5.00000 20.00000 0.44710
70.00000 5.00000 20.00000 0.43153
75.00000 5.00000 20.00000 0.39860
80.00000 5.00000 20.00000 0.36427
85.00000 5.00000 20.00000 0.35011
90.00000 5.00000 20.00000 0.36135
95.00000 5.00000 20.00000 0.38850
100.00000 5.00000 20.00000 0.42046
105.00000 5.00000 20.00000 0.46046
110.00000 5.00000 20.00000 0.50780
115.00000 5.00000 20.00000 0.53145
120.00000 5.00000 20.00000 0.50752
125.00000 5.00000 20.00000 0.44314
130.00000 5.00000 20.00000 0.39020
135.00000 5.00000 20.00000 0.36750
140.00000 5.00000 20.00000 0.36037
145.00000 5.00000 20.00000 0.35889
150.00000 5.00000 20.00000 0.36500
155.00000 5.00000 20.00000 0.37938
160.00000 5.00000 20.00000 0.38923
165.00000 5.00000 20.00000 0.38126
170.00000 5.00000 20.00000 0.36434
175.00000 5.00000 20.00000 0.35996
180.00000 5.00000 20.00000 0.37810
185.00000 5.00000 20.00000 0.41272
190.00000 5.00000 20.00000 0.45279
195.00000 5.00000 20.00000 0.49880
200.00000 5.00000 20.00000 0.53656
205.00000 5.00000 20.00000 0.54711
210.00000 5.00000 20.00000 0.54108
215.00000 5.00000 20.00000 0.48114
220.00000 5.00000 20.00000 0.41979
225.00000 5.00000 20.00000 0.39098
230.00000 5.00000 20.00000 0.37854
235.00000 5.00000 20.00000 0.37181
240.00000 5.00000 20.00000 0.37515
245.00000 5.00000 20.00000 0.38948
250.00000 5.00000 20.00000 0.39778
255.00000 5.00000 20.00000 0.38407
260.00000 5.00000 20.00000 0.36068
265.00000 5.00000 20.00000 0.35318
270.00000 5.00000 20.00000 0.37138
275.00000 5.00000 20.00000 0.40596
280.00000 5.00000 20.00000 0.44292
285.00000 5.00000 20.00000 0.48484
290.00000 5.00000 20.00000 0.53279
295.00000 5.00000 20.00000 0.55777
300.00000 5.00000 20.00000 0.53582
305.00000 5.00000 20.00000 0.47344
310.00000 5.00000 20.00000 0.42715
315.00000 5.00000 20.00000 0.41755
320.00000 5.00000 20.00000 0.42889
325.00000 5.00000 20.00000 0.44897
330.00000 5.00000 20.00000 0.47865
335.00000 5.00000 20.00000 0.51406
340.00000 5.00000 20.00000 0.52942
345.00000 5.00000 20.00000 0.50618
350.00000 5.00000 20.00000 0.46908
355.00000 5.00000 20.00000 0.45665
0.00000 10.00000 20.00000 0.67011
5.00000 10.00000 20.00000 0.72365
10.00000 10.00000 20.00000 0.78373
15.00000 10.00000 20.00000 0.86303
20.00000 10.00000 20.00000 0.96009
25.00000 10.00000 20.00000 1.00624
30.00000 10.00000 20.00000 0.93796
35.00000 10.00000 20.00000 0.81063
40.00000 10.00000 20.00000 0.72240
45.00000 10.00000 20.00000 0.68146
50.00000 10.00000 20.00000 0.65131
55.00000 10.00000 20.00000 0.60981
60.00000 10.00000 20.00000 0.56412
65.00000 10.00000 20.00000 0.52581
70.00000 10.00000 20.00000 0.48519
75.00000 10.00000 20.00000 0.43168
80.00000 10.00000 20.00000 0.37917
85.00000 10.00000 20.00000 0.34941
90.00000 10.00000 20.00000 0.34666
95.00000 10.00000 20.00000 0.36138
100.00000 10.00000 20.00000 0.38411
105.00000 10.00000 20.00000 0.41587
110.00000 10.00000 20.00000 0.45650
115.00000 10.00000 20.00000 0.48000
120.00000 10.00000 20.00000 0.46018
125.00000 10.00000 20.00000 0.41038
130.00000 10.00000 20.00000 0.37160
135.00000 10.00000 20.00000 0.35881
140.00000 10.00000 20.00000 0.36498
145.00000 10.00000 20.00000 0.38419
150.00000 10.00000 20.00000 0.41679
155.00000 10.00000 20.00000 0.46093
160.00000 10.00000 20.00000 0.49796
165.00000 10.00000 20.00000 0.50474
170.00000 10.00000 20.00000 0.48774
175.00000 10.00000 20.00000 0.47721
180.00000 10.00000 20.00000 0.49010
185.00000 10.00000 20.00000 0.52282
190.00000 10.00000 20.00000 0.56744
195.00000 10.00000 20.00000 0.62564
200.00000 10.00000 20.00000 0.68304
205.00000 10.00000 20.00000 0.70924
210.00000 10.00000 20.00000 0.69245
215.00000 10.00000 20.00000 0.60745
220.00000 10.00000 20.00000 0.52298
225.00000 10.00000 20.00000 0.47623
230.00000 10.00000 20.00000 0.44879
235.00000 10.00000 20.00000 0.42859
240.00000 10.00000 20.00000 0.42069
245.00000 10.00000 20.00000 0.42611
250.00000 10.00000 20.00000 0.42795
255.00000 10.00000 20.00000 0.41013
260.00000 10.00000 20.00000 0.38212
265.00000 10.00000 20.00000 0.36706
270.00000 10.00000 20.00000 0.37542
275.00000 10.00000 20.00000 0.40081
280.00000 10.00000 20.00000 0.43157
285.00000 10.00000 20.00000 0.46575
290.00000 10.00000 20.00000 0.49017
295.00000 10.00000 20.00000 0.48864
300.00000 10.00000 20.00000 0.48681
305.00000 10.00000 20.00000 0.45590
310.00000 10.00000 20.00000 0.42461
315.00000 10.00000 20.00000 0.42484
320.00000 10.00000 20.00000 0.45092
325.00000 10.00000 20.00000 0.49393
330.00000 10.00000 20.00000 0.55224
335.00000 10.00000 20.00000 0.61940
340.00000 10.00000 20.00000 0.66541
345.00000 10.00000 20.00000 0.66419
350.00000 10.00000 20.00000 0.63901
355.00000 10.00000 20.00000 0.63629
0.00000 15.00000 20.00000 0.82121
5.00000 15.00000 20.00000 0.92653
10.00000 15.00000 20.00000 1.05342
15.00000 15.00000 20.00000 1.20933
20.00000 15.00000 20.00000 1.38133
25.00000 15.00000 20.00000 1.48051
30.00000 15.00000 20.00000 1.41762
35.00000 15.00000 20.00000 1.25713
40.00000 15.00000 20.00000 1.12562
45.00000 15.00000 20.00000 1.03433
50.00000 15.00000 20.00000 0.94244
55.00000 15.00000 20.00000 0.82974
60.00000 15.00000 20.00000 0.71895
65.00000 15.00000 20.00000 0.63662
70.00000 15.00000 20.00000 0.56635
75.00000 15.00000 20.00000 0.48394
80.00000 15.00000 20.00000 0.40392
85.00000 15.00000 20.00000 0.35451
90.00000 15.00000 20.00000 0.33966
95.00000 15.00000 20.00000 0.34570
100.00000 15.00000 20.00000 0.35952
105.00000 15.00000 20.00000 0.37887
110.00000 15.00000 20.00000 0.40609
115.00000 15.00000 20.00000 0.42417
120.00000 15.00000 20.00000 0.40963
125.00000 15.00000 20.00000 0.37491
130.00000 15.00000 20.00000 0.35065
135.00000 15.00000 20.00000 0.34901
140.00000 15.00000 20.00000 0.36956
145.00000 15.00000 20.00000 0.41167
150.00000 15.00000 20.00000 0.47705
155.00000 15.00000 20.00000 0.56122
160.00000 15.00000 20.00000 0.63564
165.00000 15.00000 20.00000 0.66249
170.00000 15.00000 20.00000 0.64801
175.00000 15.00000 20.00000 0.63687
180.00000 15.00000 20.00000 0.65418
185.00000 15.00000 20.00000 0.69621
190.00000 15.00000 20.00000 0.75480
195.00000 15.00000 20.00000 0.83501
200.00000 15.00000 20.00000 0.93956
205.00000 15.00000 20.00000 1.01729
210.00000 15.00000 20.00000 0.98956
215.00000 15.00000 20.00000 0.86561
220.00000 15.00000 20.00000 0.74448
225.00000 15.00000 20.00000 0.66659
230.00000 15.00000 20.00000 0.61455
235.00000 15.00000 20.00000 0.57123
240.00000 15.00000 20.00000 0.53907
245.00000 15.00000 20.00000 0.52056
250.00000 15.00000 20.00000 0.50144
255.00000 15.00000 20.00000 0.46781
260.00000 15.00000 20.00000 0.42819
265.00000 15.00000 20.00000 0.40273
270.00000 15.00000 20.00000 0.39974
275.00000 15.00000 20.00000 0.41357
280.00000 15.00000 20.00000 0.43272
285.00000 15.00000 20.00000 0.45392
290.00000 15.00000 20.00000 0.46541
295.00000 15.00000 20.00000 0.45415
300.00000 15.00000 20.00000 0.44677
305.00000 15.00000 20.00000 0.42142
310.00000 15.00000 20.00000 0.39483
315.00000 15.00000 20.00000 0.39320
320.00000 15.00000 20.00000 0.41530
325.00000 15.00000 20.00000 0.45529
330.00000 15.00000 20.00000 0.51169
335.00000 15.00000 20.00000 0.58232
340.00000 15.00000 20.00000 0.64989
345.00000 15.00000 20.00000 0.69083
350.00000 15.00000 20.00000 0.71157
355.00000 15.00000 20.00000 0.74791
0.00000 20.00000 20.00000 0.86629
5.00000 20.00000 20.00000 1.06737
10.00000 20.00000 20.00000 1.31770
15.00000 20.00000 20.00000 1.60622
20.00000 20.00000 20.00000 1.91704
25.00000 20.00000 20.00000 2.13994
30.00000 20.00000 20.00000 2.13283
35.00000 20.00000 20.00000 1.94892
40.00000 20.00000 20.00000 1.73709
45.00000 20.00000 20.00000 1.53875
50.00000 20.00000 20.00000 1.33599
55.00000 20.00000 20.00000 1.11864
60.00000 20.00000 20.00000 0.92525
65.00000 20.00000 20.00000 0.79120
70.00000 20.00000 20.00000 0.68436
75.00000 20.00000 20.00000 0.56436
80.00000 20.00000 20.00000 0.44938
85.00000 20.00000 20.00000 0.37630
90.00000 20.00000 20.00000 0.34945
95.00000 20.00000 20.00000 0.34873
100.00000 20.00000 20.00000 0.35320
105.00000 20.00000 20.00000 0.35706
110.00000 20.00000 20.00000 0.36542
115.00000 20.00000 20.00000 0.37124
120.00000 20.00000 20.00000 0.35983
125.00000 20.00000 20.00000 0.33766
130.00000 20.00000 20.00000 0.32377
135.00000 20.00000 20.00000 0.32692
140.00000 20.00000 20.00000 0.34939
145.00000 20.00000 20.00000 0.39453
150.00000 20.00000 20.00000 0.46708
155.00000 20.00000 20.00000 0.56498
160.00000 20.00000 20.00000 0.65956
165.00000 20.00000 20.00000 0.70575
170.00000 20.00000 20.00000 0.70687
175.00000 20.00000 20.00000 0.71801
180.00000 20.00000 20.00000 0.77275
185.00000 20.00000 20.00000 0.86304
190.00000 20.00000 20.00000 0.97109
195.00000 20.00000 20.00000 1.09808
200.00000 20.00000 20.00000 1.26049
205.00000 20.00000 20.00000 1.41341
210.00000 20.00000 20.00000 1.43845
215.00000 20.00000 20.00000 1.31559
220.00000 20.00000 20.00000 1.15241
225.00000 20.00000 20.00000 1.02498
230.00000 20.00000 20.00000 0.93210
235.00000 20.00000 20.00000 0.84568
240.00000 20.00000 20.00000 0.76233
245.00000 20.00000 20.00000 0.69459
250.00000 20.00000 20.00000 0.63693
255.00000 20.00000 20.00000 0.57566
260.00000 20.00000 20.00000 0.51591
265.00000 20.00000 20.00000 0.47584
270.00000 20.00000 20.00000 0.46321
275.00000 20.00000 20.00000 0.46639
280.00000 20.00000 20.00000 0.46826
285.00000 20.00000 20.00000 0.46733
290.00000 20.00000 20.00000 0.46707
295.00000 20.00000 20.00000 0.45315
300.00000 20.00000 20.00000 0.42303
305.00000 20.00000 20.00000 0.38394
310.00000 20.00000 20.00000 0.35368
315.00000 20.00000 20.00000 0.34357
320.00000 20.00000 20.00000 0.35089
325.00000 20.00000 20.00000 0.37075
330.00000 20.00000 20.00000 0.40302
335.00000 20.00000 20.00000 0.45227
340.00000 20.00000 20.00000 0.51790
345.00000 20.00000 20.00000 0.58646
350.00000 20.00000 20.00000 0.64976
355.00000 20.00000 20.00000 0.73127
0.00000 25.00000 20.00000 0.87960
5.00000 25.00000 20.00000 1.18553
10.00000 25.00000 20.00000 1.57410
15.00000 25.00000 20.00000 2.00942
20.00000 25.00000 20.00000 2.46911
25.00000 25.00000 20.00000 2.84513
30.00000 25.00000 20.00000 2.95035
35.00000 25.00000 20.00000 2.76829
40.00000 25.00000 20.00000 2.44503
45.00000 25.00000 20.00000 2.09677
50.00000 25.00000 20.00000 1.76005
55.00000 25.00000 20.00000 1.43531
60.00000 25.00000 20.00000 1.16343
65.00000 25.00000 20.00000 0.97718
70.00000 25.00000 20.00000 0.83160
75.00000 25.00000 20.00000 0.67599
80.00000 25.00000 20.00000 0.52829
85.00000 25.00000 20.00000 0.43041
90.00000 25.00000 20.00000 0.38818
95.00000 25.00000 20.00000 0.37736
100.00000 25.00000 20.00000 0.37008
105.00000 25.00000 20.00000 0.35719
110.00000 25.00000 20.00000 0.34722
115.00000 25.00000 20.00000 0.33931
120.00000 25.00000 20.00000 0.32564
125.00000 25.00000 20.00000 0.30974
130.00000 25.00000 20.00000 0.30050
135.00000 25.00000 20.00000 0.30209
140.00000 25.00000 20.00000 0.31610
145.00000 25.00000 20.00000 0.34646
150.00000 25.00000 20.00000 0.39924
155.00000 25.00000 20.00000 0.47757
160.00000 25.00000 20.00000 0.56593
165.00000 25.00000 20.00000 0.62737
170.00000 25.00000 20.00000 0.65863
175.00000 25.00000 20.00000 0.71506
180.00000 25.00000 20.00000 0.84098
185.00000 25.00000 20.00000 1.02763
190.00000 25.00000 20.00000 1.24246
195.00000 25.00000 20.00000 1.47206
200.00000 25.00000 20.00000 1.73034
205.00000 25.00000 20.00000 1.99514
210.00000 25.00000 20.00000 2.13082
215.00000 25.00000 20.00000 2.04614
220.00000 25.00000 20.00000 1.83679
225.00000 25.00000 20.00000 1.63133
230.00000 25.00000 20.00000 1.45947
235.00000 25.00000 20.00000 1.28375
240.00000 25.00000 20.00000 1.10390
245.00000 25.00000 20.00000 0.95613
250.00000 25.00000 20.00000 0.84661
255.00000 25.00000 20.00000 0.75272
260.00000 25.00000 20.00000 0.66748
265.00000 25.00000 20.00000 0.60826
270.00000 25.00000 20.00000 0.58634
275.00000 25.00000 20.00000 0.58250
280.00000 25.00000 20.00000 0.56474
285.00000 25.00000 20.00000 0.53147
290.00000 25.00000 20.00000 0.49856
295.00000 25.00000 20.00000 0.45838
300.00000 25.00000 20.00000 0.41131
305.00000 25.00000 20.00000 0.36563
310.00000 25.00000 20.00000 0.32962
315.00000 25.00000 20.00000 0.31131
320.00000 25.00000 20.00000 0.30760
325.00000 25.00000 20.00000 0.31344
330.00000 25.00000 20.00000 0.32879
335.00000 25.00000 20.00000 0.36042
340.00000 25.00000 20.00000 0.41569
345.00000 25.00000 20.00000 0.48872
350.00000 25.00000 20.00000 0.56969
355.00000 25.00000 20.00000 0.68277
0.00000 30.00000 20.00000 0.89591
5.00000 30.00000 20.00000 1.25037
10.00000 30.00000 20.00000 1.69868
15.00000 30.00000 20.00000 2.19555
20.00000 30.00000 20.00000 2.71238
25.00000 30.00000 20.00000 3.16366
30.00000 30.00000 20.00000 3.36705
35.00000 30.00000 20.00000 3.23091
40.00000 30.00000 20.00000 2.86456
45.00000 30.00000 20.00000 2.44322
50.00000 30.00000 20.00000 2.04069
55.00000 30.00000 20.00000 1.66460
60.00000 30.00000 20.00000 1.35605
65.00000 30.00000 20.00000 1.14341
70.00000 30.00000 20.00000 0.98051
75.00000 30.00000 20.00000 0.81323
80.00000 30.00000 20.00000 0.65133
85.00000 30.00000 20.00000 0.53486
90.00000 30.00000 20.00000 0.47494
95.00000 30.00000 20.00000 0.44633
100.00000 30.00000 20.00000 0.41968
105.00000 30.00000 20.00000 0.38826
110.00000 30.00000 20.00000 0.36130
115.00000 30.00000 20.00000 0.33939
120.00000 30.00000 20.00000 0.31837
125.00000 30.00000 20.00000 0.30140
130.00000 30.00000 20.00000 0.29157
135.00000 30.00000 20.00000 0.28964
140.00000 30.00000 20.00000 0.29590
145.00000 30.00000 20.00000 0.31309
150.00000 30.00000 20.00000 0.34656
155.00000 30.00000 20.00000 0.40248
160.00000 30.00000 20.00000 0.47854
165.00000 30.00000 20.00000 0.55327
170.00000 30.00000 20.00000 0.62017
175.00000 30.00000 20.00000 0.72950
180.00000 30.00000 20.00000 0.93411
185.00000 30.00000 20.00000 1.22879
190.00000 30.00000 20.00000 1.57682
195.00000 30.00000 20.00000 1.95180
200.00000 30.00000 20.00000 2.33767
205.00000 30.00000 20.00000 2.72878
210.00000 30.00000 20.00000 2.98770
215.00000 30.00000 20.00000 2.95966
220.00000 30.00000 20.00000 2.71956
225.00000 30.00000 20.00000 2.42645
230.00000 30.00000 20.00000 2.13248
235.00000 30.00000 20.00000 1.81853
240.00000 30.00000 20.00000 1.51627
245.00000 30.00000 20.00000 1.28561
250.00000 30.00000 20.00000 1.13354
255.00000 30.00000 20.00000 1.01728
260.00000 30.00000 20.00000 0.91019
265.00000 30.00000 20.00000 0.83094
270.00000 30.00000 20.00000 0.80136
275.00000 30.00000 20.00000 0.79378
280.00000 30.00000 20.00000 0.75872
285.00000 30.00000 20.00000 0.68904
290.00000 30.00000 20.00000 0.60545
295.00000 30.00000 20.00000 0.51170
300.00000 30.00000 20.00000 0.43993
305.00000 30.00000 20.00000 0.38743
310.00000 30.00000 20.00000 0.34047
315.00000 30.00000 20.00000 0.31148
320.00000 30.00000 20.00000 0.30056
325.00000 30.00000 20.00000 0.30125
330.00000 30.00000 20.00000 0.31215
335.00000 30.00000 20.00000 0.33836
340.00000 30.00000 20.00000 0.38700
345.00000 30.00000 20.00000 0.45559
350.00000 30.00000 20.00000 0.53883
355.00000 30.00000 20.00000 0.66640
0.00000 35.00000 20.00000 0.85307
5.00000 35.00000 20.00000 1.15306
10.00000 35.00000 20.00000 1.51770
15.00000 35.00000 20.00000 1.91541
20.00000 35.00000 20.00000 2.32163
25.00000 35.00000 20.00000 2.67996
30.00000 35.00000 20.00000 2.88694
35.00000 35.00000 20.00000 2.83944
40.00000 35.00000 20.00000 2.59234
45.00000 35.00000 20.00000 2.28920
50.00000 35.00000 20.00000 1.97840
55.00000 35.00000 20.00000 1.67039
60.00000 35.00000 20.00000 1.41591
65.00000 35.00000 20.00000 1.24232
70.00000 35.00000 20.00000 1.11157
75.00000 35.00000 20.00000 0.97295
80.00000 35.00000 20.00000 0.82539
85.00000 35.00000 20.00000 0.70483
90.00000 35.00000 20.00000 0.62853
95.00000 35.00000 20.00000 0.57719
100.00000 35.00000 20.00000 0.52384
105.00000 35.00000 20.00000 0.47096
110.00000 35.00000 20.00000 0.42734
115.00000 35.00000 20.00000 0.38710
120.00000 35.00000 20.00000 0.34968
125.00000 35.00000 20.00000 0.32353
130.00000 35.00000 20.00000 0.30763
135.00000 35.00000 20.00000 0.30065
140.00000 35.00000 20.00000 0.30304
145.00000 35.00000 20.00000 0.31687
150.00000 35.00000 20.00000 0.34491
155.00000 35.00000 20.00000 0.39141
160.00000 35.00000 20.00000 0.45893
165.00000 35.00000 20.00000 0.53732
170.00000 35.00000 20.00000 0.62309
175.00000 35.00000 20.00000 0.76021
180.00000 35.00000 20.00000 1.00087
185.00000 35.00000 20.00000 1.33939
190.00000 35.00000 20.00000 1.74981
195.00000 35.00000 20.00000 2.22110
200.00000 35.00000 20.00000 2.69085
205.00000 35.00000 20.00000 3.12390
210.00000 35.00000 20.00000 3.47144
215.00000 35.00000 20.00000 3.52409
220.00000 35.00000 20.00000 3.31042
225.00000 35.00000 20.00000 2.99254
230.00000 35.00000 20.00000 2.61927
235.00000 35.00000 20.00000 2.22227
240.00000 35.00000 20.00000 1.86916
245.00000 35.00000 20.00000 1.61938
250.00000 35.00000 20.00000 1.47071
255.00000 35.00000 20.00000 1.36111
260.00000 35.00000 20.00000 1.24796
265.00000 35.00000 20.00000 1.15654
270.00000 35.00000 20.00000 1.12731
275.00000 35.00000 20.00000 1.12667
280.00000 35.00000 20.00000 1.09098
285.00000 35.00000 20.00000 1.00063
290.00000 35.00000 20.00000 0.86287
295.00000 35.00000 20.00000 0.68636
300.00000 35.00000 20.00000 0.55954
305.00000 35.00000 20.00000 0.47834
310.00000 35.00000 20.00000 0.40500
315.00000 35.00000 20.00000 0.35567
320.00000 35.00000 20.00000 0.33266
325.00000 35.00000 20.00000 0.32811
330.00000 35.00000 20.00000 0.33824
335.00000 35.00000 20.00000 0.36285
340.00000 35.00000 20.00000 0.40419
345.00000 35.00000 20.00000 0.46061
350.00000 35.00000 20.00000 0.53164
355.00000 35.00000 20.00000 0.64768
0.00000 40.00000 20.00000 0.73623
5.00000 40.00000 20.00000 0.92216
10.00000 40.00000 20.00000 1.12787
15.00000 40.00000 20.00000 1.33684
20.00000 40.00000 20.00000 1.53087
25.00000 40.00000 20.00000 1.67992
30.00000 40.00000 20.00000 1.80306
35.00000 40.00000 20.00000 1.84087
40.00000 40.00000 20.00000 1.78183
45.00000 40.00000 20.00000 1.68875
50.00000 40.00000 20.00000 1.56414
55.00000 40.00000 20.00000 1.41702
60.00000 40.00000 20.00000 1.29670
65.00000 40.00000 20.00000 1.22064
70.00000 40.00000 20.00000 1.16405
75.00000 40.00000 20.00000 1.08328
80.00000 40.00000 20.00000 0.97953
85.00000 40.00000 20.00000 0.88902
90.00000 40.00000 20.00000 0.81875
95.00000 40.00000 20.00000 0.76207
100.00000 40.00000 20.00000 0.69451
105.00000 40.00000 20.00000 0.63235
110.00000 40.00000 20.00000 0.57621
115.00000 40.00000 20.00000 0.50906
120.00000 40.00000 20.00000 0.43718
125.00000 40.00000 20.00000 0.39522
130.00000 40.00000 20.00000 0.37323
135.00000 40.00000 20.00000 0.35570
140.00000 40.00000 20.00000 0.35006
145.00000 40.00000 20.00000 0.36243
150.00000 40.00000 20.00000 0.38650
155.00000 40.00000 20.00000 0.42063
160.00000 40.00000 20.00000 0.46916
165.00000 40.00000 20.00000 0.52611
170.00000 40.00000 20.00000 0.59440
175.00000 40.00000 20.00000 0.70850
180.00000 40.00000 20.00000 0.91679
185.00000 40.00000 20.00000 1.20854
190.00000 40.00000 20.00000 1.55755
195.00000 40.00000 20.00000 1.99093
200.00000 40.00000 20.00000 2.36588
205.00000 40.00000 20.00000 2.61042
210.00000 40.00000 20.00000 2.98047
215.00000 40.00000 20.00000 3.17889
220.00000 40.00000 20.00000 3.07344
225.00000 40.00000 20.00000 2.82875
230.00000 40.00000 20.00000 2.52026
235.00000 40.00000 20.00000 2.20896
240.00000 40.00000 20.00000 1.94755
245.00000 40.00000 20.00000 1.77264
250.00000 40.00000 20.00000 1.67349
255.00000 40.00000 20.00000 1.60405
260.00000 40.00000 20.00000 1.53274
265.00000 40.00000 20.00000 1.46728
270.00000 40.00000 20.00000 1.47847
275.00000 40.00000 20.00000 1.53199
280.00000 40.00000 20.00000 1.56354
285.00000 40.00000 20.00000 1.51529
290.00000 40.00000 20.00000 1.34684
295.00000 40.00000 20.00000 1.03258
300.00000 40.00000 20.00000 0.78936
305.00000 40.00000 20.00000 0.66613
310.00000 40.00000 20.00000 0.56967
315.00000 40.00000 20.00000 0.48520
320.00000 40.00000 20.00000 0.43308
325.00000 40.00000 20.00000 0.40773
330.00000 40.00000 20.00000 0.40297
335.00000 40.00000 20.00000 0.41052
340.00000 40.00000 20.00000 0.42877
345.00000 40.00000 20.00000 0.46045
350.00000 40.00000 20.00000 0.50513
355.00000 40.00000 20.00000 0.59020
0.00000 45.00000 20.00000 0.57825
5.00000 45.00000 20.00000 0.65887
10.00000 45.00000 20.00000 0.73420
15.00000 45.00000 20.00000 0.79958
20.00000 45.00000 20.00000 0.84845
25.00000 45.00000 20.00000 0.86409
30.00000 45.00000 20.00000 0.89269
35.00000 45.00000 20.00000 0.95029
40.00000 45.00000 20.00000 1.00760
45.00000 45.00000 20.00000 1.04373
50.00000 45.00000 20.00000 1.04829
55.00000 45.00000 20.00000 1.03492
60.00000 45.00000 20.00000 1.03291
65.00000 45.00000 20.00000 1.03782
70.00000 45.00000 20.00000 1.04216
75.00000 45.00000 20.00000 1.00486
80.00000 45.00000 20.00000 0.95779
85.00000 45.00000 20.00000 0.93828
90.00000 45.00000 20.00000 0.90587
95.00000 45.00000 20.00000 0.87323
100.00000 45.00000 20.00000 0.82779
105.00000 45.00000 20.00000 0.79110
110.00000 45.00000 20.00000 0.75390
115.00000 45.00000 20.00000 0.69505
120.00000 45.00000 20.00000 0.60899
125.00000 45.00000 20.00000 0.55035
130.00000 45.00000 20.00000 0.54047
135.00000 45.00000 20.00000 0.51403
140.00000 45.00000 20.00000 0.47653
145.00000 45.00000 20.00000 0.46841
150.00000 45.00000 20.00000 0.46540
155.00000 45.00000 20.00000 0.45740
160.00000 45.00000 20.00000 0.46110
165.00000 45.00000 20.00000 0.47126
170.00000 45.00000 20.00000 0.49812
175.00000 45.00000 20.00000 0.55800
180.00000 45.00000 20.00000 0.68850
185.00000 45.00000 20.00000 0.87690
190.00000 45.00000 20.00000 1.08812
195.00000 45.00000 20.00000 1.36526
200.00000 45.00000 20.00000 1.59616
205.00000 45.00000 20.00000 1.67946
210.00000 45.00000 20.00000 1.88713
215.00000 45.00000 20.00000 2.12930
220.00000 45.00000 20.00000 2.18128
225.00000 45.00000 20.00000 2.06086
230.00000 45.00000 20.00000 1.88843
235.00000 45.00000 20.00000 1.74633
240.00000 45.00000 20.00000 1.62953
245.00000 45.00000 20.00000 1.54698
250.00000 45.00000 20.00000 1.47495
255.00000 45.00000 20.00000 1.44414
260.00000 45.00000 20.00000 1.47517
265.00000 45.00000 20.00000 1.48709
270.00000 45.00000 20.00000 1.57206
275.00000 45.00000 20.00000 1.70654
280.00000 45.00000 20.00000 1.84372
285.00000 45.00000 20.00000 1.89580
290.00000 45.00000 20.00000 1.80077
295.00000 45.00000 20.00000 1.50092
300.00000 45.00000 20.00000 1.18304
305.00000 45.00000 20.00000 1.00745
310.00000 45.00000 20.00000 0.92599
315.00000 45.00000 20.00000 0.80936
320.00000 45.00000 20.00000 0.68896
325.00000 45.00000 20.00000 0.59646
330.00000 45.00000 20.00000 0.53464
335.00000 45.00000 20.00000 0.48428
340.00000 45.00000 20.00000 0.44659
345.00000 45.00000 20.00000 0.43975
350.00000 45.00000 20.00000 0.44995
355.00000 45.00000 20.00000 0.49575
0.00000 50.00000 20.00000 0.42502
5.00000 50.00000 20.00000 0.43185
10.00000 50.00000 20.00000 0.43399
15.00000 50.00000 20.00000 0.43687
20.00000 50.00000 20.00000 0.44269
25.00000 50.00000 20.00000 0.44455
30.00000 50.00000 20.00000 0.44930
35.00000 50.00000 20.00000 0.48450
40.00000 50.00000 20.00000 0.55364
45.00000 50.00000 20.00000 0.61551
50.00000 50.00000 20.00000 0.65858
55.00000 50.00000 20.00000 0.70337
60.00000 50.00000 20.00000 0.76051
65.00000 50.00000 20.00000 0.81231
70.00000 50.00000 20.00000 0.85678
75.00000 50.00000 20.00000 0.86320
80.00000 50.00000 20.00000 0.85922
85.00000 50.00000 20.00000 0.86787
90.00000 50.00000 20.00000 0.85793
95.00000 50.00000 20.00000 0.85192
100.00000 50.00000 20.00000 0.86345
105.00000 50.00000 20.00000 0.90374
110.00000 50.00000 20.00000 0.94929
115.00000 50.00000 20.00000 0.97678
120.00000 50.00000 20.00000 0.95165
125.00000 50.00000 20.00000 0.87554
130.00000 50.00000 20.00000 0.85703
135.00000 50.00000 20.00000 0.81985
140.00000 50.00000 20.00000 0.71425
145.00000 50.00000 20.00000 0.64027
150.00000 50.00000 20.00000 0.58454
155.00000 50.00000 20.00000 0.52318
160.00000 50.00000 20.00000 0.47333
165.00000 50.00000 20.00000 0.43732
170.00000 50.00000 20.00000 0.42253
175.00000 50.00000 20.00000 0.42786
180.00000 50.00000 20.00000 0.46569
185.00000 50.00000 20.00000 0.52989
190.00000 50.00000 20.00000 0.60292
195.00000 50.00000 20.00000 0.70225
200.00000 50.00000 20.00000 0.81417
205.00000 50.00000 20.00000 0.89445
210.00000 50.00000 20.00000 0.98334
215.00000 50.00000 20.00000 1.12095
220.00000 50.00000 20.00000 1.22311
225.00000 50.00000 20.00000 1.21645
230.00000 50.00000 20.00000 1.16193
235.00000 50.00000 20.00000 1.14500
240.00000 50.00000 20.00000 1.14608
245.00000 50.00000 20.00000 1.14956
250.00000 50.00000 20.00000 1.13482
255.00000 50.00000 20.00000 1.15289
260.00000 50.00000 20.00000 1.22953
265.00000 50.00000 20.00000 1.28590
270.00000 50.00000 20.00000 1.39654
275.00000 50.00000 20.00000 1.56948
280.00000 50.00000 20.00000 1.77994
285.00000 50.00000 20.00000 1.96106
290.00000 50.00000 20.00000 2.05389
295.00000 50.00000 20.00000 2.03128
300.00000 50.00000 20.00000 1.88278
305.00000 50.00000 20.00000 1.65576
310.00000 50.00000 20.00000 1.51451
315.00000 50.00000 20.00000 1.35302
320.00000 50.00000 20.00000 1.11823
325.00000 50.00000 20.00000 0.90363
330.00000 50.00000 20.00000 0.74277
335.00000 50.00000 20.00000 0.60623
340.00000 50.00000 20.00000 0.49899
345.00000 50.00000 20.00000 0.44287
350.00000 50.00000 20.00000 0.41426
355.00000 50.00000 20.00000 0.41103
0.00000 55.00000 20.00000 0.33755
5.00000 55.00000 20.00000 0.31990
10.00000 55.00000 20.00000 0.30660
15.00000 55.00000 20.00000 0.29949
20.00000 55.00000 20.00000 0.29842
25.00000 55.00000 20.00000 0.30161
30.00000 55.00000 20.00000 0.30765
35.00000 55.00000 20.00000 0.32150
40.00000 55.00000 20.00000 0.35047
45.00000 55.00000 20.00000 0.38356
50.00000 55.00000 20.00000 0.41513
55.00000 55.00000 20.00000 0.45949
60.00000 55.00000 20.00000 0.51912
65.00000 55.00000 20.00000 0.57726
70.00000 55.00000 20.00000 0.62805
75.00000 55.00000 20.00000 0.66594
80.00000 55.00000 20.00000 0.69351
85.00000 55.00000 20.00000 0.71322
90.00000 55.00000 20.00000 0.73017
95.00000 55.00000 20.00000 0.76876
100.00000 55.00000 20.00000 0.86539
105.00000 55.00000 20.00000 1.02905
110.00000 55.00000 20.00000 1.21638
115.00000 55.00000 20.00000 1.39031
120.00000 55.00000 20.00000 1.51271
125.00000 55.00000 20.00000 1.52084
130.00000 55.00000 20.00000 1.47209
135.00000 55.00000 20.00000 1.33861
140.00000 55.00000 20.00000 1.10642
145.00000 55.00000 20.00000 0.90674
150.00000 55.00000 20.00000 0.75419
155.00000 55.00000 20.00000 0.61727
160.00000 55.00000 20.00000 0.50360
165.00000 55.00000 20.00000 0.42716
170.00000 55.00000 20.00000 0.38204
175.00000 55.00000 20.00000 0.35625
180.00000 55.00000 20.00000 0.34739
185.00000 55.00000 20.00000 0.35097
190.00000 55.00000 20.00000 0.36112
195.00000 55.00000 20.00000 0.37931
200.00000 55.00000 20.00000 0.41067
205.00000 55.00000 20.00000 0.45432
210.00000 55.00000 20.00000 0.50013
215.00000 55.00000 20.00000 0.54106
220.00000 55.00000 20.00000 0.58208
225.00000 55.00000 20.00000 0.60251
230.00000 55.00000 20.00000 0.60457
235.00000 55.00000 20.00000 0.63342
240.00000 55.00000 20.00000 0.68432
245.00000 55.00000 20.00000 0.73615
250.00000 55.00000 20.00000 0.78329
255.00000 55.00000 20.00000 0.84295
260.00000 55.00000 20.00000 0.91845
265.00000 55.00000 20.00000 1.00285
270.00000 55.00000 20.00000 1.13691
275.00000 55.00000 20.00000 1.34420
280.00000 55.00000 20.00000 1.63161
285.00000 55.00000 20.00000 1.95697
290.00000 55.00000 20.00000 2.26517
295.00000 55.00000 20.00000 2.54535
300.00000 55.00000 20.00000 2.71304
305.00000 55.00000 20.00000 2.63781
310.00000 55.00000 20.00000 2.40470
315.00000 55.00000 20.00000 2.09242
320.00000 55.00000 20.00000 1.69272
325.00000 55.00000 20.00000 1.31962
330.00000 55.00000 20.00000 1.02335
335.00000 55.00000 20.00000 0.77323
340.00000 55.00000 20.00000 0.58222
345.00000 55.00000 20.00000 0.46530
350.00000 55.00000 20.00000 0.39816
355.00000 55.00000 20.00000 0.36000
0.00000 60.00000 20.00000 0.31308
5.00000 60.00000 20.00000 0.29001
10.00000 60.00000 20.00000 0.27760
15.00000 60.00000 20.00000 0.27244
20.00000 60.00000 20.00000 0.27098
25.00000 60.00000 20.00000 0.27175
30.00000 60.00000 20.00000 0.27466
35.00000 60.00000 20.00000 0.28041
40.00000 60.00000 20.00000 0.28996
45.00000 60.00000 20.00000 0.30104
50.00000 60.00000 20.00000 0.31453
55.00000 60.00000 20.00000 0.33910
60.00000 60.00000 20.00000 0.37395
65.00000 60.00000 20.00000 0.40830
70.00000 60.00000 20.00000 0.43985
75.00000 60.00000 20.00000 0.47455
80.00000 60.00000 20.00000 0.51560
85.00000 60.00000 20.00000 0.55841
90.00000 60.00000 20.00000 0.60529
95.00000 60.00000 20.00000 0.68617
100.00000 60.00000 20.00000 0.85401
105.00000 60.00000 20.00000 1.13152
110.00000 60.00000 20.00000 1.47726
115.00000 60.00000 20.00000 1.84039
120.00000 60.00000 20.00000 2.17434
125.00000 60.00000 20.00000 2.38481
130.00000 60.00000 20.00000 2.38881
135.00000 60.00000 20.00000 2.14705
140.00000 60.00000 20.00000 1.74460
145.00000 60.00000 20.00000 1.35428
150.00000 60.00000 20.00000 1.03191
155.00000 60.00000 20.00000 0.76032
160.00000 60.00000 20.00000 0.55480
165.00000 60.00000 20.00000 0.42924
170.00000 60.00000 20.00000 0.36068
175.00000 60.00000 20.00000 0.32192
180.00000 60.00000 20.00000 0.30081
185.00000 60.00000 20.00000 0.29065
190.00000 60.00000 20.00000 0.28690
195.00000 60.00000 20.00000 0.28745
200.00000 60.00000 20.00000 0.29313
205.00000 60.00000 20.00000 0.30531
210.00000 60.00000 20.00000 0.32221
215.00000 60.00000 20.00000 0.33812
220.00000 60.00000 20.00000 0.35118
225.00000 60.00000 20.00000 0.35796
230.00000 60.00000 20.00000 0.36385
235.00000 60.00000 20.00000 0.38706
240.00000 60.00000 20.00000 0.42549
245.00000 60.00000 20.00000 0.46679
250.00000 60.00000 20.00000 0.51070
255.00000 60.00000 20.00000 0.56755
260.00000 60.00000 20.00000 0.64726
265.00000 60.00000 20.00000 0.75655
270.00000 60.00000 20.00000 0.90764
275.00000 60.00000 20.00000 1.12545
280.00000 60.00000 20.00000 1.43885
285.00000 60.00000 20.00000 1.83992
290.00000 60.00000 20.00000 2.30620
295.00000 60.00000 20.00000 2.81641
300.00000 60.00000 20.00000 3.28141
305.00000 60.00000 20.00000 3.51061
310.00000 60.00000 20.00000 3.36579
315.00000 60.00000 20.00000 2.96456
320.00000 60.00000 20.00000 2.40591
325.00000 60.00000 20.00000 1.85182
330.00000 60.00000 20.00000 1.39206
335.00000 60.00000 20.00000 1.00250
340.00000 60.00000 20.00000 0.70648
345.00000 60.00000 20.00000 0.51973
350.00000 60.00000 20.00000 0.41205
355.00000 60.00000 20.00000 0.35020
0.00000 65.00000 20.00000 0.35056
5.00000 65.00000 20.00000 0.31007
10.00000 65.00000 20.00000 0.28722
15.00000 65.00000 20.00000 0.27717
20.00000 65.00000 20.00000 0.27314
25.00000 65.00000 20.00000 0.27172
30.00000 65.00000 20.00000 0.27187
35.00000 65.00000 20.00000 0.27395
40.00000 65.00000 20.00000 0.27763
45.00000 65.00000 20.00000 0.28084
50.00000 65.00000 20.00000 0.28529
55.00000 65.00000 20.00000 0.29575
60.00000 65.00000 20.00000 0.31125
65.00000 65.00000 20.00000 0.32665
70.00000 65.00000 20.00000 0.34287
75.00000 65.00000 20.00000 0.36835
80.00000 65.00000 20.00000 0.41020
85.00000 65.00000 20.00000 0.46476
90.00000 65.00000 20.00000 0.52962
95.00000 65.00000 20.00000 0.63379
100.00000 65.00000 20.00000 0.83423
105.00000 65.00000 20.00000 1.16651
110.00000 65.00000 20.00000 1.62072
115.00000 65.00000 20.00000 2.15547
120.00000 65.00000 20.00000 2.69744
125.00000 65.00000 20.00000 3.12843
130.00000 65.00000 20.00000 3.28156
135.00000 65.00000 20.00000 3.04638
140.00000 65.00000 20.00000 2.52157
145.00000 65.00000 20.00000 1.93495
150.00000 65.00000 20.00000 1.40924
155.00000 65.00000 20.00000 0.97477
160.00000 65.00000 20.00000 0.66548
165.00000 65.00000 20.00000 0.48393
170.00000 65.00000 20.00000 0.38788
175.00000 65.00000 20.00000 0.33522
180.00000 65.00000 20.00000 0.30416
185.00000 65.00000 20.00000 0.28570
190.00000 65.00000 20.00000 0.27629
195.00000 65.00000 20.00000 0.27309
200.00000 65.00000 20.00000 0.27339
205.00000 65.00000 20.00000 0.27626
210.00000 65.00000 20.00000 0.28132
215.00000 65.00000 20.00000 0.28786
220.00000 65.00000 20.00000 0.29338
225.00000 65.00000 20.00000 0.29502
230.00000 65.00000 20.00000 0.29716
235.00000 65.00000 20.00000 0.30794
240.00000 65.00000 20.00000 0.32673
245.00000 65.00000 20.00000 0.34877
250.00000 65.00000 20.00000 0.37580
255.00000 65.00000 20.00000 0.41955
260.00000 65.00000 20.00000 0.49610
265.00000 65.00000 20.00000 0.60962
270.00000 65.00000 20.00000 0.75467
275.00000 65.00000 20.00000 0.94705
280.00000 65.00000 20.00000 1.22202
285.00000 65.00000 20.00000 1.60699
290.00000 65.00000 20.00000 2.11880
295.00000 65.00000 20.00000 2.72736
300.00000 65.00000 20.00000 3.34623
305.00000 65.00000 20.00000 3.77403
310.00000 65.00000 20.00000 3.77987
315.00000 65.00000 20.00000 3.52976
320.00000 65.00000 20.00000 2.99842
325.00000 65.00000 20.00000 2.34004
330.00000 65.00000 20.00000 1.76693
335.00000 65.00000 20.00000 1.27693
340.00000 65.00000 20.00000 0.89805
345.00000 65.00000 20.00000 0.64761
350.00000 65.00000 20.00000 0.49753
355.00000 65.00000 20.00000 0.40913
0.00000 70.00000 20.00000 0.45521
5.00000 70.00000 20.00000 0.37671
10.00000 70.00000 20.00000 0.32530
15.00000 70.00000 20.00000 0.29935
20.00000 70.00000 20.00000 0.28818
25.00000 70.00000 20.00000 0.28372
30.00000 70.00000 20.00000 0.28154
35.00000 70.00000 20.00000 0.28080
40.00000 70.00000 20.00000 0.28137
45.00000 70.00000 20.00000 0.28113
50.00000 70.00000 20.00000 0.28078
55.00000 70.00000 20.00000 0.28356
60.00000 70.00000 20.00000 0.28901
65.00000 70.00000 20.00000 0.29507
70.00000 70.00000 20.00000 0.30400
75.00000 70.00000 20.00000 0.32340
80.00000 70.00000 20.00000 0.36167
85.00000 70.00000 20.00000 0.41926
90.00000 70.00000 20.00000 0.49438
95.00000 70.00000 20.00000 0.60900
100.00000 70.00000 20.00000 0.80551
105.00000 70.00000 20.00000 1.12198
110.00000 70.00000 20.00000 1.58666
115.00000 70.00000 20.00000 2.18728
120.00000 70.00000 20.00000 2.84386
125.00000 70.00000 20.00000 3.43081
130.00000 70.00000 20.00000 3.75236
135.00000 70.00000 20.00000 3.63341
140.00000 70.00000 20.00000 3.12060
145.00000 70.00000 20.00000 2.45757
150.00000 70.00000 20.00000 1.81292
155.00000 70.00000 20.00000 1.26748
160.00000 70.00000 20.00000 0.87879
165.00000 70.00000 20.00000 0.64005
170.00000 70.00000 20.00000 0.50271
175.00000 70.00000 20.00000 0.42159
180.00000 70.00000 20.00000 0.36591
185.00000 70.00000 20.00000 0.32346
190.00000 70.00000 20.00000 0.29619
195.00000 70.00000 20.00000 0.28347
200.00000 70.00000 20.00000 0.27969
205.00000 70.00000 20.00000 0.27954
210.00000 70.00000 20.00000 0.28039
215.00000 70.00000 20.00000 0.28191
220.00000 70.00000 20.00000 0.28358
225.00000 70.00000 20.00000 0.28309
230.00000 70.00000 20.00000 0.28211
235.00000 70.00000 20.00000 0.28525
240.00000 70.00000 20.00000 0.29290
245.00000 70.00000 20.00000 0.30369
250.00000 70.00000 20.00000 0.32079
255.00000 70.00000 20.00000 0.35594
260.00000 70.00000 20.00000 0.42578
265.00000 70.00000 20.00000 0.53333
270.00000 70.00000 20.00000 0.66298
275.00000 70.00000 20.00000 0.81529
280.00000 70.00000 20.00000 1.02190
285.00000 70.00000 20.00000 1.33133
290.00000 70.00000 20.00000 1.77913
295.00000 70.00000 20.00000 2.33264
300.00000 70.00000 20.00000 2.92422
305.00000 70.00000 20.00000 3.41864
310.00000 70.00000 20.00000 3.59658
315.00000 70.00000 20.00000 3.55634
320.00000 70.00000 20.00000 3.19363
325.00000 70.00000 20.00000 2.59686
330.00000 70.00000 20.00000 2.03428
335.00000 70.00000 20.00000 1.53974
340.00000 70.00000 20.00000 1.14079
345.00000 70.00000 20.00000 0.85501
350.00000 70.00000 20.00000 0.66990
355.00000 70.00000 20.00000 0.55033
0.00000 75.00000 20.00000 0.58499
5.00000 75.00000 20.00000 0.47029
10.00000 75.00000 20.00000 0.38711
15.00000 75.00000 20.00000 0.34126
20.00000 75.00000 20.00000 0.32130
25.00000 75.00000 20.00000 0.31395
30.00000 75.00000 20.00000 0.30903
35.00000 75.00000 20.00000 0.30516
40.00000 75.00000 20.00000 0.30301
45.00000 75.00000 20.00000 0.29933
50.00000 75.00000 20.00000 0.29327
55.00000 75.00000 20.00000 0.28854
60.00000 75.00000 20.00000 0.28714
65.00000 75.00000 20.00000 0.28914
70.00000 75.00000 20.00000 0.29631
75.00000 75.00000 20.00000 0.31395
80.00000 75.00000 20.00000 0.34941
85.00000 75.00000 20.00000 0.40632
90.00000 75.00000 20.00000 0.48633
95.00000 75.00000 20.00000 0.59874
100.00000 75.00000 20.00000 0.76290
105.00000 75.00000 20.00000 1.01124
110.00000 75.00000 20.00000 1.39070
115.00000 75.00000 20.00000 1.91326
120.00000 75.00000 20.00000 2.51788
125.00000 75.00000 20.00000 3.10902
130.00000 75.00000 20.00000 3.53024
135.00000 75.00000 20.00000 3.58581
140.00000 75.00000 20.00000 3.23782
145.00000 75.00000 20.00000 2.68583
150.00000 75.00000 20.00000 2.10496
155.00000 75.00000 20.00000 1.58819
160.00000 75.00000 20.00000 1.19253
165.00000 75.00000 20.00000 0.91051
170.00000 75.00000 20.00000 0.71981
175.00000 75.00000 20.00000 0.59554
180.00000 75.00000 20.00000 0.49838
185.00000 75.00000 20.00000 0.40976
190.00000 75.00000 20.00000 0.34388
195.00000 75.00000 20.00000 0.30920
200.00000 75.00000 20.00000 0.29688
205.00000 75.00000 20.00000 0.29406
210.00000 75.00000 20.00000 0.29262
215.00000 75.00000 20.00000 0.29132
220.00000 75.00000 20.00000 0.29120
225.00000 75.00000 20.00000 0.28929
230.00000 75.00000 20.00000 0.28501
235.00000 75.00000 20.00000 0.28268
240.00000 75.00000 20.00000 0.28465
245.00000 75.00000 20.00000 0.29151
250.00000 75.00000 20.00000 0.30704
255.00000 75.00000 20.00000 0.34178
260.00000 75.00000 20.00000 0.40996
265.00000 75.00000 20.00000 0.51245
270.00000 75.00000 20.00000 0.62785
275.00000 75.00000 20.00000 0.73899
280.00000 75.00000 20.00000 0.86945
285.00000 75.00000 20.00000 1.07516
290.00000 75.00000 20.00000 1.38810
295.00000 75.00000 20.00000 1.77976
300.00000 75.00000 20.00000 2.20699
305.00000 75.00000 20.00000 2.63069
310.00000 75.00000 20.00000 2.94457
315.00000 75.00000 20.00000 3.06770
320.00000 75.00000 20.00000 2.87476
325.00000 75.00000 20.00000 2.45278
330.00000 75.00000 20.00000 2.01629
335.00000 75.00000 20.00000 1.62559
340.00000 75.00000 20.00000 1.29853
345.00000 75.00000 20.00000 1.03979
350.00000 75.00000 20.00000 0.85026
355.00000 75.00000 20.00000 0.71057
0.00000 80.00000 20.00000 0.65366
5.00000 80.00000 20.00000 0.54959
10.00000 80.00000 20.00000 0.46595
15.00000 80.00000 20.00000 0.41647
20.00000 80.00000 20.00000 0.39728
25.00000 80.00000 20.00000 0.39196
30.00000 80.00000 20.00000 0.38526
35.00000 80.00000 20.00000 0.37809
40.00000 80.00000 20.00000 0.37266
45.00000 80.00000 20.00000 0.36149
50.00000 80.00000 20.00000 0.34145
55.00000 80.00000 20.00000 0.32052
60.00000 80.00000 20.00000 0.30770
65.00000 80.00000 20.00000 0.30579
70.00000 80.00000 20.00000 0.31400
75.00000 80.00000 20.00000 0.33292
80.00000 80.00000 20.00000 0.36668
85.00000 80.00000 20.00000 0.42040
90.00000 80.00000 20.00000 0.49586
95.00000 80.00000 20.00000 0.58765
100.00000 80.00000 20.00000 0.69701
105.00000 80.00000 20.00000 0.85272
110.00000 80.00000 20.00000 1.09957
115.00000 80.00000 20.00000 1.44953
120.00000 80.00000 20.00000 1.86869
125.00000 80.00000 20.00000 2.31756
130.00000 80.00000 20.00000 2.72153
135.00000 80.00000 20.00000 2.90846
140.00000 80.00000 20.00000 2.77073
145.00000 80.00000 20.00000 2.44004
150.00000 80.00000 20.00000 2.07107
155.00000 80.00000 20.00000 1.72352
160.00000 80.00000 20.00000 1.41179
165.00000 80.00000 20.00000 1.13407
170.00000 80.00000 20.00000 0.91727
175.00000 80.00000 20.00000 0.76931
180.00000 80.00000 20.00000 0.64313
185.00000 80.00000 20.00000 0.51296
190.00000 80.00000 20.00000 0.40608
195.00000 80.00000 20.00000 0.34625
200.00000 80.00000 20.00000 0.32529
205.00000 80.00000 20.00000 0.32169
210.00000 80.00000 20.00000 0.32020
215.00000 80.00000 20.00000 0.31838
220.00000 80.00000 20.00000 0.31958
225.00000 80.00000 20.00000 0.31787
230.00000 80.00000 20.00000 0.30838
235.00000 80.00000 20.00000 0.29814
240.00000 80.00000 20.00000 0.29504
245.00000 80.00000 20.00000 0.30224
250.00000 80.00000 20.00000 0.32334
255.00000 80.00000 20.00000 0.36619
260.00000 80.00000 20.00000 0.43960
265.00000 80.00000 20.00000 0.54079
270.00000 80.00000 20.00000 0.64080
275.00000 80.00000 20.00000 0.70688
280.00000 80.00000 20.00000 0.75736
285.00000 80.00000 20.00000 0.84963
290.00000 80.00000 20.00000 1.00824
295.00000 80.00000 20.00000 1.21317
300.00000 80.00000 20.00000 1.43841
305.00000 80.00000 20.00000 1.68743
310.00000 80.00000 20.00000 1.95209
315.00000 80.00000 20.00000 2.13158
320.00000 80.00000 20.00000 2.08690
325.00000 80.00000 20.00000 1.85834
330.00000 80.00000 20.00000 1.59578
335.00000 80.00000 20.00000 1.37167
340.00000 80.00000 20.00000 1.18729
345.00000 80.00000 20.00000 1.02127
350.00000 80.00000 20.00000 0.87808
355.00000 80.00000 20.00000 0.76136
0.00000 85.00000 20.00000 0.66771
5.00000 85.00000 20.00000 0.63375
10.00000 85.00000 20.00000 0.59667
15.00000 85.00000 20.00000 0.57673
20.00000 85.00000 20.00000 0.58093
25.00000 85.00000 20.00000 0.59247
30.00000 85.00000 20.00000 0.59283
35.00000 85.00000 20.00000 0.58896
40.00000 85.00000 20.00000 0.58080
45.00000 85.00000 20.00000 0.54333
50.00000 85.00000 20.00000 0.48666
55.00000 85.00000 20.00000 0.42545
60.00000 85.00000 20.00000 0.38230
65.00000 85.00000 20.00000 0.36683
70.00000 85.00000 20.00000 0.37075
75.00000 85.00000 20.00000 0.38546
80.00000 85.00000 20.00000 0.41117
85.00000 85.00000 20.00000 0.45444
90.00000 85.00000 20.00000 0.51191
95.00000 85.00000 20.00000 0.56424
100.00000 85.00000 20.00000 0.60789
105.00000 85.00000 20.00000 0.67425
110.00000 85.00000 20.00000 0.79461
115.00000 85.00000 20.00000 0.97034
120.00000 85.00000 20.00000 1.18418
125.00000 85.00000 20.00000 1.43699
130.00000 85.00000 20.00000 1.71940
135.00000 85.00000 20.00000 1.91675
140.00000 85.00000 20.00000 1.90924
145.00000 85.00000 20.00000 1.76573
150.00000 85.00000 20.00000 1.60662
155.00000 85.00000 20.00000 1.44900
160.00000 85.00000 20.00000 1.26636
165.00000 85.00000 20.00000 1.06376
170.00000 85.00000 20.00000 0.89699
175.00000 85.00000 20.00000 0.78839
180.00000 85.00000 20.00000 0.69113
185.00000 85.00000 20.00000 0.57287
190.00000 85.00000 20.00000 0.46348
195.00000 85.00000 20.00000 0.40060
200.00000 85.00000 20.00000 0.38492
205.00000 85.00000 20.00000 0.39193
210.00000 85.00000 20.00000 0.39851
215.00000 85.00000 20.00000 0.40268
220.00000 85.00000 20.00000 0.41285
225.00000 85.00000 20.00000 0.41537
230.00000 85.00000 20.00000 0.39364
235.00000 85.00000 20.00000 0.36292
240.00000 85.00000 20.00000 0.34645
245.00000 85.00000 20.00000 0.35241
250.00000 85.00000 20.00000 0.38082
255.00000 85.00000 20.00000 0.43214
260.00000 85.00000 20.00000 0.50866
265.00000 85.00000 20.00000 0.60360
270.00000 85.00000 20.00000 0.67883
275.00000 85.00000 20.00000 0.69207
280.00000 85.00000 20.00000 0.66560
285.00000 85.00000 20.00000 0.65858
290.00000 85.00000 20.00000 0.69476
295.00000 85.00000 20.00000 0.76126
300.00000 85.00000 20.00000 0.84114
305.00000 85.00000 20.00000 0.94094
310.00000 85.00000 20.00000 1.07659
315.00000 85.00000 20.00000 1.20212
320.00000 85.00000 20.00000 1.21717
325.00000 85.00000 20.00000 1.11869
330.00000 85.00000 20.00000 1.00200
335.00000 85.00000 20.00000 0.92362
340.00000 85.00000 20.00000 0.86783
345.00000 85.00000 20.00000 0.80486
350.00000 85.00000 20.00000 0.74105
355.00000 85.00000 20.00000 0.69728
0.00000 90.00000 20.00000 0.71642
5.00000 90.00000 20.00000 0.78351
10.00000 90.00000 20.00000 0.82649
15.00000 90.00000 20.00000 0.86906
20.00000 90.00000 20.00000 0.92909
25.00000 90.00000 20.00000 0.99096
30.00000 90.00000 20.00000 1.03332
35.00000 90.00000 20.00000 1.06603
40.00000 90.00000 20.00000 1.05976
45.00000 90.00000 20.00000 0.94719
50.00000 90.00000 20.00000 0.82308
55.00000 90.00000 20.00000 0.69405
60.00000 90.00000 20.00000 0.57948
65.00000 90.00000 20.00000 0.51899
70.00000 90.00000 20.00000 0.49286
75.00000 90.00000 20.00000 0.47827
80.00000 90.00000 20.00000 0.47462
85.00000 90.00000 20.00000 0.49125
90.00000 90.00000 20.00000 0.51681
95.00000 90.00000 20.00000 0.52373
100.00000 90.00000 20.00000 0.51231
105.00000 90.00000 20.00000 0.51412
110.00000 90.00000 20.00000 0.54813
115.00000 90.00000 20.00000 0.60805
120.00000 90.00000 20.00000 0.68511
125.00000 90.00000 20.00000 0.78996
130.00000 90.00000 20.00000 0.93139
135.00000 90.00000 20.00000 1.05443
140.00000 90.00000 20.00000 1.07651
145.00000 90.00000 20.00000 1.02430
150.00000 90.00000 20.00000 0.97505
155.00000 90.00000 20.00000 0.92916
160.00000 90.00000 20.00000 0.85491
165.00000 90.00000 20.00000 0.76057
170.00000 90.00000 20.00000 0.69210
175.00000 90.00000 20.00000 0.66728
180.00000 90.00000 20.00000 0.64937
185.00000 90.00000 20.00000 0.60221
190.00000 90.00000 20.00000 0.54241
195.00000 90.00000 20.00000 0.51523
200.00000 90.00000 20.00000 0.53723
205.00000 90.00000 20.00000 0.58374
210.00000 90.00000 20.00000 0.62028
215.00000 90.00000 20.00000 0.64831
220.00000 90.00000 20.00000 0.68743
225.00000 90.00000 20.00000 0.70446
230.00000 90.00000 20.00000 0.65363
235.00000 90.00000 20.00000 0.56633
240.00000 90.00000 20.00000 0.50454
245.00000 90.00000 20.00000 0.48884
250.00000 90.00000 20.00000 0.50704
255.00000 90.00000 20.00000 0.54494
260.00000 90.00000 20.00000 0.60059
265.00000 90.00000 20.00000 0.66754
270.00000 90.00000 20.00000 0.70216
275.00000 90.00000 20.00000 0.66346
280.00000 90.00000 20.00000 0.58024
285.00000 90.00000 20.00000 0.51229
290.00000 90.00000 20.00000 0.48366
295.00000 90.00000 20.00000 0.48359
300.00000 90.00000 20.00000 0.49720
305.00000 90.00000 20.00000 0.52557
310.00000 90.00000 20.00000 0.57760
315.00000 90.00000 20.00000 0.63462
320.00000 90.00000 20.00000 0.64707
325.00000 90.00000 20.00000 0.60932
330.00000 90.00000 20.00000 0.57481
335.00000 90.00000 20.00000 0.57194
340.00000 90.00000 20.00000 0.58201
345.00000 90.00000 20.00000 0.58476
350.00000 90.00000 20.00000 0.59548
355.00000 90.00000 20.00000 0.64126
0.00000 0.00000 25.00000 0.40854
5.00000 0.00000 25.00000 0.44692
10.00000 0.00000 25.00000 0.49143
15.00000 0.00000 25.00000 0.54557
20.00000 0.00000 25.00000 0.57547
25.00000 0.00000 25.00000 0.54641
30.00000 0.00000 25.00000 0.47081
35.00000 0.00000 25.00000 0.41292
40.00000 0.00000 25.00000 0.39105
45.00000 0.00000 25.00000 0.38546
50.00000 0.00000 25.00000 0.38361
55.00000 0.00000 25.00000 0.38832
60.00000 0.00000 25.00000 0.39978
65.00000 0.00000 25.00000 0.40177
70.00000 0.00000 25.00000 0.38220
75.00000 0.00000 25.00000 0.35700
80.00000 0.00000 25.00000 0.35101
85.00000 0.00000 25.00000 0.37178
90.00000 0.00000 25.00000 0.40854
95.00000 0.00000 25.00000 0.44692
100.00000 0.00000 25.00000 0.49143
105.00000 0.00000 25.00000 0.54557
110.00000 0.00000 25.00000 0.57547
115.00000 0.00000 25.00000 0.54641
120.00000 0.00000 25.00000 0.47081
125.00000 0.00000 25.00000 0.41292
130.00000 0.00000 25.00000 0.39105
135.00000 0.00000 25.00000 0.38546
140.00000 0.00000 25.00000 0.38361
145.00000 0.00000 25.00000 0.38832
150.00000 0.00000 25.00000 0.39978
155.00000 0.00000 25.00000 0.40177
160.00000 0.00000 25.00000 0.38220
165.00000 0.00000 25.00000 0.35700
170.00000 0.00000 25.00000 0.35101
175.00000 0.00000 25.00000 0.37178
180.00000 0.00000 25.00000 0.40854
185.00000 0.00000 25.00000 0.44692
190.00000 0.00000 25.00000 0.49143
195.00000 0.00000 25.00000 0.54557
200.00000 0.00000 25.00000 0.57547
205.00000 0.00000 25.00000 0.54641
210.00000 0.00000 25.00000 0.47081
215.00000 0.00000 25.00000 0.41292
220.00000 0.00000 25.00000 0.39105
225.00000 0.00000 25.00000 0.38546
230.00000 0.00000 25.00000 0.38361
235.00000 0.00000 25.00000 0.38832
240.00000 0.00000 25.00000 0.39978
245.00000 0.00000 25.00000 0.40177
250.00000 0.00000 25.00000 0.38220
255.00000 0.00000 25.00000 0.35700
260.00000 0.00000 25.00000 0.35101
265.00000 0.00000 25.00000 0.37178
270.00000 0.00000 25.00000 0.40854
275.00000 0.00000 25.00000 0.44692
280.00000 0.00000 25.00000 0.49143
285.00000 0.00000 25.00000 0.54557
290.00000 0.00000 25.00000 0.57547
295.00000 0.00000 25.00000 0.54641
300.00000 0.00000 25.00000 0.47081
305.00000 0.00000 25.00000 0.41292
310.00000 0.00000 25.00000 0.39105
315.00000 0.00000 25.00000 0.38546
320.00000 0.00000 25.00000 0.38361
325.00000 0.00000 25.00000 0.38832
330.00000 0.00000 25.00000 0.39978
335.00000 0.00000 25.00000 0.40177
340.00000 0.00000 25.00000 0.38220
345.00000 0.00000 25.00000 0.35700
350.00000 0.00000 25.00000 0.35101
355.00000 0.00000 25.00000 0.37178
0.00000 5.00000 25.00000 0.52282
5.00000 5.00000 25.00000 0.56434
10.00000 5.00000 25.00000 0.61596
15.00000 5.00000 25.00000 0.68511
20.00000 5.00000 25.00000 0.72254
25.00000 5.00000 25.00000 0.67289
30.00000 5.00000 25.00000 0.57536
35.00000 5.00000 25.00000 0.50915
40.00000 5.00000 25.00000 0.48607
45.00000 5.00000 25.00000 0.47944
50.00000 5.00000 25.00000 0.47148
55.00000 5.00000 25.00000 0.46370
60.00000 5.00000 25.00000 0.45797
65.00000 5.00000 25.00000 0.44123
70.00000 5.00000 25.00000 0.40600
75.00000 5.00000 25.00000 0.36921
80.00000 5.00000 25.00000 0.35323
85.00000 5.00000 25.00000 0.36323
90.00000 5.00000 25.00000 0.38920
95.00000 5.00000 25.00000 0.41978
100.00000 5.00000 25.00000 0.45845
105.00000 5.00000 25.00000 0.50545
110.00000 5.00000 25.00000 0.52944
115.00000 5.00000 25.00000 0.50400
120.00000 5.00000 25.00000 0.43940
125.00000 5.00000 25.00000 0.38747
130.00000 5.00000 25.00000 0.36539
135.00000 5.00000 25.00000 0.35845
140.00000 5.00000 25.00000 0.35703
145.00000 5.00000 25.00000 0.36299
150.00000 5.00000 25.00000 0.37715
155.00000 5.00000 25.00000 0.38701
160.00000 5.00000 25.00000 0.37974
165.00000 5.00000 25.00000 0.36405
170.00000 5.00000 25.00000 0.36096
175.00000 5.00000 25.00000 0.38031
180.00000 5.00000 25.00000 0.41605
185.00000 5.00000 25.00000 0.45743
190.00000 5.00000 25.00000 0.50493
195.00000 5.00000 25.00000 0.54370
200.00000 5.00000 25.00000 0.55405
205.00000 5.00000 25.00000 0.54828
210.00000 5.00000 25.00000 0.48747
215.00000 5.00000 25.00000 0.42444
220.00000 5.00000 25.00000 0.39444
225.00000 5.00000 25.00000 0.38100
230.00000 5.00000 25.00000 0.37316
235.00000 5.00000 25.00000 0.37524
240.00000 5.00000 25.00000 0.38808
245.00000 5.00000 25.00000 0.39495
250.00000 5.00000 25.00000 0.38029
255.00000 5.00000 25.00000 0.35636
260.00000 5.00000 25.00000 0.34812
265.00000 5.00000 25.00000 0.36510
270.00000 5.00000 25.00000 0.39830
275.00000 5.00000 25.00000 0.43409
280.00000 5.00000 25.00000 0.47486
285.00000 5.00000 25.00000 0.52141
290.00000 5.00000 25.00000 0.54585
295.00000 5.00000 25.00000 0.52474
300.00000 5.00000 25.00000 0.46410
305.00000 5.00000 25.00000 0.41888
310.00000 5.00000 25.00000 0.40924
315.00000 5.00000 25.00000 0.42010
320.00000 5.00000 25.00000 0.44006
325.00000 5.00000 25.00000 0.47031
330.00000 5.00000 25.00000 0.50730
335.00000 5.00000 25.00000 0.52505
340.00000 5.00000 25.00000 0.50431
345.00000 5.00000 25.00000 0.46925
350.00000 5.00000 25.00000 0.45856
355.00000 5.00000 25.00000 0.48207
0.00000 10.00000 25.00000 0.75492
5.00000 10.00000 25.00000 0.82339
10.00000 10.00000 25.00000 0.91145
15.00000 10.00000 25.00000 1.01485
20.00000 10.00000 25.00000 1.06235
25.00000 10.00000 25.00000 0.99213
30.00000 10.00000 25.00000 0.85650
35.00000 10.00000 25.00000 0.76080
40.00000 10.00000 25.00000 0.71586
45.00000 10.00000 25.00000 0.68388
50.00000 10.00000 25.00000 0.64067
55.00000 10.00000 25.00000 0.59225
60.00000 10.00000 25.00000 0.55016
65.00000 10.00000 25.00000 0.50469
70.00000 10.00000 25.00000 0.44526
75.00000 10.00000 25.00000 0.38689
80.00000 10.00000 25.00000 0.35242
85.00000 10.00000 25.00000 0.34588
90.00000 10.00000 25.00000 0.35722
95.00000 10.00000 25.00000 0.37663
100.00000 10.00000 25.00000 0.40485
105.00000 10.00000 25.00000 0.44201
110.00000 10.00000 25.00000 0.46346
115.00000 10.00000 25.00000 0.44347
120.00000 10.00000 25.00000 0.39618
125.00000 10.00000 25.00000 0.36018
130.00000 10.00000 25.00000 0.34819
135.00000 10.00000 25.00000 0.35366
140.00000 10.00000 25.00000 0.37181
145.00000 10.00000 25.00000 0.40361
150.00000 10.00000 25.00000 0.44742
155.00000 10.00000 25.00000 0.48605
160.00000 10.00000 25.00000 0.49746
165.00000 10.00000 25.00000 0.48739
170.00000 10.00000 25.00000 0.48410
175.00000 10.00000 25.00000 0.50357
180.00000 10.00000 25.00000 0.54239
185.00000 10.00000 25.00000 0.59316
190.00000 10.00000 25.00000 0.65861
195.00000 10.00000 25.00000 0.72324
200.00000 10.00000 25.00000 0.75294
205.00000 10.00000 25.00000 0.73462
210.00000 10.00000 25.00000 0.64238
215.00000 10.00000 25.00000 0.55037
220.00000 10.00000 25.00000 0.49830
225.00000 10.00000 25.00000 0.46684
230.00000 10.00000 25.00000 0.44294
235.00000 10.00000 25.00000 0.43138
240.00000 10.00000 25.00000 0.43261
245.00000 10.00000 25.00000 0.42917
250.00000 10.00000 25.00000 0.40553
255.00000 10.00000 25.00000 0.37295
260.00000 10.00000 25.00000 0.35464
265.00000 10.00000 25.00000 0.35961
270.00000 10.00000 25.00000 0.38142
275.00000 10.00000 25.00000 0.40894
280.00000 10.00000 25.00000 0.44021
285.00000 10.00000 25.00000 0.46392
290.00000 10.00000 25.00000 0.46449
295.00000 10.00000 25.00000 0.46232
300.00000 10.00000 25.00000 0.43356
305.00000 10.00000 25.00000 0.40539
310.00000 10.00000 25.00000 0.40629
315.00000 10.00000 25.00000 0.43163
320.00000 10.00000 25.00000 0.47471
325.00000 10.00000 25.00000 0.53526
330.00000 10.00000 25.00000 0.60704
335.00000 10.00000 25.00000 0.65969
340.00000 10.00000 25.00000 0.66568
345.00000 10.00000 25.00000 0.64727
350.00000 10.00000 25.00000 0.65140
355.00000 10.00000 25.00000 0.69291
0.00000 15.00000 25.00000 1.00512
5.00000 15.00000 25.00000 1.15575
10.00000 15.00000 25.00000 1.33640
15.00000 15.00000 25.00000 1.52309
20.00000 15.00000 25.00000 1.62189
25.00000 15.00000 25.00000 1.55149
30.00000 15.00000 25.00000 1.36735
35.00000 15.00000 25.00000 1.21145
40.00000 15.00000 25.00000 1.10141
45.00000 15.00000 25.00000 0.99627
50.00000 15.00000 25.00000 0.87373
55.00000 15.00000 25.00000 0.75357
60.00000 15.00000 25.00000 0.66153
65.00000 15.00000 25.00000 0.58268
70.00000 15.00000 25.00000 0.49297
75.00000 15.00000 25.00000 0.40686
80.00000 15.00000 25.00000 0.35250
85.00000 15.00000 25.00000 0.33310
90.00000 15.00000 25.00000 0.33476
95.00000 15.00000 25.00000 0.34487
100.00000 15.00000 25.00000 0.36070
105.00000 15.00000 25.00000 0.38340
110.00000 15.00000 25.00000 0.39831
115.00000 15.00000 25.00000 0.38539
120.00000 15.00000 25.00000 0.35538
125.00000 15.00000 25.00000 0.33458
130.00000 15.00000 25.00000 0.33309
135.00000 15.00000 25.00000 0.35101
140.00000 15.00000 25.00000 0.38971
145.00000 15.00000 25.00000 0.45260
150.00000 15.00000 25.00000 0.53655
155.00000 15.00000 25.00000 0.61553
160.00000 15.00000 25.00000 0.65382
165.00000 15.00000 25.00000 0.65587
170.00000 15.00000 25.00000 0.66267
175.00000 15.00000 25.00000 0.69721
180.00000 15.00000 25.00000 0.75521
185.00000 15.00000 25.00000 0.82995
190.00000 15.00000 25.00000 0.92916
195.00000 15.00000 25.00000 1.05377
200.00000 15.00000 25.00000 1.14367
205.00000 15.00000 25.00000 1.10933
210.00000 15.00000 25.00000 0.96513
215.00000 15.00000 25.00000 0.82282
220.00000 15.00000 25.00000 0.72835
225.00000 15.00000 25.00000 0.66200
230.00000 15.00000 25.00000 0.60719
235.00000 15.00000 25.00000 0.56579
240.00000 15.00000 25.00000 0.53804
245.00000 15.00000 25.00000 0.50689
250.00000 15.00000 25.00000 0.45955
255.00000 15.00000 25.00000 0.40927
260.00000 15.00000 25.00000 0.37708
265.00000 15.00000 25.00000 0.36919
270.00000 15.00000 25.00000 0.37817
275.00000 15.00000 25.00000 0.39378
280.00000 15.00000 25.00000 0.41199
285.00000 15.00000 25.00000 0.42290
290.00000 15.00000 25.00000 0.41567
295.00000 15.00000 25.00000 0.41193
300.00000 15.00000 25.00000 0.39228
305.00000 15.00000 25.00000 0.37167
310.00000 15.00000 25.00000 0.37251
315.00000 15.00000 25.00000 0.39484
320.00000 15.00000 25.00000 0.43615
325.00000 15.00000 25.00000 0.49690
330.00000 15.00000 25.00000 0.57474
335.00000 15.00000 25.00000 0.65128
340.00000 15.00000 25.00000 0.70324
345.00000 15.00000 25.00000 0.73729
350.00000 15.00000 25.00000 0.78863
355.00000 15.00000 25.00000 0.87931
0.00000 20.00000 25.00000 1.19116
5.00000 20.00000 25.00000 1.48976
10.00000 20.00000 25.00000 1.82798
15.00000 20.00000 25.00000 2.17105
20.00000 20.00000 25.00000 2.39500
25.00000 20.00000 25.00000 2.35816
30.00000 20.00000 25.00000 2.12220
35.00000 20.00000 25.00000 1.85486
40.00000 20.00000 25.00000 1.60725
45.00000 20.00000 25.00000 1.37104
50.00000 20.00000 25.00000 1.13609
55.00000 20.00000 25.00000 0.93021
60.00000 20.00000 25.00000 0.78440
65.00000 20.00000 25.00000 0.67024
70.00000 20.00000 25.00000 0.54851
75.00000 20.00000 25.00000 0.43441
80.00000 20.00000 25.00000 0.36151
85.00000 20.00000 25.00000 0.33241
90.00000 20.00000 25.00000 0.32823
95.00000 20.00000 25.00000 0.33059
100.00000 20.00000 25.00000 0.33337
105.00000 20.00000 25.00000 0.33997
110.00000 20.00000 25.00000 0.34471
115.00000 20.00000 25.00000 0.33601
120.00000 20.00000 25.00000 0.31938
125.00000 20.00000 25.00000 0.30909
130.00000 20.00000 25.00000 0.31223
135.00000 20.00000 25.00000 0.33168
140.00000 20.00000 25.00000 0.37269
145.00000 20.00000 25.00000 0.44266
150.00000 20.00000 25.00000 0.54144
155.00000 20.00000 25.00000 0.64374
160.00000 20.00000 25.00000 0.70749
165.00000 20.00000 25.00000 0.73268
170.00000 20.00000 25.00000 0.77084
175.00000 20.00000 25.00000 0.85563
180.00000 20.00000 25.00000 0.97908
185.00000 20.00000 25.00000 1.12225
190.00000 20.00000 25.00000 1.28744
195.00000 20.00000 25.00000 1.48708
200.00000 20.00000 25.00000 1.66050
205.00000 20.00000 25.00000 1.67325
210.00000 20.00000 25.00000 1.51245
215.00000 20.00000 25.00000 1.30711
220.00000 20.00000 25.00000 1.13829
225.00000 20.00000 25.00000 1.00873
230.00000 20.00000 25.00000 0.89512
235.00000 20.00000 25.00000 0.79307
240.00000 20.00000 25.00000 0.70912
245.00000 20.00000 25.00000 0.63164
250.00000 20.00000 25.00000 0.54925
255.00000 20.00000 25.00000 0.47363
260.00000 20.00000 25.00000 0.42358
265.00000 20.00000 25.00000 0.40327
270.00000 20.00000 25.00000 0.40150
275.00000 20.00000 25.00000 0.40234
280.00000 20.00000 25.00000 0.40224
285.00000 20.00000 25.00000 0.40346
290.00000 20.00000 25.00000 0.39669
295.00000 20.00000 25.00000 0.37849
300.00000 20.00000 25.00000 0.35226
305.00000 20.00000 25.00000 0.33198
310.00000 20.00000 25.00000 0.32666
315.00000 20.00000 25.00000 0.33583
320.00000 20.00000 25.00000 0.35790
325.00000 20.00000 25.00000 0.39464
330.00000 20.00000 25.00000 0.44988
335.00000 20.00000 25.00000 0.52259
340.00000 20.00000 25.00000 0.60258
345.00000 20.00000 25.00000 0.68453
350.00000 20.00000 25.00000 0.78910
355.00000 20.00000 25.00000 0.95238
0.00000 25.00000 25.00000 1.31883
5.00000 25.00000 25.00000 1.77423
10.00000 25.00000 25.00000 2.27340
15.00000 25.00000 25.00000 2.76948
20.00000 25.00000 25.00000 3.13311
25.00000 25.00000 25.00000 3.17872
30.00000 25.00000 25.00000 2.91573
35.00000 25.00000 25.00000 2.50333
40.00000 25.00000 25.00000 2.07408
45.00000 25.00000 25.00000 1.69221
50.00000 25.00000 25.00000 1.35599
55.00000 25.00000 25.00000 1.08143
60.00000 25.00000 25.00000 0.89202
65.00000 25.00000 25.00000 0.74984
70.00000 25.00000 25.00000 0.60683
75.00000 25.00000 25.00000 0.47511
80.00000 25.00000 25.00000 0.38819
85.00000 25.00000 25.00000 0.34998
90.00000 25.00000 25.00000 0.33906
95.00000 25.00000 25.00000 0.33309
100.00000 25.00000 25.00000 0.32409
105.00000 25.00000 25.00000 0.31703
110.00000 25.00000 25.00000 0.31224
115.00000 25.00000 25.00000 0.30372
120.00000 25.00000 25.00000 0.29378
125.00000 25.00000 25.00000 0.28862
130.00000 25.00000 25.00000 0.29108
135.00000 25.00000 25.00000 0.30338
140.00000 25.00000 25.00000 0.33062
145.00000 25.00000 25.00000 0.38136
150.00000 25.00000 25.00000 0.46044
155.00000 25.00000 25.00000 0.55570
160.00000 25.00000 25.00000 0.63491
165.00000 25.00000 25.00000 0.69148
170.00000 25.00000 25.00000 0.77779
175.00000 25.00000 25.00000 0.94523
180.00000 25.00000 25.00000 1.18868
185.00000 25.00000 25.00000 1.46930
190.00000 25.00000 25.00000 1.76465
195.00000 25.00000 25.00000 2.06994
200.00000 25.00000 25.00000 2.35203
205.00000 25.00000 25.00000 2.46878
210.00000 25.00000 25.00000 2.32475
215.00000 25.00000 25.00000 2.04306
220.00000 25.00000 25.00000 1.75971
225.00000 25.00000 25.00000 1.51867
230.00000 25.00000 25.00000 1.29514
235.00000 25.00000 25.00000 1.08831
240.00000 25.00000 25.00000 0.92162
245.00000 25.00000 25.00000 0.78968
250.00000 25.00000 25.00000 0.67331
255.00000 25.00000 25.00000 0.57244
260.00000 25.00000 25.00000 0.50219
265.00000 25.00000 25.00000 0.46903
270.00000 25.00000 25.00000 0.45746
275.00000 25.00000 25.00000 0.44340
280.00000 25.00000 25.00000 0.42135
285.00000 25.00000 25.00000 0.40127
290.00000 25.00000 25.00000 0.37997
295.00000 25.00000 25.00000 0.35339
300.00000 25.00000 25.00000 0.32656
305.00000 25.00000 25.00000 0.30573
310.00000 25.00000 25.00000 0.29543
315.00000 25.00000 25.00000 0.29504
320.00000 25.00000 25.00000 0.30263
325.00000 25.00000 25.00000 0.32001
330.00000 25.00000 25.00000 0.35340
335.00000 25.00000 25.00000 0.41051
340.00000 25.00000 25.00000 0.49166
345.00000 25.00000 25.00000 0.59147
350.00000 25.00000 25.00000 0.73032
355.00000 25.00000 25.00000 0.96147
0.00000 30.00000 25.00000 1.33605
5.00000 30.00000 25.00000 1.84137
10.00000 30.00000 25.00000 2.38046
15.00000 30.00000 25.00000 2.90084
20.00000 30.00000 25.00000 3.30386
25.00000 30.00000 25.00000 3.41963
30.00000 30.00000 25.00000 3.18435
35.00000 30.00000 25.00000 2.71571
40.00000 30.00000 25.00000 2.20969
45.00000 30.00000 25.00000 1.77911
50.00000 30.00000 25.00000 1.41802
55.00000 30.00000 25.00000 1.13012
60.00000 30.00000 25.00000 0.93289
65.00000 30.00000 25.00000 0.79097
70.00000 30.00000 25.00000 0.65517
75.00000 30.00000 25.00000 0.52791
80.00000 30.00000 25.00000 0.43755
85.00000 30.00000 25.00000 0.39124
90.00000 30.00000 25.00000 0.37084
95.00000 30.00000 25.00000 0.35335
100.00000 30.00000 25.00000 0.33260
105.00000 30.00000 25.00000 0.31527
110.00000 30.00000 25.00000 0.30239
115.00000 30.00000 25.00000 0.29104
120.00000 30.00000 25.00000 0.28228
125.00000 30.00000 25.00000 0.27804
130.00000 30.00000 25.00000 0.27828
135.00000 30.00000 25.00000 0.28385
140.00000 30.00000 25.00000 0.29810
145.00000 30.00000 25.00000 0.32772
150.00000 30.00000 25.00000 0.38023
155.00000 30.00000 25.00000 0.45680
160.00000 30.00000 25.00000 0.54254
165.00000 30.00000 25.00000 0.63010
170.00000 30.00000 25.00000 0.76615
175.00000 30.00000 25.00000 1.01733
180.00000 30.00000 25.00000 1.38669
185.00000 30.00000 25.00000 1.82538
190.00000 30.00000 25.00000 2.28115
195.00000 30.00000 25.00000 2.68689
200.00000 30.00000 25.00000 3.06230
205.00000 30.00000 25.00000 3.29462
210.00000 30.00000 25.00000 3.17690
215.00000 30.00000 25.00000 2.83049
220.00000 30.00000 25.00000 2.43081
225.00000 30.00000 25.00000 2.04680
230.00000 30.00000 25.00000 1.67747
235.00000 30.00000 25.00000 1.35373
240.00000 30.00000 25.00000 1.11402
245.00000 30.00000 25.00000 0.94928
250.00000 30.00000 25.00000 0.82057
255.00000 30.00000 25.00000 0.70780
260.00000 30.00000 25.00000 0.62177
265.00000 30.00000 25.00000 0.57606
270.00000 30.00000 25.00000 0.55602
275.00000 30.00000 25.00000 0.52864
280.00000 30.00000 25.00000 0.48631
285.00000 30.00000 25.00000 0.44084
290.00000 30.00000 25.00000 0.39413
295.00000 30.00000 25.00000 0.35510
300.00000 30.00000 25.00000 0.32634
305.00000 30.00000 25.00000 0.30200
310.00000 30.00000 25.00000 0.28733
315.00000 30.00000 25.00000 0.28223
320.00000 30.00000 25.00000 0.28433
325.00000 30.00000 25.00000 0.29416
330.00000 30.00000 25.00000 0.31688
335.00000 30.00000 25.00000 0.36120
340.00000 30.00000 25.00000 0.43166
345.00000 30.00000 25.00000 0.52807
350.00000 30.00000 25.00000 0.67583
355.00000 30.00000 25.00000 0.93401
0.00000 35.00000 25.00000 1.15391
5.00000 35.00000 25.00000 1.54704
10.00000 35.00000 25.00000 1.94867
15.00000 35.00000 25.00000 2.31736
20.00000 35.00000 25.00000 2.59909
25.00000 35.00000 25.00000 2.70358
30.00000 35.00000 25.00000 2.55215
35.00000 35.00000 25.00000 2.20523
40.00000 35.00000 25.00000 1.83341
45.00000 35.00000 25.00000 1.52010
50.00000 35.00000 25.00000 1.25087
55.00000 35.00000 25.00000 1.03393
60.00000 35.00000 25.00000 0.88759
65.00000 35.00000 25.00000 0.78759
70.00000 35.00000 25.00000 0.69201
75.00000 35.00000 25.00000 0.59284
80.00000 35.00000 25.00000 0.51199
85.00000 35.00000 25.00000 0.46150
90.00000 35.00000 25.00000 0.42993
95.00000 35.00000 25.00000 0.39832
100.00000 35.00000 25.00000 0.36531
105.00000 35.00000 25.00000 0.33807
110.00000 35.00000 25.00000 0.31621
115.00000 35.00000 25.00000 0.29869
120.00000 35.00000 25.00000 0.28723
125.00000 35.00000 25.00000 0.28109
130.00000 35.00000 25.00000 0.27908
135.00000 35.00000 25.00000 0.28176
140.00000 35.00000 25.00000 0.29130
145.00000 35.00000 25.00000 0.31154
150.00000 35.00000 25.00000 0.34851
155.00000 35.00000 25.00000 0.40821
160.00000 35.00000 25.00000 0.48764
165.00000 35.00000 25.00000 0.58426
170.00000 35.00000 25.00000 0.73739
175.00000 35.00000 25.00000 1.01150
180.00000 35.00000 25.00000 1.41336
185.00000 35.00000 25.00000 1.90032
190.00000 35.00000 25.00000 2.42707
195.00000 35.00000 25.00000 2.88528
200.00000 35.00000 25.00000 3.26125
205.00000 35.00000 25.00000 3.51500
210.00000 35.00000 25.00000 3.43106
215.00000 35.00000 25.00000 3.09409
220.00000 35.00000 25.00000 2.67700
225.00000 35.00000 25.00000 2.23639
230.00000 35.00000 25.00000 1.80595
235.00000 35.00000 25.00000 1.45582
240.00000 35.00000 25.00000 1.21849
245.00000 35.00000 25.00000 1.07405
250.00000 35.00000 25.00000 0.97109
255.00000 35.00000 25.00000 0.87148
260.00000 35.00000 25.00000 0.78183
265.00000 35.00000 25.00000 0.72960
270.00000 35.00000 25.00000 0.70539
275.00000 35.00000 25.00000 0.67259
280.00000 35.00000 25.00000 0.61917
285.00000 35.00000 25.00000 0.55041
290.00000 35.00000 25.00000 0.46811
295.00000 35.00000 25.00000 0.40392
300.00000 35.00000 25.00000 0.36353
305.00000 35.00000 25.00000 0.32901
310.00000 35.00000 25.00000 0.30559
315.00000 35.00000 25.00000 0.29537
320.00000 35.00000 25.00000 0.29464
325.00000 35.00000 25.00000 0.30191
330.00000 35.00000 25.00000 0.31950
335.00000 35.00000 25.00000 0.35258
340.00000 35.00000 25.00000 0.40569
345.00000 35.00000 25.00000 0.48197
350.00000 35.00000 25.00000 0.60588
355.00000 35.00000 25.00000 0.82533
0.00000 40.00000 25.00000 0.85218
5.00000 40.00000 25.00000 1.06842
10.00000 40.00000 25.00000 1.27096
15.00000 40.00000 25.00000 1.42088
20.00000 40.00000 25.00000 1.50704
25.00000 40.00000 25.00000 1.55139
30.00000 40.00000 25.00000 1.49484
35.00000 40.00000 25.00000 1.34054
40.00000 40.00000 25.00000 1.18374
45.00000 40.00000 25.00000 1.05500
50.00000 40.00000 25.00000 0.93695
55.00000 40.00000 25.00000 0.84198
60.00000 40.00000 25.00000 0.78343
65.00000 40.00000 25.00000 0.74811
70.00000 40.00000 25.00000 0.70473
75.00000 40.00000 25.00000 0.64402
80.00000 40.00000 25.00000 0.59046
85.00000 40.00000 25.00000 0.54666
90.00000 40.00000 25.00000 0.51001
95.00000 40.00000 25.00000 0.47026
100.00000 40.00000 25.00000 0.43067
105.00000 40.00000 25.00000 0.39463
110.00000 40.00000 25.00000 0.36026
115.00000 40.00000 25.00000 0.33205
120.00000 40.00000 25.00000 0.31660
125.00000 40.00000 25.00000 0.30933
130.00000 40.00000 25.00000 0.30489
135.00000 40.00000 25.00000 0.30494
140.00000 40.00000 25.00000 0.31346
145.00000 40.00000 25.00000 0.33003
150.00000 40.00000 25.00000 0.35483
155.00000 40.00000 25.00000 0.39315
160.00000 40.00000 25.00000 0.44594
165.00000 40.00000 25.00000 0.51578
170.00000 40.00000 25.00000 0.63072
175.00000 40.00000 25.00000 0.83804
180.00000 40.00000 25.00000 1.14635
185.00000 40.00000 25.00000 1.52636
190.00000 40.00000 25.00000 1.95994
195.00000 40.00000 25.00000 2.30418
200.00000 40.00000 25.00000 2.47834
205.00000 40.00000 25.00000 2.68811
210.00000 40.00000 25.00000 2.71017
215.00000 40.00000 25.00000 2.49338
220.00000 40.00000 25.00000 2.19553
225.00000 40.00000 25.00000 1.86830
230.00000 40.00000 25.00000 1.55745
235.00000 40.00000 25.00000 1.32273
240.00000 40.00000 25.00000 1.17676
245.00000 40.00000 25.00000 1.09755
250.00000 40.00000 25.00000 1.04575
255.00000 40.00000 25.00000 0.99699
260.00000 40.00000 25.00000 0.93117
265.00000 40.00000 25.00000 0.89091
270.00000 40.00000 25.00000 0.88402
275.00000 40.00000 25.00000 0.87403
280.00000 40.00000 25.00000 0.83748
285.00000 40.00000 25.00000 0.75938
290.00000 40.00000 25.00000 0.62565
295.00000 40.00000 25.00000 0.51572
300.00000 40.00000 25.00000 0.45854
305.00000 40.00000 25.00000 0.41376
310.00000 40.00000 25.00000 0.37600
315.00000 40.00000 25.00000 0.35269
320.00000 40.00000 25.00000 0.34178
325.00000 40.00000 25.00000 0.34031
330.00000 40.00000 25.00000 0.34571
335.00000 40.00000 25.00000 0.35943
340.00000 40.00000 25.00000 0.38806
345.00000 40.00000 25.00000 0.43298
350.00000 40.00000 25.00000 0.51179
355.00000 40.00000 25.00000 0.65483
0.00000 45.00000 25.00000 0.57841
5.00000 45.00000 25.00000 0.66264
10.00000 45.00000 25.00000 0.73358
15.00000 45.00000 25.00000 0.75936
20.00000 45.00000 25.00000 0.74559
25.00000 45.00000 25.00000 0.73932
30.00000 45.00000 25.00000 0.72629
35.00000 45.00000 25.00000 0.69466
40.00000 45.00000 25.00000 0.67055
45.00000 45.00000 25.00000 0.65710
50.00000 45.00000 25.00000 0.64587
55.00000 45.00000 25.00000 0.64479
60.00000 45.00000 25.00000 0.65371
65.00000 45.00000 25.00000 0.66752
70.00000 45.00000 25.00000 0.65875
75.00000 45.00000 25.00000 0.62177
80.00000 45.00000 25.00000 0.60718
85.00000 45.00000 25.00000 0.58094
90.00000 45.00000 25.00000 0.54732
95.00000 45.00000 25.00000 0.51480
100.00000 45.00000 25.00000 0.48593
105.00000 45.00000 25.00000 0.46097
110.00000 45.00000 25.00000 0.43518
115.00000 45.00000 25.00000 0.41144
120.00000 45.00000 25.00000 0.39766
125.00000 45.00000 25.00000 0.39638
130.00000 45.00000 25.00000 0.39737
135.00000 45.00000 25.00000 0.38785
140.00000 45.00000 25.00000 0.38294
145.00000 45.00000 25.00000 0.38385
150.00000 45.00000 25.00000 0.38326
155.00000 45.00000 25.00000 0.38768
160.00000 45.00000 25.00000 0.39775
165.00000 45.00000 25.00000 0.42305
170.00000 45.00000 25.00000 0.47769
175.00000 45.00000 25.00000 0.58187
180.00000 45.00000 25.00000 0.74919
185.00000 45.00000 25.00000 0.96174
190.00000 45.00000 25.00000 1.20969
195.00000 45.00000 25.00000 1.38720
200.00000 45.00000 25.00000 1.41538
205.00000 45.00000 25.00000 1.50694
210.00000 45.00000 25.00000 1.55962
215.00000 45.00000 25.00000 1.49595
220.00000 45.00000 25.00000 1.36887
225.00000 45.00000 25.00000 1.22078
230.00000 45.00000 25.00000 1.09540
235.00000 45.00000 25.00000 1.01699
240.00000 45.00000 25.00000 0.97693
245.00000 45.00000 25.00000 0.95254
250.00000 45.00000 25.00000 0.93049
255.00000 45.00000 25.00000 0.95578
260.00000 45.00000 25.00000 0.94037
265.00000 45.00000 25.00000 0.92352
270.00000 45.00000 25.00000 0.95062
275.00000 45.00000 25.00000 0.98571
280.00000 45.00000 25.00000 1.00124
285.00000 45.00000 25.00000 0.96688
290.00000 45.00000 25.00000 0.86414
295.00000 45.00000 25.00000 0.75097
300.00000 45.00000 25.00000 0.67596
305.00000 45.00000 25.00000 0.62898
310.00000 45.00000 25.00000 0.58229
315.00000 45.00000 25.00000 0.52764
320.00000 45.00000 25.00000 0.47536
325.00000 45.00000 25.00000 0.43677
330.00000 45.00000 25.00000 0.40483
335.00000 45.00000 25.00000 0.37923
340.00000 45.00000 25.00000 0.37631
345.00000 45.00000 25.00000 0.38791
350.00000 45.00000 25.00000 0.41920
355.00000 45.00000 25.00000 0.49026
0.00000 50.00000 25.00000 0.39408
5.00000 50.00000 25.00000 0.40738
10.00000 50.00000 25.00000 0.41653
15.00000 50.00000 25.00000 0.41467
20.00000 50.00000 25.00000 0.40445
25.00000 50.00000 25.00000 0.39571
30.00000 50.00000 25.00000 0.39280
35.00000 50.00000 25.00000 0.39848
40.00000 50.00000 25.00000 0.41432
45.00000 50.00000 25.00000 0.43319
50.00000 50.00000 25.00000 0.45670
55.00000 50.00000 25.00000 0.49070
60.00000 50.00000 25.00000 0.52780
65.00000 50.00000 25.00000 0.56683
70.00000 50.00000 25.00000 0.58386
75.00000 50.00000 25.00000 0.56584
80.00000 50.00000 25.00000 0.55876
85.00000 50.00000 25.00000 0.53755
90.00000 50.00000 25.00000 0.51270
95.00000 50.00000 25.00000 0.50121
100.00000 50.00000 25.00000 0.50909
105.00000 50.00000 25.00000 0.53121
110.00000 50.00000 25.00000 0.55812
115.00000 50.00000 25.00000 0.58684
120.00000 50.00000 25.00000 0.60218
125.00000 50.00000 25.00000 0.61077
130.00000 50.00000 25.00000 0.62848
135.00000 50.00000 25.00000 0.59410
140.00000 50.00000 25.00000 0.53704
145.00000 50.00000 25.00000 0.48946
150.00000 50.00000 25.00000 0.44624
155.00000 50.00000 25.00000 0.40814
160.00000 50.00000 25.00000 0.37848
165.00000 50.00000 25.00000 0.36620
170.00000 50.00000 25.00000 0.37328
175.00000 50.00000 25.00000 0.39942
180.00000 50.00000 25.00000 0.45206
185.00000 50.00000 25.00000 0.52284
190.00000 50.00000 25.00000 0.60381
195.00000 50.00000 25.00000 0.67113
200.00000 50.00000 25.00000 0.69935
205.00000 50.00000 25.00000 0.72328
210.00000 50.00000 25.00000 0.74043
215.00000 50.00000 25.00000 0.74418
220.00000 50.00000 25.00000 0.73247
225.00000 50.00000 25.00000 0.70312
230.00000 50.00000 25.00000 0.68329
235.00000 50.00000 25.00000 0.69261
240.00000 50.00000 25.00000 0.72091
245.00000 50.00000 25.00000 0.74464
250.00000 50.00000 25.00000 0.75310
255.00000 50.00000 25.00000 0.80140
260.00000 50.00000 25.00000 0.80934
265.00000 50.00000 25.00000 0.81151
270.00000 50.00000 25.00000 0.86185
275.00000 50.00000 25.00000 0.94213
280.00000 50.00000 25.00000 1.03443
285.00000 50.00000 25.00000 1.10757
290.00000 50.00000 25.00000 1.15757
295.00000 50.00000 25.00000 1.18533
300.00000 50.00000 25.00000 1.15738
305.00000 50.00000 25.00000 1.08900
310.00000 50.00000 25.00000 1.02722
315.00000 50.00000 25.00000 0.92169
320.00000 50.00000 25.00000 0.76814
325.00000 50.00000 25.00000 0.63849
330.00000 50.00000 25.00000 0.52964
335.00000 50.00000 25.00000 0.44134
340.00000 50.00000 25.00000 0.39314
345.00000 50.00000 25.00000 0.36962
350.00000 50.00000 25.00000 0.36146
355.00000 50.00000 25.00000 0.37531
0.00000 55.00000 25.00000 0.31228
5.00000 55.00000 25.00000 0.30550
10.00000 55.00000 25.00000 0.30070
15.00000 55.00000 25.00000 0.29729
20.00000 55.00000 25.00000 0.29522
25.00000 55.00000 25.00000 0.29459
30.00000 55.00000 25.00000 0.29570
35.00000 55.00000 25.00000 0.30139
40.00000 55.00000 25.00000 0.31385
45.00000 55.00000 25.00000 0.32807
50.00000 55.00000 25.00000 0.34755
55.00000 55.00000 25.00000 0.37794
60.00000 55.00000 25.00000 0.41211
65.00000 55.00000 25.00000 0.44387
70.00000 55.00000 25.00000 0.46323
75.00000 55.00000 25.00000 0.46475
80.00000 55.00000 25.00000 0.46086
85.00000 55.00000 25.00000 0.45226
90.00000 55.00000 25.00000 0.45059
95.00000 55.00000 25.00000 0.47369
100.00000 55.00000 25.00000 0.53847
105.00000 55.00000 25.00000 0.64002
110.00000 55.00000 25.00000 0.76297
115.00000 55.00000 25.00000 0.89845
120.00000 55.00000 25.00000 1.01377
125.00000 55.00000 25.00000 1.07556
130.00000 55.00000 25.00000 1.09089
135.00000 55.00000 25.00000 0.99398
140.00000 55.00000 25.00000 0.83600
145.00000 55.00000 25.00000 0.69310
150.00000 55.00000 25.00000 0.57040
155.00000 55.00000 25.00000 0.46498
160.00000 55.00000 25.00000 0.39041
165.00000 55.00000 25.00000 0.34788
170.00000 55.00000 25.00000 0.32694
175.00000 55.00000 25.00000 0.32021
180.00000 55.00000 25.00000 0.32455
185.00000 55.00000 25.00000 0.33490
190.00000 55.00000 25.00000 0.34741
195.00000 55.00000 25.00000 0.36050
200.00000 55.00000 25.00000 0.37413
205.00000 55.00000 25.00000 0.38715
210.00000 55.00000 25.00000 0.39360
215.00000 55.00000 25.00000 0.39796
220.00000 55.00000 25.00000 0.41058
225.00000 55.00000 25.00000 0.41592
230.00000 55.00000 25.00000 0.42272
235.00000 55.00000 25.00000 0.44987
240.00000 55.00000 25.00000 0.49100
245.00000 55.00000 25.00000 0.53120
250.00000 55.00000 25.00000 0.56223
255.00000 55.00000 25.00000 0.59702
260.00000 55.00000 25.00000 0.62138
265.00000 55.00000 25.00000 0.65853
270.00000 55.00000 25.00000 0.73710
275.00000 55.00000 25.00000 0.86741
280.00000 55.00000 25.00000 1.04660
285.00000 55.00000 25.00000 1.25394
290.00000 55.00000 25.00000 1.49929
295.00000 55.00000 25.00000 1.76695
300.00000 55.00000 25.00000 1.93631
305.00000 55.00000 25.00000 1.90412
310.00000 55.00000 25.00000 1.77731
315.00000 55.00000 25.00000 1.58079
320.00000 55.00000 25.00000 1.28266
325.00000 55.00000 25.00000 1.00770
330.00000 55.00000 25.00000 0.76923
335.00000 55.00000 25.00000 0.57412
340.00000 55.00000 25.00000 0.44650
345.00000 55.00000 25.00000 0.37486
350.00000 55.00000 25.00000 0.33729
355.00000 55.00000 25.00000 0.32085
0.00000 60.00000 25.00000 0.29442
5.00000 60.00000 25.00000 0.28370
10.00000 60.00000 25.00000 0.27831
15.00000 60.00000 25.00000 0.27567
20.00000 60.00000 25.00000 0.27420
25.00000 60.00000 25.00000 0.27360
30.00000 60.00000 25.00000 0.27424
35.00000 60.00000 25.00000 0.27712
40.00000 60.00000 25.00000 0.28255
45.00000 60.00000 25.00000 0.28821
50.00000 60.00000 25.00000 0.29760
55.00000 60.00000 25.00000 0.31431
60.00000 60.00000 25.00000 0.33260
65.00000 60.00000 25.00000 0.34620
70.00000 60.00000 25.00000 0.35458
75.00000 60.00000 25.00000 0.36118
80.00000 60.00000 25.00000 0.36834
85.00000 60.00000 25.00000 0.37796
90.00000 60.00000 25.00000 0.39860
95.00000 60.00000 25.00000 0.45419
100.00000 60.00000 25.00000 0.57527
105.00000 60.00000 25.00000 0.77087
110.00000 60.00000 25.00000 1.03028
115.00000 60.00000 25.00000 1.32950
120.00000 60.00000 25.00000 1.61486
125.00000 60.00000 25.00000 1.81323
130.00000 60.00000 25.00000 1.85324
135.00000 60.00000 25.00000 1.67597
140.00000 60.00000 25.00000 1.36835
145.00000 60.00000 25.00000 1.06026
150.00000 60.00000 25.00000 0.79007
155.00000 60.00000 25.00000 0.57362
160.00000 60.00000 25.00000 0.43136
165.00000 60.00000 25.00000 0.35321
170.00000 60.00000 25.00000 0.31335
175.00000 60.00000 25.00000 0.29426
180.00000 60.00000 25.00000 0.28604
185.00000 60.00000 25.00000 0.28279
190.00000 60.00000 25.00000 0.28202
195.00000 60.00000 25.00000 0.28288
200.00000 60.00000 25.00000 0.28553
205.00000 60.00000 25.00000 0.28998
210.00000 60.00000 25.00000 0.29436
215.00000 60.00000 25.00000 0.29811
220.00000 60.00000 25.00000 0.30328
225.00000 60.00000 25.00000 0.30647
230.00000 60.00000 25.00000 0.31335
235.00000 60.00000 25.00000 0.33196
240.00000 60.00000 25.00000 0.35752
245.00000 60.00000 25.00000 0.38202
250.00000 60.00000 25.00000 0.40492
255.00000 60.00000 25.00000 0.43245
260.00000 60.00000 25.00000 0.47124
265.00000 60.00000 25.00000 0.53217
270.00000 60.00000 25.00000 0.63063
275.00000 60.00000 25.00000 0.78838
280.00000 60.00000 25.00000 1.02124
285.00000 60.00000 25.00000 1.34153
290.00000 60.00000 25.00000 1.77875
295.00000 60.00000 25.00000 2.30522
300.00000 60.00000 25.00000 2.77616
305.00000 60.00000 25.00000 2.93883
310.00000 60.00000 25.00000 2.76348
315.00000 60.00000 25.00000 2.47705
320.00000 60.00000 25.00000 2.03394
325.00000 60.00000 25.00000 1.56462
330.00000 60.00000 25.00000 1.14775
335.00000 60.00000 25.00000 0.80175
340.00000 60.00000 25.00000 0.56200
345.00000 60.00000 25.00000 0.42131
350.00000 60.00000 25.00000 0.34838
355.00000 60.00000 25.00000 0.31317
0.00000 65.00000 25.00000 0.33124
5.00000 65.00000 25.00000 0.30613
10.00000 65.00000 25.00000 0.29170
15.00000 65.00000 25.00000 0.28402
20.00000 65.00000 25.00000 0.27954
25.00000 65.00000 25.00000 0.27643
30.00000 65.00000 25.00000 0.27441
35.00000 65.00000 25.00000 0.27442
40.00000 65.00000 25.00000 0.27575
45.00000 65.00000 25.00000 0.27656
50.00000 65.00000 25.00000 0.27890
55.00000 65.00000 25.00000 0.28471
60.00000 65.00000 25.00000 0.29127
65.00000 65.00000 25.00000 0.29554
70.00000 65.00000 25.00000 0.29909
75.00000 65.00000 25.00000 0.30608
80.00000 65.00000 25.00000 0.31935
85.00000 65.00000 25.00000 0.34015
90.00000 65.00000 25.00000 0.37621
95.00000 65.00000 25.00000 0.45473
100.00000 65.00000 25.00000 0.61370
105.00000 65.00000 25.00000 0.88369
110.00000 65.00000 25.00000 1.27627
115.00000 65.00000 25.00000 1.75547
120.00000 65.00000 25.00000 2.23289
125.00000 65.00000 25.00000 2.60960
130.00000 65.00000 25.00000 2.75616
135.00000 65.00000 25.00000 2.56612
140.00000 65.00000 25.00000 2.11939
145.00000 65.00000 25.00000 1.60567
150.00000 65.00000 25.00000 1.13636
155.00000 65.00000 25.00000 0.77344
160.00000 65.00000 25.00000 0.54170
165.00000 65.00000 25.00000 0.41269
170.00000 65.00000 25.00000 0.34530
175.00000 65.00000 25.00000 0.31122
180.00000 65.00000 25.00000 0.29282
185.00000 65.00000 25.00000 0.28194
190.00000 65.00000 25.00000 0.27615
195.00000 65.00000 25.00000 0.27397
200.00000 65.00000 25.00000 0.27371
205.00000 65.00000 25.00000 0.27428
210.00000 65.00000 25.00000 0.27517
215.00000 65.00000 25.00000 0.27671
220.00000 65.00000 25.00000 0.27794
225.00000 65.00000 25.00000 0.27790
230.00000 65.00000 25.00000 0.28019
235.00000 65.00000 25.00000 0.28833
240.00000 65.00000 25.00000 0.30025
245.00000 65.00000 25.00000 0.31273
250.00000 65.00000 25.00000 0.32669
255.00000 65.00000 25.00000 0.35004
260.00000 65.00000 25.00000 0.39311
265.00000 65.00000 25.00000 0.46202
270.00000 65.00000 25.00000 0.56410
275.00000 65.00000 25.00000 0.71857
280.00000 65.00000 25.00000 0.95412
285.00000 65.00000 25.00000 1.31956
290.00000 65.00000 25.00000 1.86766
295.00000 65.00000 25.00000 2.55811
300.00000 65.00000 25.00000 3.25384
305.00000 65.00000 25.00000 3.61052
310.00000 65.00000 25.00000 3.47473
315.00000 65.00000 25.00000 3.30068
320.00000 65.00000 25.00000 2.84630
325.00000 65.00000 25.00000 2.21740
330.00000 65.00000 25.00000 1.63869
335.00000 65.00000 25.00000 1.14956
340.00000 65.00000 25.00000 0.78912
345.00000 65.00000 25.00000 0.55902
350.00000 65.00000 25.00000 0.43376
355.00000 65.00000 25.00000 0.36978
0.00000 70.00000 25.00000 0.44822
5.00000 70.00000 25.00000 0.38540
10.00000 70.00000 25.00000 0.34298
15.00000 70.00000 25.00000 0.31843
20.00000 70.00000 25.00000 0.30564
25.00000 70.00000 25.00000 0.29765
30.00000 70.00000 25.00000 0.29069
35.00000 70.00000 25.00000 0.28554
40.00000 70.00000 25.00000 0.28237
45.00000 70.00000 25.00000 0.27919
50.00000 70.00000 25.00000 0.27661
55.00000 70.00000 25.00000 0.27609
60.00000 70.00000 25.00000 0.27646
65.00000 70.00000 25.00000 0.27704
70.00000 70.00000 25.00000 0.27913
75.00000 70.00000 25.00000 0.28598
80.00000 70.00000 25.00000 0.30175
85.00000 70.00000 25.00000 0.32993
90.00000 70.00000 25.00000 0.37953
95.00000 70.00000 25.00000 0.47272
100.00000 70.00000 25.00000 0.64270
105.00000 70.00000 25.00000 0.93294
110.00000 70.00000 25.00000 1.38528
115.00000 70.00000 25.00000 1.97060
120.00000 70.00000 25.00000 2.58338
125.00000 70.00000 25.00000 3.11051
130.00000 70.00000 25.00000 3.41049
135.00000 70.00000 25.00000 3.32184
140.00000 70.00000 25.00000 2.86858
145.00000 70.00000 25.00000 2.24197
150.00000 70.00000 25.00000 1.61525
155.00000 70.00000 25.00000 1.11892
160.00000 70.00000 25.00000 0.79200
165.00000 70.00000 25.00000 0.59134
170.00000 70.00000 25.00000 0.47233
175.00000 70.00000 25.00000 0.40410
180.00000 70.00000 25.00000 0.35826
185.00000 70.00000 25.00000 0.32299
190.00000 70.00000 25.00000 0.29967
195.00000 70.00000 25.00000 0.28833
200.00000 70.00000 25.00000 0.28428
205.00000 70.00000 25.00000 0.28220
210.00000 70.00000 25.00000 0.27945
215.00000 70.00000 25.00000 0.27706
220.00000 70.00000 25.00000 0.27552
225.00000 70.00000 25.00000 0.27350
230.00000 70.00000 25.00000 0.27262
235.00000 70.00000 25.00000 0.27492
240.00000 70.00000 25.00000 0.27991
245.00000 70.00000 25.00000 0.28652
250.00000 70.00000 25.00000 0.29665
255.00000 70.00000 25.00000 0.31826
260.00000 70.00000 25.00000 0.36234
265.00000 70.00000 25.00000 0.43399
270.00000 70.00000 25.00000 0.53321
275.00000 70.00000 25.00000 0.66749
280.00000 70.00000 25.00000 0.86573
285.00000 70.00000 25.00000 1.19884
290.00000 70.00000 25.00000 1.72505
295.00000 70.00000 25.00000 2.40045
300.00000 70.00000 25.00000 3.11535
305.00000 70.00000 25.00000 3.57507
310.00000 70.00000 25.00000 3.59242
315.00000 70.00000 25.00000 3.65511
320.00000 70.00000 25.00000 3.37746
325.00000 70.00000 25.00000 2.76535
330.00000 70.00000 25.00000 2.14428
335.00000 70.00000 25.00000 1.59431
340.00000 70.00000 25.00000 1.15264
345.00000 70.00000 25.00000 0.83575
350.00000 70.00000 25.00000 0.64288
355.00000 70.00000 25.00000 0.52941
0.00000 75.00000 25.00000 0.64346
5.00000 75.00000 25.00000 0.53382
10.00000 75.00000 25.00000 0.45131
15.00000 75.00000 25.00000 0.40131
20.00000 75.00000 25.00000 0.37705
25.00000 75.00000 25.00000 0.36260
30.00000 75.00000 25.00000 0.34620
35.00000 75.00000 25.00000 0.32975
40.00000 75.00000 25.00000 0.31650
45.00000 75.00000 25.00000 0.30389
50.00000 75.00000 25.00000 0.29237
55.00000 75.00000 25.00000 0.28352
60.00000 75.00000 25.00000 0.27761
65.00000 75.00000 25.00000 0.27545
70.00000 75.00000 25.00000 0.27717
75.00000 75.00000 25.00000 0.28473
80.00000 75.00000 25.00000 0.30261
85.00000 75.00000 25.00000 0.33743
90.00000 75.00000 25.00000 0.39853
95.00000 75.00000 25.00000 0.49593
100.00000 75.00000 25.00000 0.64661
105.00000 75.00000 25.00000 0.89647
110.00000 75.00000 25.00000 1.30288
115.00000 75.00000 25.00000 1.85872
120.00000 75.00000 25.00000 2.47518
125.00000 75.00000 25.00000 3.05970
130.00000 75.00000 25.00000 3.49760
135.00000 75.00000 25.00000 3.60601
140.00000 75.00000 25.00000 3.32104
145.00000 75.00000 25.00000 2.77362
150.00000 75.00000 25.00000 2.14961
155.00000 75.00000 25.00000 1.61724
160.00000 75.00000 25.00000 1.22664
165.00000 75.00000 25.00000 0.94222
170.00000 75.00000 25.00000 0.74726
175.00000 75.00000 25.00000 0.62142
180.00000 75.00000 25.00000 0.52170
185.00000 75.00000 25.00000 0.43112
190.00000 75.00000 25.00000 0.36340
195.00000 75.00000 25.00000 0.32708
200.00000 75.00000 25.00000 0.31303
205.00000 75.00000 25.00000 0.30655
210.00000 75.00000 25.00000 0.29868
215.00000 75.00000 25.00000 0.29060
220.00000 75.00000 25.00000 0.28515
225.00000 75.00000 25.00000 0.28030
230.00000 75.00000 25.00000 0.27609
235.00000 75.00000 25.00000 0.27442
240.00000 75.00000 25.00000 0.27588
245.00000 75.00000 25.00000 0.28059
250.00000 75.00000 25.00000 0.29118
255.00000 75.00000 25.00000 0.31522
260.00000 75.00000 25.00000 0.36286
265.00000 75.00000 25.00000 0.43821
270.00000 75.00000 25.00000 0.53344
275.00000 75.00000 25.00000 0.63796
280.00000 75.00000 25.00000 0.77551
285.00000 75.00000 25.00000 1.01792
290.00000 75.00000 25.00000 1.41154
295.00000 75.00000 25.00000 1.91776
300.00000 75.00000 25.00000 2.46418
305.00000 75.00000 25.00000 2.92328
310.00000 75.00000 25.00000 3.19688
315.00000 75.00000 25.00000 3.43160
320.00000 75.00000 25.00000 3.33463
325.00000 75.00000 25.00000 2.90682
330.00000 75.00000 25.00000 2.40367
335.00000 75.00000 25.00000 1.93357
340.00000 75.00000 25.00000 1.52331
345.00000 75.00000 25.00000 1.18494
350.00000 75.00000 25.00000 0.94114
355.00000 75.00000 25.00000 0.77389
0.00000 80.00000 25.00000 0.83817
5.00000 80.00000 25.00000 0.72694
10.00000 80.00000 25.00000 0.63417
15.00000 80.00000 25.00000 0.57846
20.00000 80.00000 25.00000 0.55867
25.00000 80.00000 25.00000 0.54566
30.00000 80.00000 25.00000 0.51540
35.00000 80.00000 25.00000 0.47687
40.00000 80.00000 25.00000 0.43881
45.00000 80.00000 25.00000 0.39709
50.00000 80.00000 25.00000 0.35979
55.00000 80.00000 25.00000 0.32687
60.00000 80.00000 25.00000 0.30352
65.00000 80.00000 25.00000 0.29354
70.00000 80.00000 25.00000 0.29353
75.00000 80.00000 25.00000 0.30131
80.00000 80.00000 25.00000 0.32020
85.00000 80.00000 25.00000 0.35835
90.00000 80.00000 25.00000 0.42202
95.00000 80.00000 25.00000 0.50529
100.00000 80.00000 25.00000 0.61058
105.00000 80.00000 25.00000 0.78100
110.00000 80.00000 25.00000 1.07063
115.00000 80.00000 25.00000 1.48363
120.00000 80.00000 25.00000 1.96940
125.00000 80.00000 25.00000 2.48395
130.00000 80.00000 25.00000 2.97199
135.00000 80.00000 25.00000 3.26804
140.00000 80.00000 25.00000 3.22480
145.00000 80.00000 25.00000 2.90181
150.00000 80.00000 25.00000 2.46523
155.00000 80.00000 25.00000 2.04220
160.00000 80.00000 25.00000 1.66325
165.00000 80.00000 25.00000 1.32975
170.00000 80.00000 25.00000 1.07858
175.00000 80.00000 25.00000 0.90757
180.00000 80.00000 25.00000 0.75741
185.00000 80.00000 25.00000 0.60254
190.00000 80.00000 25.00000 0.47532
195.00000 80.00000 25.00000 0.40264
200.00000 80.00000 25.00000 0.37434
205.00000 80.00000 25.00000 0.36314
210.00000 80.00000 25.00000 0.34955
215.00000 80.00000 25.00000 0.33378
220.00000 80.00000 25.00000 0.32274
225.00000 80.00000 25.00000 0.31221
230.00000 80.00000 25.00000 0.29999
235.00000 80.00000 25.00000 0.29042
240.00000 80.00000 25.00000 0.28735
245.00000 80.00000 25.00000 0.29219
250.00000 80.00000 25.00000 0.30727
255.00000 80.00000 25.00000 0.33831
260.00000 80.00000 25.00000 0.39269
265.00000 80.00000 25.00000 0.47180
270.00000 80.00000 25.00000 0.55724
275.00000 80.00000 25.00000 0.62187
280.00000 80.00000 25.00000 0.68578
285.00000 80.00000 25.00000 0.81289
290.00000 80.00000 25.00000 1.03345
295.00000 80.00000 25.00000 1.31956
300.00000 80.00000 25.00000 1.63265
305.00000 80.00000 25.00000 1.95520
310.00000 80.00000 25.00000 2.28440
315.00000 80.00000 25.00000 2.56485
320.00000 80.00000 25.00000 2.61791
325.00000 80.00000 25.00000 2.42206
330.00000 80.00000 25.00000 2.13033
335.00000 80.00000 25.00000 1.85752
340.00000 80.00000 25.00000 1.60619
345.00000 80.00000 25.00000 1.35452
350.00000 80.00000 25.00000 1.13226
355.00000 80.00000 25.00000 0.96539
0.00000 85.00000 25.00000 0.97529
5.00000 85.00000 25.00000 0.94590
10.00000 85.00000 25.00000 0.91450
15.00000 85.00000 25.00000 0.91159
20.00000 85.00000 25.00000 0.94298
25.00000 85.00000 25.00000 0.96245
30.00000 85.00000 25.00000 0.93104
35.00000 85.00000 25.00000 0.87226
40.00000 85.00000 25.00000 0.79750
45.00000 85.00000 25.00000 0.68821
50.00000 85.00000 25.00000 0.57745
55.00000 85.00000 25.00000 0.47493
60.00000 85.00000 25.00000 0.39948
65.00000 85.00000 25.00000 0.36161
70.00000 85.00000 25.00000 0.34850
75.00000 85.00000 25.00000 0.34755
80.00000 85.00000 25.00000 0.35875
85.00000 85.00000 25.00000 0.39014
90.00000 85.00000 25.00000 0.44012
95.00000 85.00000 25.00000 0.48953
100.00000 85.00000 25.00000 0.53714
105.00000 85.00000 25.00000 0.62241
110.00000 85.00000 25.00000 0.78255
115.00000 85.00000 25.00000 1.01897
120.00000 85.00000 25.00000 1.31310
125.00000 85.00000 25.00000 1.66353
130.00000 85.00000 25.00000 2.06779
135.00000 85.00000 25.00000 2.40932
140.00000 85.00000 25.00000 2.51835
145.00000 85.00000 25.00000 2.40813
150.00000 85.00000 25.00000 2.20928
155.00000 85.00000 25.00000 1.97502
160.00000 85.00000 25.00000 1.69927
165.00000 85.00000 25.00000 1.41745
170.00000 85.00000 25.00000 1.20260
175.00000 85.00000 25.00000 1.06185
180.00000 85.00000 25.00000 0.92947
185.00000 85.00000 25.00000 0.77025
190.00000 85.00000 25.00000 0.62302
195.00000 85.00000 25.00000 0.53485
200.00000 85.00000 25.00000 0.50808
205.00000 85.00000 25.00000 0.50724
210.00000 85.00000 25.00000 0.49736
215.00000 85.00000 25.00000 0.47643
220.00000 85.00000 25.00000 0.45944
225.00000 85.00000 25.00000 0.43778
230.00000 85.00000 25.00000 0.40159
235.00000 85.00000 25.00000 0.36556
240.00000 85.00000 25.00000 0.34524
245.00000 85.00000 25.00000 0.34470
250.00000 85.00000 25.00000 0.36232
255.00000 85.00000 25.00000 0.39766
260.00000 85.00000 25.00000 0.45340
265.00000 85.00000 25.00000 0.52737
270.00000 85.00000 25.00000 0.58961
275.00000 85.00000 25.00000 0.60475
280.00000 85.00000 25.00000 0.59632
285.00000 85.00000 25.00000 0.62041
290.00000 85.00000 25.00000 0.69689
295.00000 85.00000 25.00000 0.80873
300.00000 85.00000 25.00000 0.93706
305.00000 85.00000 25.00000 1.08570
310.00000 85.00000 25.00000 1.27972
315.00000 85.00000 25.00000 1.48956
320.00000 85.00000 25.00000 1.59875
325.00000 85.00000 25.00000 1.55596
330.00000 85.00000 25.00000 1.45353
335.00000 85.00000 25.00000 1.37892
340.00000 85.00000 25.00000 1.30972
345.00000 85.00000 25.00000 1.20233
350.00000 85.00000 25.00000 1.08452
355.00000 85.00000 25.00000 1.00935
0.00000 90.00000 25.00000 1.06525
5.00000 90.00000 25.00000 1.16668
10.00000 90.00000 25.00000 1.25059
15.00000 90.00000 25.00000 1.35335
20.00000 90.00000 25.00000 1.48883
25.00000 90.00000 25.00000 1.59977
30.00000 90.00000 25.00000 1.62975
35.00000 90.00000 25.00000 1.61018
40.00000 90.00000 25.00000 1.52333
45.00000 90.00000 25.00000 1.29065
50.00000 90.00000 25.00000 1.04795
55.00000 90.00000 25.00000 0.82718
60.00000 90.00000 25.00000 0.64069
65.00000 90.00000 25.00000 0.53149
70.00000 90.00000 25.00000 0.47368
75.00000 90.00000 25.00000 0.43679
80.00000 90.00000 25.00000 0.41768
85.00000 90.00000 25.00000 0.42382
90.00000 90.00000 25.00000 0.44361
95.00000 90.00000 25.00000 0.45156
100.00000 90.00000 25.00000 0.45042
105.00000 90.00000 25.00000 0.47180
110.00000 90.00000 25.00000 0.53397
115.00000 90.00000 25.00000 0.63318
120.00000 90.00000 25.00000 0.76554
125.00000 90.00000 25.00000 0.94563
130.00000 90.00000 25.00000 1.18691
135.00000 90.00000 25.00000 1.42757
140.00000 90.00000 25.00000 1.54496
145.00000 90.00000 25.00000 1.53193
150.00000 90.00000 25.00000 1.47785
155.00000 90.00000 25.00000 1.39645
160.00000 90.00000 25.00000 1.26772
165.00000 90.00000 25.00000 1.12544
170.00000 90.00000 25.00000 1.02986
175.00000 90.00000 25.00000 0.99157
180.00000 90.00000 25.00000 0.95849
185.00000 90.00000 25.00000 0.88719
190.00000 90.00000 25.00000 0.80091
195.00000 90.00000 25.00000 0.75798
200.00000 90.00000 25.00000 0.78364
205.00000 90.00000 25.00000 0.84181
210.00000 90.00000 25.00000 0.87182
215.00000 90.00000 25.00000 0.86581
220.00000 90.00000 25.00000 0.85452
225.00000 90.00000 25.00000 0.81815
230.00000 90.00000 25.00000 0.72634
235.00000 90.00000 25.00000 0.61342
240.00000 90.00000 25.00000 0.53111
245.00000 90.00000 25.00000 0.49427
250.00000 90.00000 25.00000 0.49027
255.00000 90.00000 25.00000 0.50498
260.00000 90.00000 25.00000 0.53687
265.00000 90.00000 25.00000 0.58245
270.00000 90.00000 25.00000 0.60487
275.00000 90.00000 25.00000 0.57156
280.00000 90.00000 25.00000 0.51119
285.00000 90.00000 25.00000 0.47187
290.00000 90.00000 25.00000 0.46804
295.00000 90.00000 25.00000 0.48836
300.00000 90.00000 25.00000 0.52139
305.00000 90.00000 25.00000 0.56966
310.00000 90.00000 25.00000 0.64882
315.00000 90.00000 25.00000 0.75254
320.00000 90.00000 25.00000 0.82470
325.00000 90.00000 25.00000 0.83370
330.00000 90.00000 25.00000 0.83023
335.00000 90.00000 25.00000 0.86015
340.00000 90.00000 25.00000 0.89584
345.00000 90.00000 25.00000 0.90224
350.00000 90.00000 25.00000 0.90792
355.00000 90.00000 25.00000 0.96305
0.00000 0.00000 30.00000 0.44692
5.00000 0.00000 30.00000 0.49143
10.00000 0.00000 30.00000 0.54557
15.00000 0.00000 30.00000 0.57547
20.00000 0.00000 30.00000 0.54641
25.00000 0.00000 30.00000 0.47081
30.00000 0.00000 30.00000 0.41292
35.00000 0.00000 30.00000 0.39105
40.00000 0.00000 30.00000 0.38546
45.00000 0.00000 30.00000 0.38361
50.00000 0.00000 30.00000 0.38832
55.00000 0.00000 30.00000 0.39978
60.00000 0.00000 30.00000 0.40177
65.00000 0.00000 30.00000 0.38220
70.00000 0.00000 30.00000 0.35700
75.00000 0.00000 30.00000 0.35101
80.00000 0.00000 30.00000 0.37178
85.00000 0.00000 30.00000 0.40854
90.00000 0.00000 30.00000 0.44692
95.00000 0.00000 30.00000 0.49143
100.00000 0.00000 30.00000 0.54557
105.00000 0.00000 30.00000 0.57547
110.00000 0.00000 30.00000 0.54641
115.00000 0.00000 30.00000 0.47081
120.00000 0.00000 30.00000 0.41292
125.00000 0.00000 30.00000 0.39105
130.00000 0.00000 30.00000 0.38546
135.00000 0.00000 30.00000 0.38361
140.00000 0.00000 30.00000 0.38832
145.00000 0.00000 30.00000 0.39978
150.00000 0.00000 30.00000 0.40177
155.00000 0.00000 30.00000 0.38220
160.00000 0.00000 30.00000 0.35700
165.00000 0.00000 30.00000 0.35101
170.00000 0.00000 30.00000 0.37178
175.00000 0.00000 30.00000 0.40854
180.00000 0.00000 30.00000 0.44692
185.00000 0.00000 30.00000 0.49143
190.00000 0.00000 30.00000 0.54557
195.00000 0.00000 30.00000 0.57547
200.00000 0.00000 30.00000 0.54641
205.00000 0.00000 30.00000 0.47081
210.00000 0.00000 30.00000 0.41292
215.00000 0.00000 30.00000 0.39105
220.00000 0.00000 30.00000 0.38546
225.00000 0.00000 30.00000 0.38361
230.00000 0.00000 30.00000 0.38832
235.00000 0.00000 30.00000 0.39978
240.00000 0.00000 30.00000 0.40177
245.00000 0.00000 30.00000 0.38220
250.00000 0.00000 30.00000 0.35700
255.00000 0.00000 30.00000 0.35101
260.00000 0.00000 30.00000 0.37178
265.00000 0.00000 30.00000 0.40854
270.00000 0.00000 30.00000 0.44692
275.00000 0.00000 30.00000 0.49143
280.00000 0.00000 30.00000 0.54557
285.00000 0.00000 30.00000 0.57547
290.00000 0.00000 30.00000 0.54641
295.00000 0.00000 30.00000 0.47081
300.00000 0.00000 30.00000 0.41292
305.00000 0.00000 30.00000 0.39105
310.00000 0.00000 30.00000 0.38546
315.00000 0.00000 30.00000 0.38361
320.00000 0.00000 30.00000 0.38832
325.00000 0.00000 30.00000 0.39978
330.00000 0.00000 30.00000 0.40177
335.00000 0.00000 30.00000 0.38220
340.00000 0.00000 30.00000 0.35700
345.00000 0.00000 30.00000 0.35101
350.00000 0.00000 30.00000 0.37178
355.00000 0.00000 30.00000 0.40854
0.00000 5.00000 30.00000 0.57004
5.00000 5.00000 30.00000 0.62320
10.00000 5.00000 30.00000 0.69354
15.00000 5.00000 30.00000 0.73157
20.00000 5.00000 30.00000 0.68214
25.00000 5.00000 30.00000 0.58371
30.00000 5.00000 30.00000 0.51672
35.00000 5.00000 30.00000 0.49382
40.00000 5.00000 30.00000 0.48813
45.00000 5.00000 30.00000 0.48114
50.00000 5.00000 30.00000 0.47417
55.00000 5.00000 30.00000 0.46877
60.00000 5.00000 30.00000 0.45123
65.00000 5.00000 30.00000 0.41393
70.00000 5.00000 30.00000 0.37479
75.00000 5.00000 30.00000 0.35711
80.00000 5.00000 30.00000 0.36598
85.00000 5.00000 30.00000 0.39091
90.00000 5.00000 30.00000 0.42032
95.00000 5.00000 30.00000 0.45777
100.00000 5.00000 30.00000 0.50449
105.00000 5.00000 30.00000 0.52880
110.00000 5.00000 30.00000 0.50185
115.00000 5.00000 30.00000 0.43681
120.00000 5.00000 30.00000 0.38568
125.00000 5.00000 30.00000 0.36411
130.00000 5.00000 30.00000 0.35729
135.00000 5.00000 30.00000 0.35570
140.00000 5.00000 30.00000 0.36137
145.00000 5.00000 30.00000 0.37507
150.00000 5.00000 30.00000 0.38474
155.00000 5.00000 30.00000 0.37796
160.00000 5.00000 30.00000 0.36331
165.00000 5.00000 30.00000 0.36142
170.00000 5.00000 30.00000 0.38188
175.00000 5.00000 30.00000 0.41873
180.00000 5.00000 30.00000 0.46124
185.00000 5.00000 30.00000 0.51018
190.00000 5.00000 30.00000 0.55007
195.00000 5.00000 30.00000 0.56050
200.00000 5.00000 30.00000 0.55477
205.00000 5.00000 30.00000 0.49306
210.00000 5.00000 30.00000 0.42861
215.00000 5.00000 30.00000 0.39757
220.00000 5.00000 30.00000 0.38337
225.00000 5.00000 30.00000 0.37468
230.00000 5.00000 30.00000 0.37569
235.00000 5.00000 30.00000 0.38733
240.00000 5.00000 30.00000 0.39301
245.00000 5.00000 30.00000 0.37749
250.00000 5.00000 30.00000 0.35298
255.00000 5.00000 30.00000 0.34402
260.00000 5.00000 30.00000 0.35986
265.00000 5.00000 30.00000 0.39179
270.00000 5.00000 30.00000 0.42655
275.00000 5.00000 30.00000 0.46626
280.00000 5.00000 30.00000 0.51155
285.00000 5.00000 30.00000 0.53544
290.00000 5.00000 30.00000 0.51518
295.00000 5.00000 30.00000 0.45586
300.00000 5.00000 30.00000 0.41148
305.00000 5.00000 30.00000 0.40167
310.00000 5.00000 30.00000 0.41181
315.00000 5.00000 30.00000 0.43127
320.00000 5.00000 30.00000 0.46173
325.00000 5.00000 30.00000 0.49978
330.00000 5.00000 30.00000 0.51960
335.00000 5.00000 30.00000 0.50127
340.00000 5.00000 30.00000 0.46819
345.00000 5.00000 30.00000 0.45914
350.00000 5.00000 30.00000 0.48435
355.00000 5.00000 30.00000 0.52693
0.00000 10.00000 30.00000 0.85697
5.00000 10.00000 30.00000 0.95250
10.00000 10.00000 30.00000 1.05973
15.00000 10.00000 30.00000 1.10646
20.00000 10.00000 30.00000 1.03591
25.00000 10.00000 30.00000 0.89431
30.00000 10.00000 30.00000 0.79181
35.00000 10.00000 30.00000 0.74373
40.00000 10.00000 30.00000 0.71073
45.00000 10.00000 30.00000 0.66707
50.00000 10.00000 30.00000 0.61762
55.00000 10.00000 30.00000 0.57340
60.00000 10.00000 30.00000 0.52431
65.00000 10.00000 30.00000 0.45997
70.00000 10.00000 30.00000 0.39636
75.00000 10.00000 30.00000 0.35759
80.00000 10.00000 30.00000 0.34775
85.00000 10.00000 30.00000 0.35605
90.00000 10.00000 30.00000 0.37264
95.00000 10.00000 30.00000 0.39794
100.00000 10.00000 30.00000 0.43220
105.00000 10.00000 30.00000 0.45184
110.00000 10.00000 30.00000 0.43136
115.00000 10.00000 30.00000 0.38582
120.00000 10.00000 30.00000 0.35180
125.00000 10.00000 30.00000 0.34026
130.00000 10.00000 30.00000 0.34469
135.00000 10.00000 30.00000 0.36116
140.00000 10.00000 30.00000 0.39130
145.00000 10.00000 30.00000 0.43400
150.00000 10.00000 30.00000 0.47315
155.00000 10.00000 30.00000 0.48827
160.00000 10.00000 30.00000 0.48436
165.00000 10.00000 30.00000 0.48793
170.00000 10.00000 30.00000 0.51381
175.00000 10.00000 30.00000 0.55848
180.00000 10.00000 30.00000 0.61534
185.00000 10.00000 30.00000 0.68787
190.00000 10.00000 30.00000 0.75964
195.00000 10.00000 30.00000 0.79275
200.00000 10.00000 30.00000 0.77263
205.00000 10.00000 30.00000 0.67388
210.00000 10.00000 30.00000 0.57503
215.00000 10.00000 30.00000 0.51864
220.00000 10.00000 30.00000 0.48397
225.00000 10.00000 30.00000 0.45713
230.00000 10.00000 30.00000 0.44284
235.00000 10.00000 30.00000 0.44110
240.00000 10.00000 30.00000 0.43337
245.00000 10.00000 30.00000 0.40461
250.00000 10.00000 30.00000 0.36751
255.00000 10.00000 30.00000 0.34590
260.00000 10.00000 30.00000 0.34789
265.00000 10.00000 30.00000 0.36646
270.00000 10.00000 30.00000 0.39133
275.00000 10.00000 30.00000 0.42027
280.00000 10.00000 30.00000 0.44379
285.00000 10.00000 30.00000 0.44633
290.00000 10.00000 30.00000 0.44318
295.00000 10.00000 30.00000 0.41545
300.00000 10.00000 30.00000 0.38948
305.00000 10.00000 30.00000 0.39066
310.00000 10.00000 30.00000 0.41474
315.00000 10.00000 30.00000 0.45693
320.00000 10.00000 30.00000 0.51850
325.00000 10.00000 30.00000 0.59380
330.00000 10.00000 30.00000 0.65219
335.00000 10.00000 30.00000 0.66483
340.00000 10.00000 30.00000 0.65257
345.00000 10.00000 30.00000 0.66276
350.00000 10.00000 30.00000 0.71120
355.00000 10.00000 30.00000 0.78077
0.00000 15.00000 30.00000 1.24842
5.00000 15.00000 30.00000 1.45007
10.00000 15.00000 30.00000 1.64239
15.00000 15.00000 30.00000 1.73256
20.00000 15.00000 30.00000 1.65718
25.00000 15.00000 30.00000 1.45412
30.00000 15.00000 30.00000 1.27487
35.00000 15.00000 30.00000 1.14786
40.00000 15.00000 30.00000 1.03153
45.00000 15.00000 30.00000 0.90267
50.00000 15.00000 30.00000 0.77756
55.00000 15.00000 30.00000 0.68002
60.00000 15.00000 30.00000 0.59580
65.00000 15.00000 30.00000 0.50168
70.00000 15.00000 30.00000 0.41150
75.00000 15.00000 30.00000 0.35351
80.00000 15.00000 30.00000 0.33062
85.00000 15.00000 30.00000 0.32886
90.00000 15.00000 30.00000 0.33602
95.00000 15.00000 30.00000 0.34924
100.00000 15.00000 30.00000 0.36877
105.00000 15.00000 30.00000 0.38114
110.00000 15.00000 30.00000 0.36886
115.00000 15.00000 30.00000 0.34211
120.00000 15.00000 30.00000 0.32361
125.00000 15.00000 30.00000 0.32180
130.00000 15.00000 30.00000 0.33693
135.00000 15.00000 30.00000 0.37147
140.00000 15.00000 30.00000 0.43061
145.00000 15.00000 30.00000 0.51277
150.00000 15.00000 30.00000 0.59426
155.00000 15.00000 30.00000 0.64181
160.00000 15.00000 30.00000 0.65867
165.00000 15.00000 30.00000 0.68285
170.00000 15.00000 30.00000 0.73470
175.00000 15.00000 30.00000 0.80876
180.00000 15.00000 30.00000 0.89959
185.00000 15.00000 30.00000 1.01760
190.00000 15.00000 30.00000 1.16213
195.00000 15.00000 30.00000 1.26223
200.00000 15.00000 30.00000 1.21971
205.00000 15.00000 30.00000 1.05495
210.00000 15.00000 30.00000 0.89359
215.00000 15.00000 30.00000 0.78395
220.00000 15.00000 30.00000 0.70528
225.00000 15.00000 30.00000 0.64002
230.00000 15.00000 30.00000 0.59131
235.00000 15.00000 30.00000 0.55702
240.00000 15.00000 30.00000 0.51678
245.00000 15.00000 30.00000 0.45806
250.00000 15.00000 30.00000 0.39799
255.00000 15.00000 30.00000 0.35984
260.00000 15.00000 30.00000 0.34773
265.00000 15.00000 30.00000 0.35314
270.00000 15.00000 30.00000 0.36584
275.00000 15.00000 30.00000 0.38206
280.00000 15.00000 30.00000 0.39284
285.00000 15.00000 30.00000 0.38880
290.00000 15.00000 30.00000 0.38647
295.00000 15.00000 30.00000 0.37070
300.00000 15.00000 30.00000 0.35438
305.00000 15.00000 30.00000 0.35677
310.00000 15.00000 30.00000 0.37874
315.00000 15.00000 30.00000 0.42017
320.00000 15.00000 30.00000 0.48411
325.00000 15.00000 30.00000 0.56840
330.00000 15.00000 30.00000 0.65351
335.00000 15.00000 30.00000 0.71536
340.00000 15.00000 30.00000 0.76107
345.00000 15.00000 30.00000 0.82597
350.00000 15.00000 30.00000 0.93236
355.00000 15.00000 30.00000 1.07679
0.00000 20.00000 30.00000 1.64970
5.00000 20.00000 30.00000 2.03111
10.00000 20.00000 30.00000 2.39352
15.00000 20.00000 30.00000 2.60338
20.00000 20.00000 30.00000 2.53387
25.00000 20.00000 30.00000 2.24578
30.00000 20.00000 30.00000 1.92605
35.00000 20.00000 30.00000 1.63367
40.00000 20.00000 30.00000 1.36791
45.00000 20.00000 30.00000 1.12167
50.00000 20.00000 30.00000 0.91232
55.00000 20.00000 30.00000 0.76314
60.00000 20.00000 30.00000 0.64800
65.00000 20.00000 30.00000 0.52995
70.00000 20.00000 30.00000 0.42097
75.00000 20.00000 30.00000 0.35107
80.00000 20.00000 30.00000 0.32176
85.00000 20.00000 30.00000 0.31558
90.00000 20.00000 30.00000 0.31672
95.00000 20.00000 30.00000 0.31924
100.00000 20.00000 30.00000 0.32486
105.00000 20.00000 30.00000 0.32887
110.00000 20.00000 30.00000 0.32183
115.00000 20.00000 30.00000 0.30840
120.00000 20.00000 30.00000 0.30049
125.00000 20.00000 30.00000 0.30329
130.00000 20.00000 30.00000 0.31977
135.00000 20.00000 30.00000 0.35641
140.00000 20.00000 30.00000 0.42289
145.00000 20.00000 30.00000 0.52152
150.00000 20.00000 30.00000 0.62940
155.00000 20.00000 30.00000 0.70774
160.00000 20.00000 30.00000 0.75548
165.00000 20.00000 30.00000 0.82043
170.00000 20.00000 30.00000 0.93552
175.00000 20.00000 30.00000 1.09154
180.00000 20.00000 30.00000 1.26970
185.00000 20.00000 30.00000 1.47289
190.00000 20.00000 30.00000 1.70821
195.00000 20.00000 30.00000 1.89606
200.00000 20.00000 30.00000 1.88729
205.00000 20.00000 30.00000 1.68366
210.00000 20.00000 30.00000 1.43719
215.00000 20.00000 30.00000 1.23130
220.00000 20.00000 30.00000 1.06738
225.00000 20.00000 30.00000 0.92891
230.00000 20.00000 30.00000 0.81236
235.00000 20.00000 30.00000 0.71844
240.00000 20.00000 30.00000 0.62875
245.00000 20.00000 30.00000 0.53139
250.00000 20.00000 30.00000 0.44431
255.00000 20.00000 30.00000 0.38791
260.00000 20.00000 30.00000 0.36320
265.00000 20.00000 30.00000 0.35808
270.00000 20.00000 30.00000 0.35880
275.00000 20.00000 30.00000 0.36010
280.00000 20.00000 30.00000 0.36255
285.00000 20.00000 30.00000 0.35998
290.00000 20.00000 30.00000 0.34901
295.00000 20.00000 30.00000 0.33145
300.00000 20.00000 30.00000 0.31813
305.00000 20.00000 30.00000 0.31622
310.00000 20.00000 30.00000 0.32636
315.00000 20.00000 30.00000 0.34975
320.00000 20.00000 30.00000 0.39046
325.00000 20.00000 30.00000 0.45216
330.00000 20.00000 30.00000 0.53204
335.00000 20.00000 30.00000 0.62179
340.00000 20.00000 30.00000 0.71993
345.00000 20.00000 30.00000 0.84652
350.00000 20.00000 30.00000 1.03597
355.00000 20.00000 30.00000 1.30893
0.00000 25.00000 30.00000 1.95649
5.00000 25.00000 30.00000 2.51275
10.00000 25.00000 30.00000 3.03700
15.00000 25.00000 30.00000 3.37550
20.00000 25.00000 30.00000 3.34907
25.00000 25.00000 30.00000 2.99902
30.00000 25.00000 30.00000 2.50603
35.00000 25.00000 30.00000 2.00596
40.00000 25.00000 30.00000 1.58307
45.00000 25.00000 30.00000 1.24230
50.00000 25.00000 30.00000 0.97732
55.00000 25.00000 30.00000 0.79619
60.00000 25.00000 30.00000 0.66529
65.00000 25.00000 30.00000 0.54105
70.00000 25.00000 30.00000 0.42952
75.00000 25.00000 30.00000 0.35697
80.00000 25.00000 30.00000 0.32464
85.00000 25.00000 30.00000 0.31535
90.00000 25.00000 30.00000 0.31122
95.00000 25.00000 30.00000 0.30545
100.00000 25.00000 30.00000 0.30118
105.00000 25.00000 30.00000 0.29829
110.00000 25.00000 30.00000 0.29272
115.00000 25.00000 30.00000 0.28617
120.00000 25.00000 30.00000 0.28338
125.00000 25.00000 30.00000 0.28634
130.00000 25.00000 30.00000 0.29714
135.00000 25.00000 30.00000 0.32178
140.00000 25.00000 30.00000 0.37061
145.00000 25.00000 30.00000 0.45073
150.00000 25.00000 30.00000 0.55162
155.00000 25.00000 30.00000 0.64557
160.00000 25.00000 30.00000 0.72613
165.00000 25.00000 30.00000 0.84170
170.00000 25.00000 30.00000 1.04839
175.00000 25.00000 30.00000 1.34553
180.00000 25.00000 30.00000 1.68983
185.00000 25.00000 30.00000 2.05025
190.00000 25.00000 30.00000 2.39537
195.00000 25.00000 30.00000 2.67294
200.00000 25.00000 30.00000 2.75453
205.00000 25.00000 30.00000 2.54027
210.00000 25.00000 30.00000 2.18712
215.00000 25.00000 30.00000 1.83535
220.00000 25.00000 30.00000 1.53234
225.00000 25.00000 30.00000 1.26940
230.00000 25.00000 30.00000 1.04583
235.00000 25.00000 30.00000 0.87335
240.00000 25.00000 30.00000 0.73444
245.00000 25.00000 30.00000 0.60813
250.00000 25.00000 30.00000 0.50189
255.00000 25.00000 30.00000 0.42993
260.00000 25.00000 30.00000 0.39381
265.00000 25.00000 30.00000 0.37999
270.00000 25.00000 30.00000 0.36960
275.00000 25.00000 30.00000 0.35623
280.00000 25.00000 30.00000 0.34501
285.00000 25.00000 30.00000 0.33459
290.00000 25.00000 30.00000 0.32026
295.00000 25.00000 30.00000 0.30488
300.00000 25.00000 30.00000 0.29333
305.00000 25.00000 30.00000 0.28809
310.00000 25.00000 30.00000 0.28947
315.00000 25.00000 30.00000 0.29811
320.00000 25.00000 30.00000 0.31736
325.00000 25.00000 30.00000 0.35323
330.00000 25.00000 30.00000 0.41216
335.00000 25.00000 30.00000 0.49837
340.00000 25.00000 30.00000 0.61375
345.00000 25.00000 30.00000 0.77727
350.00000 25.00000 30.00000 1.04003
355.00000 25.00000 30.00000 1.44262
0.00000 30.00000 30.00000 1.96748
5.00000 30.00000 30.00000 2.54967
10.00000 30.00000 30.00000 3.07962
15.00000 30.00000 30.00000 3.43798
20.00000 30.00000 30.00000 3.46007
25.00000 30.00000 30.00000 3.12476
30.00000 30.00000 30.00000 2.56877
35.00000 30.00000 30.00000 1.99077
40.00000 30.00000 30.00000 1.52931
45.00000 30.00000 30.00000 1.18304
50.00000 30.00000 30.00000 0.92411
55.00000 30.00000 30.00000 0.75076
60.00000 30.00000 30.00000 0.63330
65.00000 30.00000 30.00000 0.52992
70.00000 30.00000 30.00000 0.43674
75.00000 30.00000 30.00000 0.37212
80.00000 30.00000 30.00000 0.33979
85.00000 30.00000 30.00000 0.32656
90.00000 30.00000 30.00000 0.31648
95.00000 30.00000 30.00000 0.30401
100.00000 30.00000 30.00000 0.29345
105.00000 30.00000 30.00000 0.28604
110.00000 30.00000 30.00000 0.27959
115.00000 30.00000 30.00000 0.27501
120.00000 30.00000 30.00000 0.27355
125.00000 30.00000 30.00000 0.27514
130.00000 30.00000 30.00000 0.28026
135.00000 30.00000 30.00000 0.29248
140.00000 30.00000 30.00000 0.31954
145.00000 30.00000 30.00000 0.37003
150.00000 30.00000 30.00000 0.44650
155.00000 30.00000 30.00000 0.53971
160.00000 30.00000 30.00000 0.64472
165.00000 30.00000 30.00000 0.80441
170.00000 30.00000 30.00000 1.09376
175.00000 30.00000 30.00000 1.53009
180.00000 30.00000 30.00000 2.05493
185.00000 30.00000 30.00000 2.58961
190.00000 30.00000 30.00000 2.98392
195.00000 30.00000 30.00000 3.28400
200.00000 30.00000 30.00000 3.49541
205.00000 30.00000 30.00000 3.29480
210.00000 30.00000 30.00000 2.84765
215.00000 30.00000 30.00000 2.35951
220.00000 30.00000 30.00000 1.90759
225.00000 30.00000 30.00000 1.50318
230.00000 30.00000 30.00000 1.17639
235.00000 30.00000 30.00000 0.94805
240.00000 30.00000 30.00000 0.79067
245.00000 30.00000 30.00000 0.66646
250.00000 30.00000 30.00000 0.56233
255.00000 30.00000 30.00000 0.48505
260.00000 30.00000 30.00000 0.44067
265.00000 30.00000 30.00000 0.41890
270.00000 30.00000 30.00000 0.39967
275.00000 30.00000 30.00000 0.37493
280.00000 30.00000 30.00000 0.35174
285.00000 30.00000 30.00000 0.33048
290.00000 30.00000 30.00000 0.31115
295.00000 30.00000 30.00000 0.29603
300.00000 30.00000 30.00000 0.28420
305.00000 30.00000 30.00000 0.27693
310.00000 30.00000 30.00000 0.27473
315.00000 30.00000 30.00000 0.27706
320.00000 30.00000 30.00000 0.28582
325.00000 30.00000 30.00000 0.30600
330.00000 30.00000 30.00000 0.34572
335.00000 30.00000 30.00000 0.41408
340.00000 30.00000 30.00000 0.51873
345.00000 30.00000 30.00000 0.68379
350.00000 30.00000 30.00000 0.96714
355.00000 30.00000 30.00000 1.40913
0.00000 35.00000 30.00000 1.58421
5.00000 35.00000 30.00000 2.00800
10.00000 35.00000 30.00000 2.36844
15.00000 35.00000 30.00000 2.59975
20.00000 35.00000 30.00000 2.61550
25.00000 35.00000 30.00000 2.37128
30.00000 35.00000 30.00000 1.94740
35.00000 35.00000 30.00000 1.51608
40.00000 35.00000 30.00000 1.18676
45.00000 35.00000 30.00000 0.94333
50.00000 35.00000 30.00000 0.76159
55.00000 35.00000 30.00000 0.64288
60.00000 35.00000 30.00000 0.56864
65.00000 35.00000 30.00000 0.50672
70.00000 35.00000 30.00000 0.44634
75.00000 35.00000 30.00000 0.39772
80.00000 35.00000 30.00000 0.36797
85.00000 35.00000 30.00000 0.35073
90.00000 35.00000 30.00000 0.33384
95.00000 35.00000 30.00000 0.31517
100.00000 35.00000 30.00000 0.29970
105.00000 35.00000 30.00000 0.28780
110.00000 35.00000 30.00000 0.27904
115.00000 35.00000 30.00000 0.27399
120.00000 35.00000 30.00000 0.27196
125.00000 35.00000 30.00000 0.27219
130.00000 35.00000 30.00000 0.27465
135.00000 35.00000 30.00000 0.28106
140.00000 35.00000 30.00000 0.29589
145.00000 35.00000 30.00000 0.32575
150.00000 35.00000 30.00000 0.37779
155.00000 35.00000 30.00000 0.45476
160.00000 35.00000 30.00000 0.55768
165.00000 35.00000 30.00000 0.72174
170.00000 35.00000 30.00000 1.01952
175.00000 35.00000 30.00000 1.47443
180.00000 35.00000 30.00000 2.03524
185.00000 35.00000 30.00000 2.61618
190.00000 35.00000 30.00000 3.01885
195.00000 35.00000 30.00000 3.28966
200.00000 35.00000 30.00000 3.48989
205.00000 35.00000 30.00000 3.29212
210.00000 35.00000 30.00000 2.84788
215.00000 35.00000 30.00000 2.35732
220.00000 35.00000 30.00000 1.88084
225.00000 35.00000 30.00000 1.44668
230.00000 35.00000 30.00000 1.11580
235.00000 35.00000 30.00000 0.90744
240.00000 35.00000 30.00000 0.78360
245.00000 35.00000 30.00000 0.69754
250.00000 35.00000 30.00000 0.62115
255.00000 35.00000 30.00000 0.55256
260.00000 35.00000 30.00000 0.50518
265.00000 35.00000 30.00000 0.47796
270.00000 35.00000 30.00000 0.45243
275.00000 35.00000 30.00000 0.42143
280.00000 35.00000 30.00000 0.38936
285.00000 35.00000 30.00000 0.35516
290.00000 35.00000 30.00000 0.32710
295.00000 35.00000 30.00000 0.30800
300.00000 35.00000 30.00000 0.29251
305.00000 35.00000 30.00000 0.28218
310.00000 35.00000 30.00000 0.27775
315.00000 35.00000 30.00000 0.27805
320.00000 35.00000 30.00000 0.28300
325.00000 35.00000 30.00000 0.29519
330.00000 35.00000 30.00000 0.32035
335.00000 35.00000 30.00000 0.36673
340.00000 35.00000 30.00000 0.44313
345.00000 35.00000 30.00000 0.57228
350.00000 35.00000 30.00000 0.80178
355.00000 35.00000 30.00000 1.15561
0.00000 40.00000 30.00000 1.04928
5.00000 40.00000 30.00000 1.27149
10.00000 40.00000 30.00000 1.41873
15.00000 40.00000 30.00000 1.47357
20.00000 40.00000 30.00000 1.46081
25.00000 40.00000 30.00000 1.33307
30.00000 40.00000 30.00000 1.11452
35.00000 40.00000 30.00000 0.90724
40.00000 40.00000 30.00000 0.76062
45.00000 40.00000 30.00000 0.65468
50.00000 40.00000 30.00000 0.57651
55.00000 40.00000 30.00000 0.53042
60.00000 40.00000 30.00000 0.50774
65.00000 40.00000 30.00000 0.48897
70.00000 40.00000 30.00000 0.46008
75.00000 40.00000 30.00000 0.43057
80.00000 40.00000 30.00000 0.40502
85.00000 40.00000 30.00000 0.38263
90.00000 40.00000 30.00000 0.36104
95.00000 40.00000 30.00000 0.33997
100.00000 40.00000 30.00000 0.32051
105.00000 40.00000 30.00000 0.30250
110.00000 40.00000 30.00000 0.29072
115.00000 40.00000 30.00000 0.28557
120.00000 40.00000 30.00000 0.28368
125.00000 40.00000 30.00000 0.28345
130.00000 40.00000 30.00000 0.28510
135.00000 40.00000 30.00000 0.29003
140.00000 40.00000 30.00000 0.30001
145.00000 40.00000 30.00000 0.31750
150.00000 40.00000 30.00000 0.34743
155.00000 40.00000 30.00000 0.39466
160.00000 40.00000 30.00000 0.46374
165.00000 40.00000 30.00000 0.57791
170.00000 40.00000 30.00000 0.78563
175.00000 40.00000 30.00000 1.10778
180.00000 40.00000 30.00000 1.51873
185.00000 40.00000 30.00000 1.96455
190.00000 40.00000 30.00000 2.27578
195.00000 40.00000 30.00000 2.39089
200.00000 40.00000 30.00000 2.48827
205.00000 40.00000 30.00000 2.36855
210.00000 40.00000 30.00000 2.06371
215.00000 40.00000 30.00000 1.72938
220.00000 40.00000 30.00000 1.40402
225.00000 40.00000 30.00000 1.11005
230.00000 40.00000 30.00000 0.90037
235.00000 40.00000 30.00000 0.78268
240.00000 40.00000 30.00000 0.72682
245.00000 40.00000 30.00000 0.69529
250.00000 40.00000 30.00000 0.66508
255.00000 40.00000 30.00000 0.61853
260.00000 40.00000 30.00000 0.57072
265.00000 40.00000 30.00000 0.54372
270.00000 40.00000 30.00000 0.52116
275.00000 40.00000 30.00000 0.49488
280.00000 40.00000 30.00000 0.46167
285.00000 40.00000 30.00000 0.41373
290.00000 40.00000 30.00000 0.37418
295.00000 40.00000 30.00000 0.35176
300.00000 40.00000 30.00000 0.33264
305.00000 40.00000 30.00000 0.31678
310.00000 40.00000 30.00000 0.30763
315.00000 40.00000 30.00000 0.30396
320.00000 40.00000 30.00000 0.30394
325.00000 40.00000 30.00000 0.30788
330.00000 40.00000 30.00000 0.31841
335.00000 40.00000 30.00000 0.34220
340.00000 40.00000 30.00000 0.38502
345.00000 40.00000 30.00000 0.45989
350.00000 40.00000 30.00000 0.59838
355.00000 40.00000 30.00000 0.80867
0.00000 45.00000 30.00000 0.63626
5.00000 45.00000 30.00000 0.72823
10.00000 45.00000 30.00000 0.76332
15.00000 45.00000 30.00000 0.73991
20.00000 45.00000 30.00000 0.71198
25.00000 45.00000 30.00000 0.65563
30.00000 45.00000 30.00000 0.57505
35.00000 45.00000 30.00000 0.50947
40.00000 45.00000 30.00000 0.47299
45.00000 45.00000 30.00000 0.45288
50.00000 45.00000 30.00000 0.44444
55.00000 45.00000 30.00000 0.44888
60.00000 45.00000 30.00000 0.46345
65.00000 45.00000 30.00000 0.47721
70.00000 45.00000 30.00000 0.46657
75.00000 45.00000 30.00000 0.45024
80.00000 45.00000 30.00000 0.42568
85.00000 45.00000 30.00000 0.39548
90.00000 45.00000 30.00000 0.37334
95.00000 45.00000 30.00000 0.35773
100.00000 45.00000 30.00000 0.34378
105.00000 45.00000 30.00000 0.33058
110.00000 45.00000 30.00000 0.32421
115.00000 45.00000 30.00000 0.32528
120.00000 45.00000 30.00000 0.32957
125.00000 45.00000 30.00000 0.33469
130.00000 45.00000 30.00000 0.33629
135.00000 45.00000 30.00000 0.33475
140.00000 45.00000 30.00000 0.33429
145.00000 45.00000 30.00000 0.33632
150.00000 45.00000 30.00000 0.34316
155.00000 45.00000 30.00000 0.35692
160.00000 45.00000 30.00000 0.38184
165.00000 45.00000 30.00000 0.43199
170.00000 45.00000 30.00000 0.52371
175.00000 45.00000 30.00000 0.67417
180.00000 45.00000 30.00000 0.88623
185.00000 45.00000 30.00000 1.12907
190.00000 45.00000 30.00000 1.28649
195.00000 45.00000 30.00000 1.28564
200.00000 45.00000 30.00000 1.30814
205.00000 45.00000 30.00000 1.25877
210.00000 45.00000 30.00000 1.12208
215.00000 45.00000 30.00000 0.97437
220.00000 45.00000 30.00000 0.83780
225.00000 45.00000 30.00000 0.72169
230.00000 45.00000 30.00000 0.65160
235.00000 45.00000 30.00000 0.62802
240.00000 45.00000 30.00000 0.63512
245.00000 45.00000 30.00000 0.64402
250.00000 45.00000 30.00000 0.65752
255.00000 45.00000 30.00000 0.63479
260.00000 45.00000 30.00000 0.58053
265.00000 45.00000 30.00000 0.55756
270.00000 45.00000 30.00000 0.55131
275.00000 45.00000 30.00000 0.54764
280.00000 45.00000 30.00000 0.53652
285.00000 45.00000 30.00000 0.50841
290.00000 45.00000 30.00000 0.48341
295.00000 45.00000 30.00000 0.46792
300.00000 45.00000 30.00000 0.45148
305.00000 45.00000 30.00000 0.43315
310.00000 45.00000 30.00000 0.41434
315.00000 45.00000 30.00000 0.39128
320.00000 45.00000 30.00000 0.36965
325.00000 45.00000 30.00000 0.35132
330.00000 45.00000 30.00000 0.33760
335.00000 45.00000 30.00000 0.33788
340.00000 45.00000 30.00000 0.35199
345.00000 45.00000 30.00000 0.37827
350.00000 45.00000 30.00000 0.43829
355.00000 45.00000 30.00000 0.53339
0.00000 50.00000 30.00000 0.40498
5.00000 50.00000 30.00000 0.42853
10.00000 50.00000 30.00000 0.43457
15.00000 50.00000 30.00000 0.42107
20.00000 50.00000 30.00000 0.40309
25.00000 50.00000 30.00000 0.38029
30.00000 50.00000 30.00000 0.35791
35.00000 50.00000 30.00000 0.34555
40.00000 50.00000 30.00000 0.34534
45.00000 50.00000 30.00000 0.35155
50.00000 50.00000 30.00000 0.36547
55.00000 50.00000 30.00000 0.38614
60.00000 50.00000 30.00000 0.41650
65.00000 50.00000 30.00000 0.44741
70.00000 50.00000 30.00000 0.44797
75.00000 50.00000 30.00000 0.43353
80.00000 50.00000 30.00000 0.40778
85.00000 50.00000 30.00000 0.37865
90.00000 50.00000 30.00000 0.36215
95.00000 50.00000 30.00000 0.35841
100.00000 50.00000 30.00000 0.36424
105.00000 50.00000 30.00000 0.37732
110.00000 50.00000 30.00000 0.40001
115.00000 50.00000 30.00000 0.43135
120.00000 50.00000 30.00000 0.45930
125.00000 50.00000 30.00000 0.48531
130.00000 50.00000 30.00000 0.48967
135.00000 50.00000 30.00000 0.45803
140.00000 50.00000 30.00000 0.41980
145.00000 50.00000 30.00000 0.38952
150.00000 50.00000 30.00000 0.36570
155.00000 50.00000 30.00000 0.34772
160.00000 50.00000 30.00000 0.33970
165.00000 50.00000 30.00000 0.34692
170.00000 50.00000 30.00000 0.36893
175.00000 50.00000 30.00000 0.41251
180.00000 50.00000 30.00000 0.48256
185.00000 50.00000 30.00000 0.56550
190.00000 50.00000 30.00000 0.62242
195.00000 50.00000 30.00000 0.62665
200.00000 50.00000 30.00000 0.62093
205.00000 50.00000 30.00000 0.59453
210.00000 50.00000 30.00000 0.55172
215.00000 50.00000 30.00000 0.51438
220.00000 50.00000 30.00000 0.48486
225.00000 50.00000 30.00000 0.46131
230.00000 50.00000 30.00000 0.45738
235.00000 50.00000 30.00000 0.48065
240.00000 50.00000 30.00000 0.52372
245.00000 50.00000 30.00000 0.55553
250.00000 50.00000 30.00000 0.58135
255.00000 50.00000 30.00000 0.57081
260.00000 50.00000 30.00000 0.52824
265.00000 50.00000 30.00000 0.51599
270.00000 50.00000 30.00000 0.53001
275.00000 50.00000 30.00000 0.55887
280.00000 50.00000 30.00000 0.59348
285.00000 50.00000 30.00000 0.63126
290.00000 50.00000 30.00000 0.68329
295.00000 50.00000 30.00000 0.73242
300.00000 50.00000 30.00000 0.74519
305.00000 50.00000 30.00000 0.72633
310.00000 50.00000 30.00000 0.69694
315.00000 50.00000 30.00000 0.62136
320.00000 50.00000 30.00000 0.53610
325.00000 50.00000 30.00000 0.46353
330.00000 50.00000 30.00000 0.39971
335.00000 50.00000 30.00000 0.36117
340.00000 50.00000 30.00000 0.34488
345.00000 50.00000 30.00000 0.33861
350.00000 50.00000 30.00000 0.35062
355.00000 50.00000 30.00000 0.37759
0.00000 55.00000 30.00000 0.31533
5.00000 55.00000 30.00000 0.31737
10.00000 55.00000 30.00000 0.31695
15.00000 55.00000 30.00000 0.31259
20.00000 55.00000 30.00000 0.30638
25.00000 55.00000 30.00000 0.29993
30.00000 55.00000 30.00000 0.29466
35.00000 55.00000 30.00000 0.29456
40.00000 55.00000 30.00000 0.29948
45.00000 55.00000 30.00000 0.30652
50.00000 55.00000 30.00000 0.32016
55.00000 55.00000 30.00000 0.33859
60.00000 55.00000 30.00000 0.36149
65.00000 55.00000 30.00000 0.37984
70.00000 55.00000 30.00000 0.38102
75.00000 55.00000 30.00000 0.37066
80.00000 55.00000 30.00000 0.35542
85.00000 55.00000 30.00000 0.34268
90.00000 55.00000 30.00000 0.34060
95.00000 55.00000 30.00000 0.35708
100.00000 55.00000 30.00000 0.39624
105.00000 55.00000 30.00000 0.45751
110.00000 55.00000 30.00000 0.54351
115.00000 55.00000 30.00000 0.64699
120.00000 55.00000 30.00000 0.73665
125.00000 55.00000 30.00000 0.80821
130.00000 55.00000 30.00000 0.81165
135.00000 55.00000 30.00000 0.71607
140.00000 55.00000 30.00000 0.60301
145.00000 55.00000 30.00000 0.50944
150.00000 55.00000 30.00000 0.42889
155.00000 55.00000 30.00000 0.36685
160.00000 55.00000 30.00000 0.33041
165.00000 55.00000 30.00000 0.31313
170.00000 55.00000 30.00000 0.30906
175.00000 55.00000 30.00000 0.31544
180.00000 55.00000 30.00000 0.32952
185.00000 55.00000 30.00000 0.34610
190.00000 55.00000 30.00000 0.35733
195.00000 55.00000 30.00000 0.35912
200.00000 55.00000 30.00000 0.35645
205.00000 55.00000 30.00000 0.34955
210.00000 55.00000 30.00000 0.33977
215.00000 55.00000 30.00000 0.33617
220.00000 55.00000 30.00000 0.33696
225.00000 55.00000 30.00000 0.33641
230.00000 55.00000 30.00000 0.34489
235.00000 55.00000 30.00000 0.37130
240.00000 55.00000 30.00000 0.40617
245.00000 55.00000 30.00000 0.43268
250.00000 55.00000 30.00000 0.44828
255.00000 55.00000 30.00000 0.44839
260.00000 55.00000 30.00000 0.44125
265.00000 55.00000 30.00000 0.45203
270.00000 55.00000 30.00000 0.48915
275.00000 55.00000 30.00000 0.55646
280.00000 55.00000 30.00000 0.65238
285.00000 55.00000 30.00000 0.78555
290.00000 55.00000 30.00000 0.97339
295.00000 55.00000 30.00000 1.17647
300.00000 55.00000 30.00000 1.29296
305.00000 55.00000 30.00000 1.28228
310.00000 55.00000 30.00000 1.22606
315.00000 55.00000 30.00000 1.07208
320.00000 55.00000 30.00000 0.88008
325.00000 55.00000 30.00000 0.70690
330.00000 55.00000 30.00000 0.54750
335.00000 55.00000 30.00000 0.43123
340.00000 55.00000 30.00000 0.36337
345.00000 55.00000 30.00000 0.32796
350.00000 55.00000 30.00000 0.31473
355.00000 55.00000 30.00000 0.31352
0.00000 60.00000 30.00000 0.29828
5.00000 60.00000 30.00000 0.29583
10.00000 60.00000 30.00000 0.29403
15.00000 60.00000 30.00000 0.29089
20.00000 60.00000 30.00000 0.28696
25.00000 60.00000 30.00000 0.28318
30.00000 60.00000 30.00000 0.28036
35.00000 60.00000 30.00000 0.28101
40.00000 60.00000 30.00000 0.28344
45.00000 60.00000 30.00000 0.28635
50.00000 60.00000 30.00000 0.29407
55.00000 60.00000 30.00000 0.30454
60.00000 60.00000 30.00000 0.31381
65.00000 60.00000 30.00000 0.31764
70.00000 60.00000 30.00000 0.31592
75.00000 60.00000 30.00000 0.31186
80.00000 60.00000 30.00000 0.30866
85.00000 60.00000 30.00000 0.30976
90.00000 60.00000 30.00000 0.32216
95.00000 60.00000 30.00000 0.36067
100.00000 60.00000 30.00000 0.43986
105.00000 60.00000 30.00000 0.57084
110.00000 60.00000 30.00000 0.75845
115.00000 60.00000 30.00000 0.97744
120.00000 60.00000 30.00000 1.18052
125.00000 60.00000 30.00000 1.33084
130.00000 60.00000 30.00000 1.33940
135.00000 60.00000 30.00000 1.17416
140.00000 60.00000 30.00000 0.94741
145.00000 60.00000 30.00000 0.73330
150.00000 60.00000 30.00000 0.55216
155.00000 60.00000 30.00000 0.42364
160.00000 60.00000 30.00000 0.34937
165.00000 60.00000 30.00000 0.31095
170.00000 60.00000 30.00000 0.29373
175.00000 60.00000 30.00000 0.28840
180.00000 60.00000 30.00000 0.28828
185.00000 60.00000 30.00000 0.28977
190.00000 60.00000 30.00000 0.29075
195.00000 60.00000 30.00000 0.29002
200.00000 60.00000 30.00000 0.28865
205.00000 60.00000 30.00000 0.28690
210.00000 60.00000 30.00000 0.28510
215.00000 60.00000 30.00000 0.28572
220.00000 60.00000 30.00000 0.28725
225.00000 60.00000 30.00000 0.28829
230.00000 60.00000 30.00000 0.29510
235.00000 60.00000 30.00000 0.30975
240.00000 60.00000 30.00000 0.32575
245.00000 60.00000 30.00000 0.33788
250.00000 60.00000 30.00000 0.34572
255.00000 60.00000 30.00000 0.35235
260.00000 60.00000 30.00000 0.36501
265.00000 60.00000 30.00000 0.39324
270.00000 60.00000 30.00000 0.44855
275.00000 60.00000 30.00000 0.54559
280.00000 60.00000 30.00000 0.69825
285.00000 60.00000 30.00000 0.93803
290.00000 60.00000 30.00000 1.29129
295.00000 60.00000 30.00000 1.70507
300.00000 60.00000 30.00000 2.02706
305.00000 60.00000 30.00000 2.06047
310.00000 60.00000 30.00000 1.95632
315.00000 60.00000 30.00000 1.78074
320.00000 60.00000 30.00000 1.45723
325.00000 60.00000 30.00000 1.12112
330.00000 60.00000 30.00000 0.81905
335.00000 60.00000 30.00000 0.58704
340.00000 60.00000 30.00000 0.43755
345.00000 60.00000 30.00000 0.35528
350.00000 60.00000 30.00000 0.31835
355.00000 60.00000 30.00000 0.30408
0.00000 65.00000 30.00000 0.33993
5.00000 65.00000 30.00000 0.32673
10.00000 65.00000 30.00000 0.31636
15.00000 65.00000 30.00000 0.30717
20.00000 65.00000 30.00000 0.29916
25.00000 65.00000 30.00000 0.29196
30.00000 65.00000 30.00000 0.28606
35.00000 65.00000 30.00000 0.28351
40.00000 65.00000 30.00000 0.28158
45.00000 65.00000 30.00000 0.27976
50.00000 65.00000 30.00000 0.28040
55.00000 65.00000 30.00000 0.28252
60.00000 65.00000 30.00000 0.28389
65.00000 65.00000 30.00000 0.28354
70.00000 65.00000 30.00000 0.28265
75.00000 65.00000 30.00000 0.28305
80.00000 65.00000 30.00000 0.28671
85.00000 65.00000 30.00000 0.29635
90.00000 65.00000 30.00000 0.32058
95.00000 65.00000 30.00000 0.37777
100.00000 65.00000 30.00000 0.49163
105.00000 65.00000 30.00000 0.69184
110.00000 65.00000 30.00000 0.99105
115.00000 65.00000 30.00000 1.34395
120.00000 65.00000 30.00000 1.67654
125.00000 65.00000 30.00000 1.92163
130.00000 65.00000 30.00000 1.97934
135.00000 65.00000 30.00000 1.80166
140.00000 65.00000 30.00000 1.46808
145.00000 65.00000 30.00000 1.09962
150.00000 65.00000 30.00000 0.78191
155.00000 65.00000 30.00000 0.56171
160.00000 65.00000 30.00000 0.43133
165.00000 65.00000 30.00000 0.35854
170.00000 65.00000 30.00000 0.32181
175.00000 65.00000 30.00000 0.30531
180.00000 65.00000 30.00000 0.29702
185.00000 65.00000 30.00000 0.29158
190.00000 65.00000 30.00000 0.28783
195.00000 65.00000 30.00000 0.28517
200.00000 65.00000 30.00000 0.28289
205.00000 65.00000 30.00000 0.27994
210.00000 65.00000 30.00000 0.27711
215.00000 65.00000 30.00000 0.27581
220.00000 65.00000 30.00000 0.27462
225.00000 65.00000 30.00000 0.27338
230.00000 65.00000 30.00000 0.27514
235.00000 65.00000 30.00000 0.28049
240.00000 65.00000 30.00000 0.28695
245.00000 65.00000 30.00000 0.29240
250.00000 65.00000 30.00000 0.29762
255.00000 65.00000 30.00000 0.30702
260.00000 65.00000 30.00000 0.32731
265.00000 65.00000 30.00000 0.36503
270.00000 65.00000 30.00000 0.43052
275.00000 65.00000 30.00000 0.54033
280.00000 65.00000 30.00000 0.72287
285.00000 65.00000 30.00000 1.03710
290.00000 65.00000 30.00000 1.51819
295.00000 65.00000 30.00000 2.10780
300.00000 65.00000 30.00000 2.63358
305.00000 65.00000 30.00000 2.73124
310.00000 65.00000 30.00000 2.64967
315.00000 65.00000 30.00000 2.61870
320.00000 65.00000 30.00000 2.23154
325.00000 65.00000 30.00000 1.73138
330.00000 65.00000 30.00000 1.27705
335.00000 65.00000 30.00000 0.90686
340.00000 65.00000 30.00000 0.63910
345.00000 65.00000 30.00000 0.47566
350.00000 65.00000 30.00000 0.39575
355.00000 65.00000 30.00000 0.35973
0.00000 70.00000 30.00000 0.48443
5.00000 70.00000 30.00000 0.43812
10.00000 70.00000 30.00000 0.39946
15.00000 70.00000 30.00000 0.37140
20.00000 70.00000 30.00000 0.35305
25.00000 70.00000 30.00000 0.33761
30.00000 70.00000 30.00000 0.32240
35.00000 70.00000 30.00000 0.31003
40.00000 70.00000 30.00000 0.29920
45.00000 70.00000 30.00000 0.28960
50.00000 70.00000 30.00000 0.28279
55.00000 70.00000 30.00000 0.27783
60.00000 70.00000 30.00000 0.27441
65.00000 70.00000 30.00000 0.27277
70.00000 70.00000 30.00000 0.27292
75.00000 70.00000 30.00000 0.27593
80.00000 70.00000 30.00000 0.28421
85.00000 70.00000 30.00000 0.30233
90.00000 70.00000 30.00000 0.33975
95.00000 70.00000 30.00000 0.41235
100.00000 70.00000 30.00000 0.54515
105.00000 70.00000 30.00000 0.78232
110.00000 70.00000 30.00000 1.15019
115.00000 70.00000 30.00000 1.59841
120.00000 70.00000 30.00000 2.03368
125.00000 70.00000 30.00000 2.38153
130.00000 70.00000 30.00000 2.55369
135.00000 70.00000 30.00000 2.46571
140.00000 70.00000 30.00000 2.12677
145.00000 70.00000 30.00000 1.65655
150.00000 70.00000 30.00000 1.20858
155.00000 70.00000 30.00000 0.88319
160.00000 70.00000 30.00000 0.67150
165.00000 70.00000 30.00000 0.53344
170.00000 70.00000 30.00000 0.45081
175.00000 70.00000 30.00000 0.40477
180.00000 70.00000 30.00000 0.37249
185.00000 70.00000 30.00000 0.34452
190.00000 70.00000 30.00000 0.32341
195.00000 70.00000 30.00000 0.31087
200.00000 70.00000 30.00000 0.30380
205.00000 70.00000 30.00000 0.29655
210.00000 70.00000 30.00000 0.28812
215.00000 70.00000 30.00000 0.28131
220.00000 70.00000 30.00000 0.27615
225.00000 70.00000 30.00000 0.27196
230.00000 70.00000 30.00000 0.27016
235.00000 70.00000 30.00000 0.27093
240.00000 70.00000 30.00000 0.27326
245.00000 70.00000 30.00000 0.27640
250.00000 70.00000 30.00000 0.28159
255.00000 70.00000 30.00000 0.29348
260.00000 70.00000 30.00000 0.31924
265.00000 70.00000 30.00000 0.36575
270.00000 70.00000 30.00000 0.43975
275.00000 70.00000 30.00000 0.54992
280.00000 70.00000 30.00000 0.72931
285.00000 70.00000 30.00000 1.05275
290.00000 70.00000 30.00000 1.55888
295.00000 70.00000 30.00000 2.19140
300.00000 70.00000 30.00000 2.81913
305.00000 70.00000 30.00000 3.10760
310.00000 70.00000 30.00000 3.18205
315.00000 70.00000 30.00000 3.32543
320.00000 70.00000 30.00000 3.02462
325.00000 70.00000 30.00000 2.48495
330.00000 70.00000 30.00000 1.94691
335.00000 70.00000 30.00000 1.46620
340.00000 70.00000 30.00000 1.06697
345.00000 70.00000 30.00000 0.78747
350.00000 70.00000 30.00000 0.62843
355.00000 70.00000 30.00000 0.54191
0.00000 75.00000 30.00000 0.78334
5.00000 75.00000 30.00000 0.68519
10.00000 75.00000 30.00000 0.60019
15.00000 75.00000 30.00000 0.54390
20.00000 75.00000 30.00000 0.51455
25.00000 75.00000 30.00000 0.48934
30.00000 75.00000 30.00000 0.45434
35.00000 75.00000 30.00000 0.41590
40.00000 75.00000 30.00000 0.37644
45.00000 75.00000 30.00000 0.34119
50.00000 75.00000 30.00000 0.31702
55.00000 75.00000 30.00000 0.29773
60.00000 75.00000 30.00000 0.28431
65.00000 75.00000 30.00000 0.27837
70.00000 75.00000 30.00000 0.27819
75.00000 75.00000 30.00000 0.28357
80.00000 75.00000 30.00000 0.29746
85.00000 75.00000 30.00000 0.32612
90.00000 75.00000 30.00000 0.37774
95.00000 75.00000 30.00000 0.45834
100.00000 75.00000 30.00000 0.58650
105.00000 75.00000 30.00000 0.81240
110.00000 75.00000 30.00000 1.17454
115.00000 75.00000 30.00000 1.63880
120.00000 75.00000 30.00000 2.12570
125.00000 75.00000 30.00000 2.57325
130.00000 75.00000 30.00000 2.91285
135.00000 75.00000 30.00000 3.02506
140.00000 75.00000 30.00000 2.83216
145.00000 75.00000 30.00000 2.39773
150.00000 75.00000 30.00000 1.90492
155.00000 75.00000 30.00000 1.50154
160.00000 75.00000 30.00000 1.19078
165.00000 75.00000 30.00000 0.94878
170.00000 75.00000 30.00000 0.78237
175.00000 75.00000 30.00000 0.67440
180.00000 75.00000 30.00000 0.58457
185.00000 75.00000 30.00000 0.49711
190.00000 75.00000 30.00000 0.42684
195.00000 75.00000 30.00000 0.38470
200.00000 75.00000 30.00000 0.36305
205.00000 75.00000 30.00000 0.34538
210.00000 75.00000 30.00000 0.32490
215.00000 75.00000 30.00000 0.30698
220.00000 75.00000 30.00000 0.29388
225.00000 75.00000 30.00000 0.28351
230.00000 75.00000 30.00000 0.27654
235.00000 75.00000 30.00000 0.27319
240.00000 75.00000 30.00000 0.27276
245.00000 75.00000 30.00000 0.27526
250.00000 75.00000 30.00000 0.28234
255.00000 75.00000 30.00000 0.29899
260.00000 75.00000 30.00000 0.33237
265.00000 75.00000 30.00000 0.38947
270.00000 75.00000 30.00000 0.47028
275.00000 75.00000 30.00000 0.56954
280.00000 75.00000 30.00000 0.71617
285.00000 75.00000 30.00000 0.98363
290.00000 75.00000 30.00000 1.40494
295.00000 75.00000 30.00000 1.93469
300.00000 75.00000 30.00000 2.50327
305.00000 75.00000 30.00000 2.96322
310.00000 75.00000 30.00000 3.30057
315.00000 75.00000 30.00000 3.58525
320.00000 75.00000 30.00000 3.49319
325.00000 75.00000 30.00000 3.09838
330.00000 75.00000 30.00000 2.61755
335.00000 75.00000 30.00000 2.14029
340.00000 75.00000 30.00000 1.68858
345.00000 75.00000 30.00000 1.31571
350.00000 75.00000 30.00000 1.05903
355.00000 75.00000 30.00000 0.89693
0.00000 80.00000 30.00000 1.19728
5.00000 80.00000 30.00000 1.08495
10.00000 80.00000 30.00000 0.98517
15.00000 80.00000 30.00000 0.93238
20.00000 80.00000 30.00000 0.92437
25.00000 80.00000 30.00000 0.90677
30.00000 80.00000 30.00000 0.84058
35.00000 80.00000 30.00000 0.74349
40.00000 80.00000 30.00000 0.62504
45.00000 80.00000 30.00000 0.51408
50.00000 80.00000 30.00000 0.44583
55.00000 80.00000 30.00000 0.38481
60.00000 80.00000 30.00000 0.33748
65.00000 80.00000 30.00000 0.31387
70.00000 80.00000 30.00000 0.30728
75.00000 80.00000 30.00000 0.31277
80.00000 80.00000 30.00000 0.33138
85.00000 80.00000 30.00000 0.36881
90.00000 80.00000 30.00000 0.42729
95.00000 80.00000 30.00000 0.49946
100.00000 80.00000 30.00000 0.59684
105.00000 80.00000 30.00000 0.77008
110.00000 80.00000 30.00000 1.06066
115.00000 80.00000 30.00000 1.45772
120.00000 80.00000 30.00000 1.92031
125.00000 80.00000 30.00000 2.41793
130.00000 80.00000 30.00000 2.90953
135.00000 80.00000 30.00000 3.26100
140.00000 80.00000 30.00000 3.31189
145.00000 80.00000 30.00000 3.06197
150.00000 80.00000 30.00000 2.67695
155.00000 80.00000 30.00000 2.28106
160.00000 80.00000 30.00000 1.89686
165.00000 80.00000 30.00000 1.55296
170.00000 80.00000 30.00000 1.29951
175.00000 80.00000 30.00000 1.12378
180.00000 80.00000 30.00000 0.96255
185.00000 80.00000 30.00000 0.79160
190.00000 80.00000 30.00000 0.64523
195.00000 80.00000 30.00000 0.55349
200.00000 80.00000 30.00000 0.50685
205.00000 80.00000 30.00000 0.47337
210.00000 80.00000 30.00000 0.43474
215.00000 80.00000 30.00000 0.39756
220.00000 80.00000 30.00000 0.36786
225.00000 80.00000 30.00000 0.34028
230.00000 80.00000 30.00000 0.31657
235.00000 80.00000 30.00000 0.30060
240.00000 80.00000 30.00000 0.29303
245.00000 80.00000 30.00000 0.29386
250.00000 80.00000 30.00000 0.30406
255.00000 80.00000 30.00000 0.32734
260.00000 80.00000 30.00000 0.36927
265.00000 80.00000 30.00000 0.43420
270.00000 80.00000 30.00000 0.51205
275.00000 80.00000 30.00000 0.58389
280.00000 80.00000 30.00000 0.67303
285.00000 80.00000 30.00000 0.84120
290.00000 80.00000 30.00000 1.11107
295.00000 80.00000 30.00000 1.45498
300.00000 80.00000 30.00000 1.84554
305.00000 80.00000 30.00000 2.25973
310.00000 80.00000 30.00000 2.68368
315.00000 80.00000 30.00000 3.06287
320.00000 80.00000 30.00000 3.20698
325.00000 80.00000 30.00000 3.06529
330.00000 80.00000 30.00000 2.78612
335.00000 80.00000 30.00000 2.48010
340.00000 80.00000 30.00000 2.14714
345.00000 80.00000 30.00000 1.80377
350.00000 80.00000 30.00000 1.51577
355.00000 80.00000 30.00000 1.32395
0.00000 85.00000 30.00000 1.57548
5.00000 85.00000 30.00000 1.55126
10.00000 85.00000 30.00000 1.53480
15.00000 85.00000 30.00000 1.57640
20.00000 85.00000 30.00000 1.67058
25.00000 85.00000 30.00000 1.71772
30.00000 85.00000 30.00000 1.64203
35.00000 85.00000 30.00000 1.47801
40.00000 85.00000 30.00000 1.24507
45.00000 85.00000 30.00000 0.99080
50.00000 85.00000 30.00000 0.80686
55.00000 85.00000 30.00000 0.63504
60.00000 85.00000 30.00000 0.49623
65.00000 85.00000 30.00000 0.41959
70.00000 85.00000 30.00000 0.38747
75.00000 85.00000 30.00000 0.38080
80.00000 85.00000 30.00000 0.39372
85.00000 85.00000 30.00000 0.42728
90.00000 85.00000 30.00000 0.47383
95.00000 85.00000 30.00000 0.51574
100.00000 85.00000 30.00000 0.56379
105.00000 85.00000 30.00000 0.66376
110.00000 85.00000 30.00000 0.84837
115.00000 85.00000 30.00000 1.11932
120.00000 85.00000 30.00000 1.47182
125.00000 85.00000 30.00000 1.91252
130.00000 85.00000 30.00000 2.43076
135.00000 85.00000 30.00000 2.90610
140.00000 85.00000 30.00000 3.14531
145.00000 85.00000 30.00000 3.10958
150.00000 85.00000 30.00000 2.91974
155.00000 85.00000 30.00000 2.63760
160.00000 85.00000 30.00000 2.28683
165.00000 85.00000 30.00000 1.94787
170.00000 85.00000 30.00000 1.69696
175.00000 85.00000 30.00000 1.52466
180.00000 85.00000 30.00000 1.35784
185.00000 85.00000 30.00000 1.16243
190.00000 85.00000 30.00000 0.98138
195.00000 85.00000 30.00000 0.86533
200.00000 85.00000 30.00000 0.81388
205.00000 85.00000 30.00000 0.78511
210.00000 85.00000 30.00000 0.74081
215.00000 85.00000 30.00000 0.68265
220.00000 85.00000 30.00000 0.62340
225.00000 85.00000 30.00000 0.55468
230.00000 85.00000 30.00000 0.48114
235.00000 85.00000 30.00000 0.42125
240.00000 85.00000 30.00000 0.38369
245.00000 85.00000 30.00000 0.36857
250.00000 85.00000 30.00000 0.37335
255.00000 85.00000 30.00000 0.39590
260.00000 85.00000 30.00000 0.43696
265.00000 85.00000 30.00000 0.49574
270.00000 85.00000 30.00000 0.55153
275.00000 85.00000 30.00000 0.57891
280.00000 85.00000 30.00000 0.59987
285.00000 85.00000 30.00000 0.66182
290.00000 85.00000 30.00000 0.77855
295.00000 85.00000 30.00000 0.93842
300.00000 85.00000 30.00000 1.13473
305.00000 85.00000 30.00000 1.37201
310.00000 85.00000 30.00000 1.66556
315.00000 85.00000 30.00000 1.99351
320.00000 85.00000 30.00000 2.22708
325.00000 85.00000 30.00000 2.27667
330.00000 85.00000 30.00000 2.22603
335.00000 85.00000 30.00000 2.16288
340.00000 85.00000 30.00000 2.05719
345.00000 85.00000 30.00000 1.88048
350.00000 85.00000 30.00000 1.70412
355.00000 85.00000 30.00000 1.60739
0.00000 90.00000 30.00000 1.73122
5.00000 90.00000 30.00000 1.85813
10.00000 90.00000 30.00000 1.98977
15.00000 90.00000 30.00000 2.17921
20.00000 90.00000 30.00000 2.42771
25.00000 90.00000 30.00000 2.62127
30.00000 90.00000 30.00000 2.63930
35.00000 90.00000 30.00000 2.51806
40.00000 90.00000 30.00000 2.25584
45.00000 90.00000 30.00000 1.80828
50.00000 90.00000 30.00000 1.42581
55.00000 90.00000 30.00000 1.10232
60.00000 90.00000 30.00000 0.80979
65.00000 90.00000 30.00000 0.63111
70.00000 90.00000 30.00000 0.54052
75.00000 90.00000 30.00000 0.49437
80.00000 90.00000 30.00000 0.47554
85.00000 90.00000 30.00000 0.48060
90.00000 90.00000 30.00000 0.49363
95.00000 90.00000 30.00000 0.49363
100.00000 90.00000 30.00000 0.49350
105.00000 90.00000 30.00000 0.52765
110.00000 90.00000 30.00000 0.61297
115.00000 90.00000 30.00000 0.75155
120.00000 90.00000 30.00000 0.95517
125.00000 90.00000 30.00000 1.24849
130.00000 90.00000 30.00000 1.63429
135.00000 90.00000 30.00000 2.03260
140.00000 90.00000 30.00000 2.28716
145.00000 90.00000 30.00000 2.34404
150.00000 90.00000 30.00000 2.29106
155.00000 90.00000 30.00000 2.16463
160.00000 90.00000 30.00000 1.97675
165.00000 90.00000 30.00000 1.78878
170.00000 90.00000 30.00000 1.66151
175.00000 90.00000 30.00000 1.59557
180.00000 90.00000 30.00000 1.53491
185.00000 90.00000 30.00000 1.43956
190.00000 90.00000 30.00000 1.34021
195.00000 90.00000 30.00000 1.29323
200.00000 90.00000 30.00000 1.31968
205.00000 90.00000 30.00000 1.37815
210.00000 90.00000 30.00000 1.39338
215.00000 90.00000 30.00000 1.34659
220.00000 90.00000 30.00000 1.25967
225.00000 90.00000 30.00000 1.12426
230.00000 90.00000 30.00000 0.94598
235.00000 90.00000 30.00000 0.77138
240.00000 90.00000 30.00000 0.63999
245.00000 90.00000 30.00000 0.56224
250.00000 90.00000 30.00000 0.52670
255.00000 90.00000 30.00000 0.51732
260.00000 90.00000 30.00000 0.52772
265.00000 90.00000 30.00000 0.55309
270.00000 90.00000 30.00000 0.56661
275.00000 90.00000 30.00000 0.54488
280.00000 90.00000 30.00000 0.51062
285.00000 90.00000 30.00000 0.49773
290.00000 90.00000 30.00000 0.51488
295.00000 90.00000 30.00000 0.55789
300.00000 90.00000 30.00000 0.62477
305.00000 90.00000 30.00000 0.72120
310.00000 90.00000 30.00000 0.86009
315.00000 90.00000 30.00000 1.04148
320.00000 90.00000 30.00000 1.20972
325.00000 90.00000 30.00000 1.30879
330.00000 90.00000 30.00000 1.37641
335.00000 90.00000 30.00000 1.45947
340.00000 90.00000 30.00000 1.52288
345.00000 90.00000 30.00000 1.53208
350.00000 90.00000 30.00000 1.53814
355.00000 90.00000 30.00000 1.60781
0.00000 0.00000 35.00000 0.49143
5.00000 0.00000 35.00000 0.54557
10.00000 0.00000 35.00000 0.57547
15.00000 0.00000 35.00000 0.54641
20.00000 0.00000 35.00000 0.47081
25.00000 0.00000 35.00000 0.41292
30.00000 0.00000 35.00000 0.39105
35.00000 0.00000 35.00000 0.38546
40.00000 0.00000 35.00000 0.38361
45.00000 0.00000 35.00000 0.38832
50.00000 0.00000 35.00000 0.39978
55.00000 0.00000 35.00000 0.40177
60.00000 0.00000 35.00000 0.38220
65.00000 0.00000 35.00000 0.35700
70.00000 0.00000 35.00000 0.35101
75.00000 0.00000 35.00000 0.37178
80.00000 0.00000 35.00000 0.40854
85.00000 0.00000 35.00000 0.44692
90.00000 0.00000 35.00000 0.49143
95.00000 0.00000 35.00000 0.54557
100.00000 0.00000 35.00000 0.57547
105.00000 0.00000 35.00000 0.54641
110.00000 0.00000 35.00000 0.47081
115.00000 0.00000 35.00000 0.41292
120.00000 0.00000 35.00000 0.39105
125.00000 0.00000 35.00000 0.38546
130.00000 0.00000 35.00000 0.38361
135.00000 0.00000 35.00000 0.38832
140.00000 0.00000 35.00000 0.39978
145.00000 0.00000 35.00000 0.40177
150.00000 0.00000 35.00000 0.38220
155.00000 0.00000 35.00000 0.35700
160.00000 0.00000 35.00000 0.35101
165.00000 0.00000 35.00000 0.37178
170.00000 0.00000 35.00000 0.40854
175.00000 0.00000 35.00000 0.44692
180.00000 0.00000 35.00000 0.49143
185.00000 0.00000 35.00000 0.54557
190.00000 0.00000 35.00000 0.57547
195.00000 0.00000 35.00000 0.54641
200.00000 0.00000 35.00000 0.47081
205.00000 0.00000 35.00000 0.41292
210.00000 0.00000 35.00000 0.39105
215.00000 0.00000 35.00000 0.38546
220.00000 0.00000 35.00000 0.38361
225.00000 0.00000 35.00000 0.38832
230.00000 0.00000 35.00000 0.39978
235.00000 0.00000 35.00000 0.40177
240.00000 0.00000 35.00000 0.38220
245.00000 0.00000 35.00000 0.35700
250.00000 0.00000 35.00000 0.35101
255.00000 0.00000 35.00000 0.37178
260.00000 0.00000 35.00000 0.40854
265.00000 0.00000 35.00000 0.44692
270.00000 0.00000 35.00000 0.49143
275.00000 0.00000 35.00000 0.54557
280.00000 0.00000 35.00000 0.57547
285.00000 0.00000 35.00000 0.54641
290.00000 0.00000 35.00000 0.47081
295.00000 0.00000 35.00000 0.41292
300.00000 0.00000 35.00000 0.39105
305.00000 0.00000 35.00000 0.38546
310.00000 0.00000 35.00000 0.38361
315.00000 0.00000 35.00000 0.38832
320.00000 0.00000 35.00000 0.39978
325.00000 0.00000 35.00000 0.40177
330.00000 0.00000 35.00000 0.38220
335.00000 0.00000 35.00000 0.35700
340.00000 0.00000 35.00000 0.35101
345.00000 0.00000 35.00000 0.37178
350.00000 0.00000 35.00000 0.40854
355.00000 0.00000 35.00000 0.44692
0.00000 5.00000 35.00000 0.62807
5.00000 5.00000 35.00000 0.69917
10.00000 5.00000 35.00000 0.73749
15.00000 5.00000 35.00000 0.68871
20.00000 5.00000 35.00000 0.58994
25.00000 5.00000 35.00000 0.52249
30.00000 5.00000 35.00000 0.49999
35.00000 5.00000 35.00000 0.49537
40.00000 5.00000 35.00000 0.48971
45.00000 5.00000 35.00000 0.48390
50.00000 5.00000 35.00000 0.47927
55.00000 5.00000 35.00000 0.46135
60.00000 5.00000 35.00000 0.42228
65.00000 5.00000 35.00000 0.38096
70.00000 5.00000 35.00000 0.36171
75.00000 5.00000 35.00000 0.36963
80.00000 5.00000 35.00000 0.39368
85.00000 5.00000 35.00000 0.42206
90.00000 5.00000 35.00000 0.45855
95.00000 5.00000 35.00000 0.50506
100.00000 5.00000 35.00000 0.52961
105.00000 5.00000 35.00000 0.50121
110.00000 5.00000 35.00000 0.43555
115.00000 5.00000 35.00000 0.38493
120.00000 5.00000 35.00000 0.36376
125.00000 5.00000 35.00000 0.35696
130.00000 5.00000 35.00000 0.35509
135.00000 5.00000 35.00000 0.36023
140.00000 5.00000 35.00000 0.37332
145.00000 5.00000 35.00000 0.38253
150.00000 5.00000 35.00000 0.37599
155.00000 5.00000 35.00000 0.36221
160.00000 5.00000 35.00000 0.36131
165.00000 5.00000 35.00000 0.38275
170.00000 5.00000 35.00000 0.42056
175.00000 5.00000 35.00000 0.46412
180.00000 5.00000 35.00000 0.51428
185.00000 5.00000 35.00000 0.55540
190.00000 5.00000 35.00000 0.56613
195.00000 5.00000 35.00000 0.56024
200.00000 5.00000 35.00000 0.49766
205.00000 5.00000 35.00000 0.43203
210.00000 5.00000 35.00000 0.40023
215.00000 5.00000 35.00000 0.38547
220.00000 5.00000 35.00000 0.37621
225.00000 5.00000 35.00000 0.37643
230.00000 5.00000 35.00000 0.38711
235.00000 5.00000 35.00000 0.39187
240.00000 5.00000 35.00000 0.37561
245.00000 5.00000 35.00000 0.35053
250.00000 5.00000 35.00000 0.34087
255.00000 5.00000 35.00000 0.35568
260.00000 5.00000 35.00000 0.38645
265.00000 5.00000 35.00000 0.42034
270.00000 5.00000 35.00000 0.45916
275.00000 5.00000 35.00000 0.50328
280.00000 5.00000 35.00000 0.52657
285.00000 5.00000 35.00000 0.50708
290.00000 5.00000 35.00000 0.44892
295.00000 5.00000 35.00000 0.40502
300.00000 5.00000 35.00000 0.39487
305.00000 5.00000 35.00000 0.40414
310.00000 5.00000 35.00000 0.42278
315.00000 5.00000 35.00000 0.45298
320.00000 5.00000 35.00000 0.49167
325.00000 5.00000 35.00000 0.51316
330.00000 5.00000 35.00000 0.49707
335.00000 5.00000 35.00000 0.46592
340.00000 5.00000 35.00000 0.45833
345.00000 5.00000 35.00000 0.48501
350.00000 5.00000 35.00000 0.52916
355.00000 5.00000 35.00000 0.57373
0.00000 10.00000 35.00000 0.98372
5.00000 10.00000 35.00000 1.09187
10.00000 10.00000 35.00000 1.13550
15.00000 10.00000 35.00000 1.06635
20.00000 10.00000 35.00000 0.92154
25.00000 10.00000 35.00000 0.81387
30.00000 10.00000 35.00000 0.76345
35.00000 10.00000 35.00000 0.73070
40.00000 10.00000 35.00000 0.68808
45.00000 10.00000 35.00000 0.63938
50.00000 10.00000 35.00000 0.59482
55.00000 10.00000 35.00000 0.54365
60.00000 10.00000 35.00000 0.47545
65.00000 10.00000 35.00000 0.40737
70.00000 10.00000 35.00000 0.36480
75.00000 10.00000 35.00000 0.35205
80.00000 10.00000 35.00000 0.35783
85.00000 10.00000 35.00000 0.37194
90.00000 10.00000 35.00000 0.39495
95.00000 10.00000 35.00000 0.42692
100.00000 10.00000 35.00000 0.44495
105.00000 10.00000 35.00000 0.42370
110.00000 10.00000 35.00000 0.37913
115.00000 10.00000 35.00000 0.34645
120.00000 10.00000 35.00000 0.33498
125.00000 10.00000 35.00000 0.33818
130.00000 10.00000 35.00000 0.35255
135.00000 10.00000 35.00000 0.38036
140.00000 10.00000 35.00000 0.42109
145.00000 10.00000 35.00000 0.45989
150.00000 10.00000 35.00000 0.47754
155.00000 10.00000 35.00000 0.47878
160.00000 10.00000 35.00000 0.48836
165.00000 10.00000 35.00000 0.52007
170.00000 10.00000 35.00000 0.57006
175.00000 10.00000 35.00000 0.63229
180.00000 10.00000 35.00000 0.71138
185.00000 10.00000 35.00000 0.78976
190.00000 10.00000 35.00000 0.82595
195.00000 10.00000 35.00000 0.80397
200.00000 10.00000 35.00000 0.69967
205.00000 10.00000 35.00000 0.59546
210.00000 10.00000 35.00000 0.53579
215.00000 10.00000 35.00000 0.49915
220.00000 10.00000 35.00000 0.47046
225.00000 10.00000 35.00000 0.45447
230.00000 10.00000 35.00000 0.45094
235.00000 10.00000 35.00000 0.44023
240.00000 10.00000 35.00000 0.40698
245.00000 10.00000 35.00000 0.36555
250.00000 10.00000 35.00000 0.34062
255.00000 10.00000 35.00000 0.33983
260.00000 10.00000 35.00000 0.35569
265.00000 10.00000 35.00000 0.37817
270.00000 10.00000 35.00000 0.40539
275.00000 10.00000 35.00000 0.42886
280.00000 10.00000 35.00000 0.43341
285.00000 10.00000 35.00000 0.42892
290.00000 10.00000 35.00000 0.40125
295.00000 10.00000 35.00000 0.37675
300.00000 10.00000 35.00000 0.37769
305.00000 10.00000 35.00000 0.40017
310.00000 10.00000 35.00000 0.44071
315.00000 10.00000 35.00000 0.50213
320.00000 10.00000 35.00000 0.57970
325.00000 10.00000 35.00000 0.64288
330.00000 10.00000 35.00000 0.66141
335.00000 10.00000 35.00000 0.65456
340.00000 10.00000 35.00000 0.66972
345.00000 10.00000 35.00000 0.72389
350.00000 10.00000 35.00000 0.79989
355.00000 10.00000 35.00000 0.88234
0.00000 15.00000 35.00000 1.54233
5.00000 15.00000 35.00000 1.73030
10.00000 15.00000 35.00000 1.80100
15.00000 15.00000 35.00000 1.72558
20.00000 15.00000 35.00000 1.51011
25.00000 15.00000 35.00000 1.31198
30.00000 15.00000 35.00000 1.17120
35.00000 15.00000 35.00000 1.04726
40.00000 15.00000 35.00000 0.91598
45.00000 15.00000 35.00000 0.79068
50.00000 15.00000 35.00000 0.69188
55.00000 15.00000 35.00000 0.60575
60.00000 15.00000 35.00000 0.50980
65.00000 15.00000 35.00000 0.41759
70.00000 15.00000 35.00000 0.35704
75.00000 15.00000 35.00000 0.33149
80.00000 15.00000 35.00000 0.32703
85.00000 15.00000 35.00000 0.33196
90.00000 15.00000 35.00000 0.34320
95.00000 15.00000 35.00000 0.36054
100.00000 15.00000 35.00000 0.37106
105.00000 15.00000 35.00000 0.35883
110.00000 15.00000 35.00000 0.33385
115.00000 15.00000 35.00000 0.31689
120.00000 15.00000 35.00000 0.31450
125.00000 15.00000 35.00000 0.32681
130.00000 15.00000 35.00000 0.35696
135.00000 15.00000 35.00000 0.41148
140.00000 15.00000 35.00000 0.49062
145.00000 15.00000 35.00000 0.57279
150.00000 15.00000 35.00000 0.62699
155.00000 15.00000 35.00000 0.65629
160.00000 15.00000 35.00000 0.69586
165.00000 15.00000 35.00000 0.76374
170.00000 15.00000 35.00000 0.85254
175.00000 15.00000 35.00000 0.95785
180.00000 15.00000 35.00000 1.09285
185.00000 15.00000 35.00000 1.25480
190.00000 15.00000 35.00000 1.36257
195.00000 15.00000 35.00000 1.31057
200.00000 15.00000 35.00000 1.12722
205.00000 15.00000 35.00000 0.94974
210.00000 15.00000 35.00000 0.82909
215.00000 15.00000 35.00000 0.74076
220.00000 15.00000 35.00000 0.66804
225.00000 15.00000 35.00000 0.61421
230.00000 15.00000 35.00000 0.57630
235.00000 15.00000 35.00000 0.53009
240.00000 15.00000 35.00000 0.46215
245.00000 15.00000 35.00000 0.39344
250.00000 15.00000 35.00000 0.34957
255.00000 15.00000 35.00000 0.33388
260.00000 15.00000 35.00000 0.33627
265.00000 15.00000 35.00000 0.34690
270.00000 15.00000 35.00000 0.36157
275.00000 15.00000 35.00000 0.37272
280.00000 15.00000 35.00000 0.37105
285.00000 15.00000 35.00000 0.36888
290.00000 15.00000 35.00000 0.35498
295.00000 15.00000 35.00000 0.34183
300.00000 15.00000 35.00000 0.34515
305.00000 15.00000 35.00000 0.36632
310.00000 15.00000 35.00000 0.40719
315.00000 15.00000 35.00000 0.47314
320.00000 15.00000 35.00000 0.56331
325.00000 15.00000 35.00000 0.65645
330.00000 15.00000 35.00000 0.72713
335.00000 15.00000 35.00000 0.78249
340.00000 15.00000 35.00000 0.85845
345.00000 15.00000 35.00000 0.97788
350.00000 15.00000 35.00000 1.13737
355.00000 15.00000 35.00000 1.32566
0.00000 20.00000 35.00000 2.20165
5.00000 20.00000 35.00000 2.56638
10.00000 20.00000 35.00000 2.74489
15.00000 20.00000 35.00000 2.64456
20.00000 20.00000 35.00000 2.31232
25.00000 20.00000 35.00000 1.94866
30.00000 20.00000 35.00000 1.62219
35.00000 20.00000 35.00000 1.33405
40.00000 20.00000 35.00000 1.08267
45.00000 20.00000 35.00000 0.87766
50.00000 20.00000 35.00000 0.73213
55.00000 20.00000 35.00000 0.62119
60.00000 20.00000 35.00000 0.51046
65.00000 20.00000 35.00000 0.40922
70.00000 20.00000 35.00000 0.34396
75.00000 20.00000 35.00000 0.31562
80.00000 20.00000 35.00000 0.30843
85.00000 20.00000 35.00000 0.30876
90.00000 20.00000 35.00000 0.31141
95.00000 20.00000 35.00000 0.31682
100.00000 20.00000 35.00000 0.32032
105.00000 20.00000 35.00000 0.31408
110.00000 20.00000 35.00000 0.30265
115.00000 20.00000 35.00000 0.29612
120.00000 20.00000 35.00000 0.29860
125.00000 20.00000 35.00000 0.31256
130.00000 20.00000 35.00000 0.34501
135.00000 20.00000 35.00000 0.40781
140.00000 20.00000 35.00000 0.50571
145.00000 20.00000 35.00000 0.61766
150.00000 20.00000 35.00000 0.70750
155.00000 20.00000 35.00000 0.77487
160.00000 20.00000 35.00000 0.86495
165.00000 20.00000 35.00000 1.00783
170.00000 20.00000 35.00000 1.19283
175.00000 20.00000 35.00000 1.40078
180.00000 20.00000 35.00000 1.63775
185.00000 20.00000 35.00000 1.90198
190.00000 20.00000 35.00000 2.09551
195.00000 20.00000 35.00000 2.05961
200.00000 20.00000 35.00000 1.81142
205.00000 20.00000 35.00000 1.52954
210.00000 20.00000 35.00000 1.29483
215.00000 20.00000 35.00000 1.10402
220.00000 20.00000 35.00000 0.94586
225.00000 20.00000 35.00000 0.82006
230.00000 20.00000 35.00000 0.72194
235.00000 20.00000 35.00000 0.62649
240.00000 20.00000 35.00000 0.52010
245.00000 20.00000 35.00000 0.42511
250.00000 20.00000 35.00000 0.36482
255.00000 20.00000 35.00000 0.33780
260.00000 20.00000 35.00000 0.33080
265.00000 20.00000 35.00000 0.33124
270.00000 20.00000 35.00000 0.33391
275.00000 20.00000 35.00000 0.33763
280.00000 20.00000 35.00000 0.33726
285.00000 20.00000 35.00000 0.33043
290.00000 20.00000 35.00000 0.31827
295.00000 20.00000 35.00000 0.30978
300.00000 20.00000 35.00000 0.31045
305.00000 20.00000 35.00000 0.32137
310.00000 20.00000 35.00000 0.34578
315.00000 20.00000 35.00000 0.39047
320.00000 20.00000 35.00000 0.45966
325.00000 20.00000 35.00000 0.54769
330.00000 20.00000 35.00000 0.64598
335.00000 20.00000 35.00000 0.75760
340.00000 20.00000 35.00000 0.90339
345.00000 20.00000 35.00000 1.11571
350.00000 20.00000 35.00000 1.41556
355.00000 20.00000 35.00000 1.78909
0.00000 25.00000 35.00000 2.71464
5.00000 25.00000 35.00000 3.25444
10.00000 25.00000 35.00000 3.55707
15.00000 25.00000 35.00000 3.45531
20.00000 25.00000 35.00000 3.02313
25.00000 25.00000 35.00000 2.46587
30.00000 25.00000 35.00000 1.91527
35.00000 25.00000 35.00000 1.46032
40.00000 25.00000 35.00000 1.11841
45.00000 25.00000 35.00000 0.86967
50.00000 25.00000 35.00000 0.70356
55.00000 25.00000 35.00000 0.58757
60.00000 25.00000 35.00000 0.48342
65.00000 25.00000 35.00000 0.39249
70.00000 25.00000 35.00000 0.33409
75.00000 25.00000 35.00000 0.30821
80.00000 25.00000 35.00000 0.30069
85.00000 25.00000 35.00000 0.29828
90.00000 25.00000 35.00000 0.29518
95.00000 25.00000 35.00000 0.29313
100.00000 25.00000 35.00000 0.29176
105.00000 25.00000 35.00000 0.28776
110.00000 25.00000 35.00000 0.28322
115.00000 25.00000 35.00000 0.28206
120.00000 25.00000 35.00000 0.28564
125.00000 25.00000 35.00000 0.29566
130.00000 25.00000 35.00000 0.31853
135.00000 25.00000 35.00000 0.36663
140.00000 25.00000 35.00000 0.44895
145.00000 25.00000 35.00000 0.55592
150.00000 25.00000 35.00000 0.66251
155.00000 25.00000 35.00000 0.76528
160.00000 25.00000 35.00000 0.90917
165.00000 25.00000 35.00000 1.15015
170.00000 25.00000 35.00000 1.49217
175.00000 25.00000 35.00000 1.88933
180.00000 25.00000 35.00000 2.30630
185.00000 25.00000 35.00000 2.68304
190.00000 25.00000 35.00000 2.93680
195.00000 25.00000 35.00000 2.96665
200.00000 25.00000 35.00000 2.67782
205.00000 25.00000 35.00000 2.26061
210.00000 25.00000 35.00000 1.85657
215.00000 25.00000 35.00000 1.50697
220.00000 25.00000 35.00000 1.21619
225.00000 25.00000 35.00000 0.98587
230.00000 25.00000 35.00000 0.81693
235.00000 25.00000 35.00000 0.68130
240.00000 25.00000 35.00000 0.55541
245.00000 25.00000 35.00000 0.45047
250.00000 25.00000 35.00000 0.38228
255.00000 25.00000 35.00000 0.34799
260.00000 25.00000 35.00000 0.33458
265.00000 25.00000 35.00000 0.32743
270.00000 25.00000 35.00000 0.31995
275.00000 25.00000 35.00000 0.31444
280.00000 25.00000 35.00000 0.30980
285.00000 25.00000 35.00000 0.30227
290.00000 25.00000 35.00000 0.29373
295.00000 25.00000 35.00000 0.28797
300.00000 25.00000 35.00000 0.28620
305.00000 25.00000 35.00000 0.28901
310.00000 25.00000 35.00000 0.29876
315.00000 25.00000 35.00000 0.32077
320.00000 25.00000 35.00000 0.36099
325.00000 25.00000 35.00000 0.42343
330.00000 25.00000 35.00000 0.51341
335.00000 25.00000 35.00000 0.64089
340.00000 25.00000 35.00000 0.82717
345.00000 25.00000 35.00000 1.11809
350.00000 25.00000 35.00000 1.55596
355.00000 25.00000 35.00000 2.11483
0.00000 30.00000 35.00000 2.69521
5.00000 30.00000 35.00000 3.23775
10.00000 30.00000 35.00000 3.55867
15.00000 30.00000 35.00000 3.49456
20.00000 30.00000 35.00000 3.06650
25.00000 30.00000 35.00000 2.44539
30.00000 30.00000 35.00000 1.81796
35.00000 30.00000 35.00000 1.32841
40.00000 30.00000 35.00000 0.99025
45.00000 30.00000 35.00000 0.75854
50.00000 30.00000 35.00000 0.61011
55.00000 30.00000 35.00000 0.51510
60.00000 30.00000 35.00000 0.43871
65.00000 30.00000 35.00000 0.37360
70.00000 30.00000 35.00000 0.32991
75.00000 30.00000 35.00000 0.30876
80.00000 30.00000 35.00000 0.30094
85.00000 30.00000 35.00000 0.29577
90.00000 30.00000 35.00000 0.28904
95.00000 30.00000 35.00000 0.28328
100.00000 30.00000 35.00000 0.27926
105.00000 30.00000 35.00000 0.27544
110.00000 30.00000 35.00000 0.27303
115.00000 30.00000 35.00000 0.27345
120.00000 30.00000 35.00000 0.27638
125.00000 30.00000 35.00000 0.28199
130.00000 30.00000 35.00000 0.29376
135.00000 30.00000 35.00000 0.32041
140.00000 30.00000 35.00000 0.37180
145.00000 30.00000 35.00000 0.45046
150.00000 30.00000 35.00000 0.55063
155.00000 30.00000 35.00000 0.67204
160.00000 30.00000 35.00000 0.85350
165.00000 30.00000 35.00000 1.17330
170.00000 30.00000 35.00000 1.66175
175.00000 30.00000 35.00000 2.25922
180.00000 30.00000 35.00000 2.86813
185.00000 30.00000 35.00000 3.25672
190.00000 30.00000 35.00000 3.43384
195.00000 30.00000 35.00000 3.59970
200.00000 30.00000 35.00000 3.33264
205.00000 30.00000 35.00000 2.79952
210.00000 30.00000 35.00000 2.24561
215.00000 30.00000 35.00000 1.74781
220.00000 30.00000 35.00000 1.32856
225.00000 30.00000 35.00000 1.01042
230.00000 30.00000 35.00000 0.80182
235.00000 30.00000 35.00000 0.66232
240.00000 30.00000 35.00000 0.55151
245.00000 30.00000 35.00000 0.46221
250.00000 30.00000 35.00000 0.39951
255.00000 30.00000 35.00000 0.36357
260.00000 30.00000 35.00000 0.34577
265.00000 30.00000 35.00000 0.33299
270.00000 30.00000 35.00000 0.31952
275.00000 30.00000 35.00000 0.30792
280.00000 30.00000 35.00000 0.29893
285.00000 30.00000 35.00000 0.29009
290.00000 30.00000 35.00000 0.28278
295.00000 30.00000 35.00000 0.27768
300.00000 30.00000 35.00000 0.27467
305.00000 30.00000 35.00000 0.27399
310.00000 30.00000 35.00000 0.27661
315.00000 30.00000 35.00000 0.28538
320.00000 30.00000 35.00000 0.30502
325.00000 30.00000 35.00000 0.34208
330.00000 30.00000 35.00000 0.40726
335.00000 30.00000 35.00000 0.51645
340.00000 30.00000 35.00000 0.69675
345.00000 30.00000 35.00000 1.00099
350.00000 30.00000 35.00000 1.47393
355.00000 30.00000 35.00000 2.07371
0.00000 35.00000 35.00000 2.07444
5.00000 35.00000 35.00000 2.44960
10.00000 35.00000 35.00000 2.65819
15.00000 35.00000 35.00000 2.60449
20.00000 35.00000 35.00000 2.28174
25.00000 35.00000 35.00000 1.80236
30.00000 35.00000 35.00000 1.32898
35.00000 35.00000 35.00000 0.97691
40.00000 35.00000 35.00000 0.74337
45.00000 35.00000 35.00000 0.58670
50.00000 35.00000 35.00000 0.49031
55.00000 35.00000 35.00000 0.43475
60.00000 35.00000 35.00000 0.39503
65.00000 35.00000 35.00000 0.36010
70.00000 35.00000 35.00000 0.33334
75.00000 35.00000 35.00000 0.31755
80.00000 35.00000 35.00000 0.30907
85.00000 35.00000 35.00000 0.30096
90.00000 35.00000 35.00000 0.29137
95.00000 35.00000 35.00000 0.28340
100.00000 35.00000 35.00000 0.27743
105.00000 35.00000 35.00000 0.27269
110.00000 35.00000 35.00000 0.27029
115.00000 35.00000 35.00000 0.27049
120.00000 35.00000 35.00000 0.27242
125.00000 35.00000 35.00000 0.27540
130.00000 35.00000 35.00000 0.28069
135.00000 35.00000 35.00000 0.29296
140.00000 35.00000 35.00000 0.31953
145.00000 35.00000 35.00000 0.36739
150.00000 35.00000 35.00000 0.44238
155.00000 35.00000 35.00000 0.55108
160.00000 35.00000 35.00000 0.72460
165.00000 35.00000 35.00000 1.03841
170.00000 35.00000 35.00000 1.53472
175.00000 35.00000 35.00000 2.16045
180.00000 35.00000 35.00000 2.79801
185.00000 35.00000 35.00000 3.13756
190.00000 35.00000 35.00000 3.24403
195.00000 35.00000 35.00000 3.42239
200.00000 35.00000 35.00000 3.16509
205.00000 35.00000 35.00000 2.63566
210.00000 35.00000 35.00000 2.09029
215.00000 35.00000 35.00000 1.59449
220.00000 35.00000 35.00000 1.17308
225.00000 35.00000 35.00000 0.86822
230.00000 35.00000 35.00000 0.68871
235.00000 35.00000 35.00000 0.58808
240.00000 35.00000 35.00000 0.52045
245.00000 35.00000 35.00000 0.46552
250.00000 35.00000 35.00000 0.41990
255.00000 35.00000 35.00000 0.38713
260.00000 35.00000 35.00000 0.36669
265.00000 35.00000 35.00000 0.34985
270.00000 35.00000 35.00000 0.33263
275.00000 35.00000 35.00000 0.31799
280.00000 35.00000 35.00000 0.30495
285.00000 35.00000 35.00000 0.29327
290.00000 35.00000 35.00000 0.28496
295.00000 35.00000 35.00000 0.27868
300.00000 35.00000 35.00000 0.27437
305.00000 35.00000 35.00000 0.27240
310.00000 35.00000 35.00000 0.27258
315.00000 35.00000 35.00000 0.27586
320.00000 35.00000 35.00000 0.28478
325.00000 35.00000 35.00000 0.30415
330.00000 35.00000 35.00000 0.34332
335.00000 35.00000 35.00000 0.41707
340.00000 35.00000 35.00000 0.54961
345.00000 35.00000 35.00000 0.78599
350.00000 35.00000 35.00000 1.15770
355.00000 35.00000 35.00000 1.61849
0.00000 40.00000 35.00000 1.29574
5.00000 40.00000 35.00000 1.47336
10.00000 40.00000 35.00000 1.52799
15.00000 40.00000 35.00000 1.47250
20.00000 40.00000 35.00000 1.29082
25.00000 40.00000 35.00000 1.02790
30.00000 40.00000 35.00000 0.78337
35.00000 40.00000 35.00000 0.61390
40.00000 40.00000 35.00000 0.50679
45.00000 40.00000 35.00000 0.43727
50.00000 40.00000 35.00000 0.39805
55.00000 40.00000 35.00000 0.38076
60.00000 40.00000 35.00000 0.37185
65.00000 40.00000 35.00000 0.36114
70.00000 40.00000 35.00000 0.34789
75.00000 40.00000 35.00000 0.33519
80.00000 40.00000 35.00000 0.32330
85.00000 40.00000 35.00000 0.31161
90.00000 40.00000 35.00000 0.30087
95.00000 40.00000 35.00000 0.29182
100.00000 40.00000 35.00000 0.28336
105.00000 40.00000 35.00000 0.27730
110.00000 40.00000 35.00000 0.27536
115.00000 40.00000 35.00000 0.27598
120.00000 40.00000 35.00000 0.27776
125.00000 40.00000 35.00000 0.28001
130.00000 40.00000 35.00000 0.28298
135.00000 40.00000 35.00000 0.28872
140.00000 40.00000 35.00000 0.30098
145.00000 40.00000 35.00000 0.32482
150.00000 40.00000 35.00000 0.36712
155.00000 40.00000 35.00000 0.43573
160.00000 40.00000 35.00000 0.55117
165.00000 40.00000 35.00000 0.76174
170.00000 40.00000 35.00000 1.10045
175.00000 40.00000 35.00000 1.53958
180.00000 40.00000 35.00000 2.00363
185.00000 40.00000 35.00000 2.27134
190.00000 40.00000 35.00000 2.31623
195.00000 40.00000 35.00000 2.36596
200.00000 40.00000 35.00000 2.16881
205.00000 40.00000 35.00000 1.80002
210.00000 40.00000 35.00000 1.43365
215.00000 40.00000 35.00000 1.10980
220.00000 40.00000 35.00000 0.83779
225.00000 40.00000 35.00000 0.64973
230.00000 40.00000 35.00000 0.55079
235.00000 40.00000 35.00000 0.50775
240.00000 40.00000 35.00000 0.48823
245.00000 40.00000 35.00000 0.47147
250.00000 40.00000 35.00000 0.44657
255.00000 40.00000 35.00000 0.41521
260.00000 40.00000 35.00000 0.39122
265.00000 40.00000 35.00000 0.37309
270.00000 40.00000 35.00000 0.35597
275.00000 40.00000 35.00000 0.34184
280.00000 40.00000 35.00000 0.32551
285.00000 40.00000 35.00000 0.31192
290.00000 40.00000 35.00000 0.30450
295.00000 40.00000 35.00000 0.29785
300.00000 40.00000 35.00000 0.29203
305.00000 40.00000 35.00000 0.28842
310.00000 40.00000 35.00000 0.28670
315.00000 40.00000 35.00000 0.28649
320.00000 40.00000 35.00000 0.28883
325.00000 40.00000 35.00000 0.29616
330.00000 40.00000 35.00000 0.31469
335.00000 40.00000 35.00000 0.35371
340.00000 40.00000 35.00000 0.42683
345.00000 40.00000 35.00000 0.56286
350.00000 40.00000 35.00000 0.78091
355.00000 40.00000 35.00000 1.04530
0.00000 45.00000 35.00000 0.73745
5.00000 45.00000 35.00000 0.80645
10.00000 45.00000 35.00000 0.79638
15.00000 45.00000 35.00000 0.75142
20.00000 45.00000 35.00000 0.66449
25.00000 45.00000 35.00000 0.55235
30.00000 45.00000 35.00000 0.45857
35.00000 45.00000 35.00000 0.40167
40.00000 45.00000 35.00000 0.37083
45.00000 45.00000 35.00000 0.35496
50.00000 45.00000 35.00000 0.35190
55.00000 45.00000 35.00000 0.35934
60.00000 45.00000 35.00000 0.37187
65.00000 45.00000 35.00000 0.37697
70.00000 45.00000 35.00000 0.37088
75.00000 45.00000 35.00000 0.35584
80.00000 45.00000 35.00000 0.33482
85.00000 45.00000 35.00000 0.31792
90.00000 45.00000 35.00000 0.30840
95.00000 45.00000 35.00000 0.30183
100.00000 45.00000 35.00000 0.29535
105.00000 45.00000 35.00000 0.29234
110.00000 45.00000 35.00000 0.29533
115.00000 45.00000 35.00000 0.30130
120.00000 45.00000 35.00000 0.30761
125.00000 45.00000 35.00000 0.31271
130.00000 45.00000 35.00000 0.31345
135.00000 45.00000 35.00000 0.31184
140.00000 45.00000 35.00000 0.31222
145.00000 45.00000 35.00000 0.31773
150.00000 45.00000 35.00000 0.33168
155.00000 45.00000 35.00000 0.35893
160.00000 45.00000 35.00000 0.40894
165.00000 45.00000 35.00000 0.50181
170.00000 45.00000 35.00000 0.65026
175.00000 45.00000 35.00000 0.85401
180.00000 45.00000 35.00000 1.09647
185.00000 45.00000 35.00000 1.25449
190.00000 45.00000 35.00000 1.23459
195.00000 45.00000 35.00000 1.21615
200.00000 45.00000 35.00000 1.12629
205.00000 45.00000 35.00000 0.94928
210.00000 45.00000 35.00000 0.78233
215.00000 45.00000 35.00000 0.64618
220.00000 45.00000 35.00000 0.53830
225.00000 45.00000 35.00000 0.46961
230.00000 45.00000 35.00000 0.44423
235.00000 45.00000 35.00000 0.44890
240.00000 45.00000 35.00000 0.46473
245.00000 45.00000 35.00000 0.47633
250.00000 45.00000 35.00000 0.46691
255.00000 45.00000 35.00000 0.42853
260.00000 45.00000 35.00000 0.39709
265.00000 45.00000 35.00000 0.38288
270.00000 45.00000 35.00000 0.37309
275.00000 45.00000 35.00000 0.36756
280.00000 45.00000 35.00000 0.35949
285.00000 45.00000 35.00000 0.35586
290.00000 45.00000 35.00000 0.35908
295.00000 45.00000 35.00000 0.36048
300.00000 45.00000 35.00000 0.35741
305.00000 45.00000 35.00000 0.35218
310.00000 45.00000 35.00000 0.34327
315.00000 45.00000 35.00000 0.33152
320.00000 45.00000 35.00000 0.32117
325.00000 45.00000 35.00000 0.31327
330.00000 45.00000 35.00000 0.31339
335.00000 45.00000 35.00000 0.32687
340.00000 45.00000 35.00000 0.35573
345.00000 45.00000 35.00000 0.41462
350.00000 45.00000 35.00000 0.51359
355.00000 45.00000 35.00000 0.62867
0.00000 50.00000 35.00000 0.44773
5.00000 50.00000 35.00000 0.47523
10.00000 50.00000 35.00000 0.47263
15.00000 50.00000 35.00000 0.44670
20.00000 50.00000 35.00000 0.40515
25.00000 50.00000 35.00000 0.36361
30.00000 50.00000 35.00000 0.33421
35.00000 50.00000 35.00000 0.32037
40.00000 50.00000 35.00000 0.31671
45.00000 50.00000 35.00000 0.32018
50.00000 50.00000 35.00000 0.33047
55.00000 50.00000 35.00000 0.34887
60.00000 50.00000 35.00000 0.37182
65.00000 50.00000 35.00000 0.38345
70.00000 50.00000 35.00000 0.37777
75.00000 50.00000 35.00000 0.35945
80.00000 50.00000 35.00000 0.33550
85.00000 50.00000 35.00000 0.31796
90.00000 50.00000 35.00000 0.31022
95.00000 50.00000 35.00000 0.30991
100.00000 50.00000 35.00000 0.31411
105.00000 50.00000 35.00000 0.32482
110.00000 50.00000 35.00000 0.34643
115.00000 50.00000 35.00000 0.37186
120.00000 50.00000 35.00000 0.39452
125.00000 50.00000 35.00000 0.41264
130.00000 50.00000 35.00000 0.40331
135.00000 50.00000 35.00000 0.37673
140.00000 50.00000 35.00000 0.35464
145.00000 50.00000 35.00000 0.33967
150.00000 50.00000 35.00000 0.32776
155.00000 50.00000 35.00000 0.32551
160.00000 50.00000 35.00000 0.33507
165.00000 50.00000 35.00000 0.36127
170.00000 50.00000 35.00000 0.40441
175.00000 50.00000 35.00000 0.46786
180.00000 50.00000 35.00000 0.55703
185.00000 50.00000 35.00000 0.62621
190.00000 50.00000 35.00000 0.62047
195.00000 50.00000 35.00000 0.59546
200.00000 50.00000 35.00000 0.55428
205.00000 50.00000 35.00000 0.48819
210.00000 50.00000 35.00000 0.43528
215.00000 50.00000 35.00000 0.39958
220.00000 50.00000 35.00000 0.37456
225.00000 50.00000 35.00000 0.36329
230.00000 50.00000 35.00000 0.37264
235.00000 50.00000 35.00000 0.40018
240.00000 50.00000 35.00000 0.43139
245.00000 50.00000 35.00000 0.45082
250.00000 50.00000 35.00000 0.44843
255.00000 50.00000 35.00000 0.41592
260.00000 50.00000 35.00000 0.38747
265.00000 50.00000 35.00000 0.37807
270.00000 50.00000 35.00000 0.37819
275.00000 50.00000 35.00000 0.38764
280.00000 50.00000 35.00000 0.40341
285.00000 50.00000 35.00000 0.43284
290.00000 50.00000 35.00000 0.47588
295.00000 50.00000 35.00000 0.51621
300.00000 50.00000 35.00000 0.53318
305.00000 50.00000 35.00000 0.52689
310.00000 50.00000 35.00000 0.49489
315.00000 50.00000 35.00000 0.44797
320.00000 50.00000 35.00000 0.40975
325.00000 50.00000 35.00000 0.37092
330.00000 50.00000 35.00000 0.33972
335.00000 50.00000 35.00000 0.32649
340.00000 50.00000 35.00000 0.32694
345.00000 50.00000 35.00000 0.34352
350.00000 50.00000 35.00000 0.37685
355.00000 50.00000 35.00000 0.41240
0.00000 55.00000 35.00000 0.34252
5.00000 55.00000 35.00000 0.35238
10.00000 55.00000 35.00000 0.35158
15.00000 55.00000 35.00000 0.33918
20.00000 55.00000 35.00000 0.32245
25.00000 55.00000 35.00000 0.30810
30.00000 55.00000 35.00000 0.29793
35.00000 55.00000 35.00000 0.29523
40.00000 55.00000 35.00000 0.29754
45.00000 55.00000 35.00000 0.30550
50.00000 55.00000 35.00000 0.31809
55.00000 55.00000 35.00000 0.33531
60.00000 55.00000 35.00000 0.35237
65.00000 55.00000 35.00000 0.35812
70.00000 55.00000 35.00000 0.34962
75.00000 55.00000 35.00000 0.33384
80.00000 55.00000 35.00000 0.31841
85.00000 55.00000 35.00000 0.30861
90.00000 55.00000 35.00000 0.30821
95.00000 55.00000 35.00000 0.31964
100.00000 55.00000 35.00000 0.34313
105.00000 55.00000 35.00000 0.38339
110.00000 55.00000 35.00000 0.44640
115.00000 55.00000 35.00000 0.51131
120.00000 55.00000 35.00000 0.57162
125.00000 55.00000 35.00000 0.62436
130.00000 55.00000 35.00000 0.59072
135.00000 55.00000 35.00000 0.50755
140.00000 55.00000 35.00000 0.44214
145.00000 55.00000 35.00000 0.39280
150.00000 55.00000 35.00000 0.34821
155.00000 55.00000 35.00000 0.32127
160.00000 55.00000 35.00000 0.30887
165.00000 55.00000 35.00000 0.30830
170.00000 55.00000 35.00000 0.31818
175.00000 55.00000 35.00000 0.33635
180.00000 55.00000 35.00000 0.36157
185.00000 55.00000 35.00000 0.38098
190.00000 55.00000 35.00000 0.37932
195.00000 55.00000 35.00000 0.36514
200.00000 55.00000 35.00000 0.34871
205.00000 55.00000 35.00000 0.32907
210.00000 55.00000 35.00000 0.31567
215.00000 55.00000 35.00000 0.31026
220.00000 55.00000 35.00000 0.30797
225.00000 55.00000 35.00000 0.31061
230.00000 55.00000 35.00000 0.32580
235.00000 55.00000 35.00000 0.34943
240.00000 55.00000 35.00000 0.37258
245.00000 55.00000 35.00000 0.38550
250.00000 55.00000 35.00000 0.38392
255.00000 55.00000 35.00000 0.36914
260.00000 55.00000 35.00000 0.35712
265.00000 55.00000 35.00000 0.35711
270.00000 55.00000 35.00000 0.37176
275.00000 55.00000 35.00000 0.40368
280.00000 55.00000 35.00000 0.45557
285.00000 55.00000 35.00000 0.54167
290.00000 55.00000 35.00000 0.66190
295.00000 55.00000 35.00000 0.78813
300.00000 55.00000 35.00000 0.86986
305.00000 55.00000 35.00000 0.87528
310.00000 55.00000 35.00000 0.79584
315.00000 55.00000 35.00000 0.68320
320.00000 55.00000 35.00000 0.59141
325.00000 55.00000 35.00000 0.49278
330.00000 55.00000 35.00000 0.40693
335.00000 55.00000 35.00000 0.35310
340.00000 55.00000 35.00000 0.32495
345.00000 55.00000 35.00000 0.31569
350.00000 55.00000 35.00000 0.32036
355.00000 55.00000 35.00000 0.33045
0.00000 60.00000 35.00000 0.32525
5.00000 60.00000 35.00000 0.32958
10.00000 60.00000 35.00000 0.32719
15.00000 60.00000 35.00000 0.31802
20.00000 60.00000 35.00000 0.30770
25.00000 60.00000 35.00000 0.29862
30.00000 60.00000 35.00000 0.29175
35.00000 60.00000 35.00000 0.29039
40.00000 60.00000 35.00000 0.29112
45.00000 60.00000 35.00000 0.29668
50.00000 60.00000 35.00000 0.30541
55.00000 60.00000 35.00000 0.31467
60.00000 60.00000 35.00000 0.32100
65.00000 60.00000 35.00000 0.32063
70.00000 60.00000 35.00000 0.31383
75.00000 60.00000 35.00000 0.30488
80.00000 60.00000 35.00000 0.29838
85.00000 60.00000 35.00000 0.29681
90.00000 60.00000 35.00000 0.30526
95.00000 60.00000 35.00000 0.33096
100.00000 60.00000 35.00000 0.38125
105.00000 60.00000 35.00000 0.46855
110.00000 60.00000 35.00000 0.59215
115.00000 60.00000 35.00000 0.71932
120.00000 60.00000 35.00000 0.84284
125.00000 60.00000 35.00000 0.93068
130.00000 60.00000 35.00000 0.88413
135.00000 60.00000 35.00000 0.74795
140.00000 60.00000 35.00000 0.60931
145.00000 60.00000 35.00000 0.49038
150.00000 60.00000 35.00000 0.39806
155.00000 60.00000 35.00000 0.34214
160.00000 60.00000 35.00000 0.31224
165.00000 60.00000 35.00000 0.29866
170.00000 60.00000 35.00000 0.29680
175.00000 60.00000 35.00000 0.30166
180.00000 60.00000 35.00000 0.30916
185.00000 60.00000 35.00000 0.31447
190.00000 60.00000 35.00000 0.31291
195.00000 60.00000 35.00000 0.30577
200.00000 60.00000 35.00000 0.29835
205.00000 60.00000 35.00000 0.29021
210.00000 60.00000 35.00000 0.28513
215.00000 60.00000 35.00000 0.28414
220.00000 60.00000 35.00000 0.28373
225.00000 60.00000 35.00000 0.28627
230.00000 60.00000 35.00000 0.29533
235.00000 60.00000 35.00000 0.30699
240.00000 60.00000 35.00000 0.31843
245.00000 60.00000 35.00000 0.32493
250.00000 60.00000 35.00000 0.32426
255.00000 60.00000 35.00000 0.32064
260.00000 60.00000 35.00000 0.32173
265.00000 60.00000 35.00000 0.33300
270.00000 60.00000 35.00000 0.36190
275.00000 60.00000 35.00000 0.41655
280.00000 60.00000 35.00000 0.50996
285.00000 60.00000 35.00000 0.66745
290.00000 60.00000 35.00000 0.88540
295.00000 60.00000 35.00000 1.12884
300.00000 60.00000 35.00000 1.32414
305.00000 60.00000 35.00000 1.35740
310.00000 60.00000 35.00000 1.26127
315.00000 60.00000 35.00000 1.10502
320.00000 60.00000 35.00000 0.91457
325.00000 60.00000 35.00000 0.71568
330.00000 60.00000 35.00000 0.54997
335.00000 60.00000 35.00000 0.43424
340.00000 60.00000 35.00000 0.36264
345.00000 60.00000 35.00000 0.32757
350.00000 60.00000 35.00000 0.31747
355.00000 60.00000 35.00000 0.31939
0.00000 65.00000 35.00000 0.38264
5.00000 65.00000 35.00000 0.37933
10.00000 65.00000 35.00000 0.36646
15.00000 65.00000 35.00000 0.34747
20.00000 65.00000 35.00000 0.33196
25.00000 65.00000 35.00000 0.32013
30.00000 65.00000 35.00000 0.31117
35.00000 65.00000 35.00000 0.30557
40.00000 65.00000 35.00000 0.29949
45.00000 65.00000 35.00000 0.29781
50.00000 65.00000 35.00000 0.29865
55.00000 65.00000 35.00000 0.29876
60.00000 65.00000 35.00000 0.29786
65.00000 65.00000 35.00000 0.29582
70.00000 65.00000 35.00000 0.29273
75.00000 65.00000 35.00000 0.28999
80.00000 65.00000 35.00000 0.28969
85.00000 65.00000 35.00000 0.29458
90.00000 65.00000 35.00000 0.31158
95.00000 65.00000 35.00000 0.35040
100.00000 65.00000 35.00000 0.42591
105.00000 65.00000 35.00000 0.56098
110.00000 65.00000 35.00000 0.75324
115.00000 65.00000 35.00000 0.95770
120.00000 65.00000 35.00000 1.13786
125.00000 65.00000 35.00000 1.23467
130.00000 65.00000 35.00000 1.20528
135.00000 65.00000 35.00000 1.07440
140.00000 65.00000 35.00000 0.87434
145.00000 65.00000 35.00000 0.67031
150.00000 65.00000 35.00000 0.51471
155.00000 65.00000 35.00000 0.41958
160.00000 65.00000 35.00000 0.36422
165.00000 65.00000 35.00000 0.33426
170.00000 65.00000 35.00000 0.32247
175.00000 65.00000 35.00000 0.32091
180.00000 65.00000 35.00000 0.32211
185.00000 65.00000 35.00000 0.32110
190.00000 65.00000 35.00000 0.31659
195.00000 65.00000 35.00000 0.30890
200.00000 65.00000 35.00000 0.29996
205.00000 65.00000 35.00000 0.29138
210.00000 65.00000 35.00000 0.28587
215.00000 65.00000 35.00000 0.28201
220.00000 65.00000 35.00000 0.27822
225.00000 65.00000 35.00000 0.27692
230.00000 65.00000 35.00000 0.27944
235.00000 65.00000 35.00000 0.28370
240.00000 65.00000 35.00000 0.28825
245.00000 65.00000 35.00000 0.29134
250.00000 65.00000 35.00000 0.29290
255.00000 65.00000 35.00000 0.29628
260.00000 65.00000 35.00000 0.30591
265.00000 65.00000 35.00000 0.32676
270.00000 65.00000 35.00000 0.36705
275.00000 65.00000 35.00000 0.43771
280.00000 65.00000 35.00000 0.56329
285.00000 65.00000 35.00000 0.78381
290.00000 65.00000 35.00000 1.10083
295.00000 65.00000 35.00000 1.47655
300.00000 65.00000 35.00000 1.78916
305.00000 65.00000 35.00000 1.84143
310.00000 65.00000 35.00000 1.81197
315.00000 65.00000 35.00000 1.72275
320.00000 65.00000 35.00000 1.44774
325.00000 65.00000 35.00000 1.13799
330.00000 65.00000 35.00000 0.87118
335.00000 65.00000 35.00000 0.66004
340.00000 65.00000 35.00000 0.50934
345.00000 65.00000 35.00000 0.42504
350.00000 65.00000 35.00000 0.39147
355.00000 65.00000 35.00000 0.38315
0.00000 70.00000 35.00000 0.57672
5.00000 70.00000 35.00000 0.54871
10.00000 70.00000 35.00000 0.50848
15.00000 70.00000 35.00000 0.47072
20.00000 70.00000 35.00000 0.44633
25.00000 70.00000 35.00000 0.42462
30.00000 70.00000 35.00000 0.40296
35.00000 70.00000 35.00000 0.37889
40.00000 70.00000 35.00000 0.35016
45.00000 70.00000 35.00000 0.33022
50.00000 70.00000 35.00000 0.31747
55.00000 70.00000 35.00000 0.30570
60.00000 70.00000 35.00000 0.29684
65.00000 70.00000 35.00000 0.29249
70.00000 70.00000 35.00000 0.29113
75.00000 70.00000 35.00000 0.29245
80.00000 70.00000 35.00000 0.29745
85.00000 70.00000 35.00000 0.30996
90.00000 70.00000 35.00000 0.33740
95.00000 70.00000 35.00000 0.38791
100.00000 70.00000 35.00000 0.47985
105.00000 70.00000 35.00000 0.64612
110.00000 70.00000 35.00000 0.88736
115.00000 70.00000 35.00000 1.15264
120.00000 70.00000 35.00000 1.38532
125.00000 70.00000 35.00000 1.52503
130.00000 70.00000 35.00000 1.55890
135.00000 70.00000 35.00000 1.49349
140.00000 70.00000 35.00000 1.29667
145.00000 70.00000 35.00000 1.03541
150.00000 70.00000 35.00000 0.81333
155.00000 70.00000 35.00000 0.66376
160.00000 70.00000 35.00000 0.56109
165.00000 70.00000 35.00000 0.49145
170.00000 70.00000 35.00000 0.45330
175.00000 70.00000 35.00000 0.43480
180.00000 70.00000 35.00000 0.41919
185.00000 70.00000 35.00000 0.39804
190.00000 70.00000 35.00000 0.37704
195.00000 70.00000 35.00000 0.35877
200.00000 70.00000 35.00000 0.34286
205.00000 70.00000 35.00000 0.32695
210.00000 70.00000 35.00000 0.31213
215.00000 70.00000 35.00000 0.29879
220.00000 70.00000 35.00000 0.28696
225.00000 70.00000 35.00000 0.28008
230.00000 70.00000 35.00000 0.27778
235.00000 70.00000 35.00000 0.27759
240.00000 70.00000 35.00000 0.27860
245.00000 70.00000 35.00000 0.28092
250.00000 70.00000 35.00000 0.28562
255.00000 70.00000 35.00000 0.29516
260.00000 70.00000 35.00000 0.31337
265.00000 70.00000 35.00000 0.34598
270.00000 70.00000 35.00000 0.39874
275.00000 70.00000 35.00000 0.47960
280.00000 70.00000 35.00000 0.61996
285.00000 70.00000 35.00000 0.87126
290.00000 70.00000 35.00000 1.24461
295.00000 70.00000 35.00000 1.70188
300.00000 70.00000 35.00000 2.14869
305.00000 70.00000 35.00000 2.37209
310.00000 70.00000 35.00000 2.46100
315.00000 70.00000 35.00000 2.49080
320.00000 70.00000 35.00000 2.24662
325.00000 70.00000 35.00000 1.88173
330.00000 70.00000 35.00000 1.52455
335.00000 70.00000 35.00000 1.19549
340.00000 70.00000 35.00000 0.91939
345.00000 70.00000 35.00000 0.73840
350.00000 70.00000 35.00000 0.64480
355.00000 70.00000 35.00000 0.60224
0.00000 75.00000 35.00000 1.03076
5.00000 75.00000 35.00000 0.95409
10.00000 75.00000 35.00000 0.87199
15.00000 75.00000 35.00000 0.82087
20.00000 75.00000 35.00000 0.80140
25.00000 75.00000 35.00000 0.77736
30.00000 75.00000 35.00000 0.72930
35.00000 75.00000 35.00000 0.65426
40.00000 75.00000 35.00000 0.54466
45.00000 75.00000 35.00000 0.45599
50.00000 75.00000 35.00000 0.40660
55.00000 75.00000 35.00000 0.36560
60.00000 75.00000 35.00000 0.33418
65.00000 75.00000 35.00000 0.31789
70.00000 75.00000 35.00000 0.31324
75.00000 75.00000 35.00000 0.31716
80.00000 75.00000 35.00000 0.32964
85.00000 75.00000 35.00000 0.35335
90.00000 75.00000 35.00000 0.39326
95.00000 75.00000 35.00000 0.45205
100.00000 75.00000 35.00000 0.54974
105.00000 75.00000 35.00000 0.72458
110.00000 75.00000 35.00000 0.97986
115.00000 75.00000 35.00000 1.27552
120.00000 75.00000 35.00000 1.56713
125.00000 75.00000 35.00000 1.81697
130.00000 75.00000 35.00000 1.99442
135.00000 75.00000 35.00000 2.07436
140.00000 75.00000 35.00000 1.98584
145.00000 75.00000 35.00000 1.74941
150.00000 75.00000 35.00000 1.49522
155.00000 75.00000 35.00000 1.28247
160.00000 75.00000 35.00000 1.09394
165.00000 75.00000 35.00000 0.93979
170.00000 75.00000 35.00000 0.83768
175.00000 75.00000 35.00000 0.77163
180.00000 75.00000 35.00000 0.70629
185.00000 75.00000 35.00000 0.62873
190.00000 75.00000 35.00000 0.55914
195.00000 75.00000 35.00000 0.50933
200.00000 75.00000 35.00000 0.47378
205.00000 75.00000 35.00000 0.43637
210.00000 75.00000 35.00000 0.39836
215.00000 75.00000 35.00000 0.36558
220.00000 75.00000 35.00000 0.33660
225.00000 75.00000 35.00000 0.31328
230.00000 75.00000 35.00000 0.29930
235.00000 75.00000 35.00000 0.29169
240.00000 75.00000 35.00000 0.28809
245.00000 75.00000 35.00000 0.28955
250.00000 75.00000 35.00000 0.29821
255.00000 75.00000 35.00000 0.31617
260.00000 75.00000 35.00000 0.34650
265.00000 75.00000 35.00000 0.39488
270.00000 75.00000 35.00000 0.46178
275.00000 75.00000 35.00000 0.54673
280.00000 75.00000 35.00000 0.68097
285.00000 75.00000 35.00000 0.92196
290.00000 75.00000 35.00000 1.28024
295.00000 75.00000 35.00000 1.72085
300.00000 75.00000 35.00000 2.21487
305.00000 75.00000 35.00000 2.64129
310.00000 75.00000 35.00000 2.92965
315.00000 75.00000 35.00000 3.17108
320.00000 75.00000 35.00000 3.15463
325.00000 75.00000 35.00000 2.87793
330.00000 75.00000 35.00000 2.51330
335.00000 75.00000 35.00000 2.11610
340.00000 75.00000 35.00000 1.72828
345.00000 75.00000 35.00000 1.42134
350.00000 75.00000 35.00000 1.22096
355.00000 75.00000 35.00000 1.10714
0.00000 80.00000 35.00000 1.80387
5.00000 80.00000 35.00000 1.69718
10.00000 80.00000 35.00000 1.60215
15.00000 80.00000 35.00000 1.58358
20.00000 80.00000 35.00000 1.62141
25.00000 80.00000 35.00000 1.62696
30.00000 80.00000 35.00000 1.54170
35.00000 80.00000 35.00000 1.36690
40.00000 80.00000 35.00000 1.08324
45.00000 80.00000 35.00000 0.83285
50.00000 80.00000 35.00000 0.68303
55.00000 80.00000 35.00000 0.55529
60.00000 80.00000 35.00000 0.45523
65.00000 80.00000 35.00000 0.39914
70.00000 80.00000 35.00000 0.37738
75.00000 80.00000 35.00000 0.38021
80.00000 80.00000 35.00000 0.40206
85.00000 80.00000 35.00000 0.43920
90.00000 80.00000 35.00000 0.48772
95.00000 80.00000 35.00000 0.54271
100.00000 80.00000 35.00000 0.62575
105.00000 80.00000 35.00000 0.77868
110.00000 80.00000 35.00000 1.01268
115.00000 80.00000 35.00000 1.31310
120.00000 80.00000 35.00000 1.66325
125.00000 80.00000 35.00000 2.05417
130.00000 80.00000 35.00000 2.44145
135.00000 80.00000 35.00000 2.74885
140.00000 80.00000 35.00000 2.87777
145.00000 80.00000 35.00000 2.79731
150.00000 80.00000 35.00000 2.60749
155.00000 80.00000 35.00000 2.35377
160.00000 80.00000 35.00000 2.05547
165.00000 80.00000 35.00000 1.78410
170.00000 80.00000 35.00000 1.59186
175.00000 80.00000 35.00000 1.45460
180.00000 80.00000 35.00000 1.31258
185.00000 80.00000 35.00000 1.14520
190.00000 80.00000 35.00000 0.98843
195.00000 80.00000 35.00000 0.87697
200.00000 80.00000 35.00000 0.80226
205.00000 80.00000 35.00000 0.72804
210.00000 80.00000 35.00000 0.65291
215.00000 80.00000 35.00000 0.58866
220.00000 80.00000 35.00000 0.52644
225.00000 80.00000 35.00000 0.45483
230.00000 80.00000 35.00000 0.39912
235.00000 80.00000 35.00000 0.36353
240.00000 80.00000 35.00000 0.34190
245.00000 80.00000 35.00000 0.33512
250.00000 80.00000 35.00000 0.34515
255.00000 80.00000 35.00000 0.37212
260.00000 80.00000 35.00000 0.41656
265.00000 80.00000 35.00000 0.47969
270.00000 80.00000 35.00000 0.55273
275.00000 80.00000 35.00000 0.62527
280.00000 80.00000 35.00000 0.72581
285.00000 80.00000 35.00000 0.90707
290.00000 80.00000 35.00000 1.17764
295.00000 80.00000 35.00000 1.51650
300.00000 80.00000 35.00000 1.93731
305.00000 80.00000 35.00000 2.40797
310.00000 80.00000 35.00000 2.84223
315.00000 80.00000 35.00000 3.29451
320.00000 80.00000 35.00000 3.58021
325.00000 80.00000 35.00000 3.54597
330.00000 80.00000 35.00000 3.34102
335.00000 80.00000 35.00000 3.05032
340.00000 80.00000 35.00000 2.69750
345.00000 80.00000 35.00000 2.34316
350.00000 80.00000 35.00000 2.06774
355.00000 80.00000 35.00000 1.90639
0.00000 85.00000 35.00000 2.61468
5.00000 85.00000 35.00000 2.58423
10.00000 85.00000 35.00000 2.58974
15.00000 85.00000 35.00000 2.70407
20.00000 85.00000 35.00000 2.88160
25.00000 85.00000 35.00000 2.96309
30.00000 85.00000 35.00000 2.84704
35.00000 85.00000 35.00000 2.54696
40.00000 85.00000 35.00000 2.08007
45.00000 85.00000 35.00000 1.61720
50.00000 85.00000 35.00000 1.27158
55.00000 85.00000 35.00000 0.96064
60.00000 85.00000 35.00000 0.71460
65.00000 85.00000 35.00000 0.57073
70.00000 85.00000 35.00000 0.50748
75.00000 85.00000 35.00000 0.49818
80.00000 85.00000 35.00000 0.52242
85.00000 85.00000 35.00000 0.56277
90.00000 85.00000 35.00000 0.60216
95.00000 85.00000 35.00000 0.63161
100.00000 85.00000 35.00000 0.67619
105.00000 85.00000 35.00000 0.77622
110.00000 85.00000 35.00000 0.94978
115.00000 85.00000 35.00000 1.20585
120.00000 85.00000 35.00000 1.56232
125.00000 85.00000 35.00000 2.04001
130.00000 85.00000 35.00000 2.58224
135.00000 85.00000 35.00000 3.08629
140.00000 85.00000 35.00000 3.46333
145.00000 85.00000 35.00000 3.60507
150.00000 85.00000 35.00000 3.55204
155.00000 85.00000 35.00000 3.33042
160.00000 85.00000 35.00000 2.99596
165.00000 85.00000 35.00000 2.67857
170.00000 85.00000 35.00000 2.45007
175.00000 85.00000 35.00000 2.28368
180.00000 85.00000 35.00000 2.10962
185.00000 85.00000 35.00000 1.90023
190.00000 85.00000 35.00000 1.70197
195.00000 85.00000 35.00000 1.56480
200.00000 85.00000 35.00000 1.47332
205.00000 85.00000 35.00000 1.38155
210.00000 85.00000 35.00000 1.27511
215.00000 85.00000 35.00000 1.16665
220.00000 85.00000 35.00000 1.04099
225.00000 85.00000 35.00000 0.87512
230.00000 85.00000 35.00000 0.71762
235.00000 85.00000 35.00000 0.59682
240.00000 85.00000 35.00000 0.51424
245.00000 85.00000 35.00000 0.46974
250.00000 85.00000 35.00000 0.46183
255.00000 85.00000 35.00000 0.48512
260.00000 85.00000 35.00000 0.53146
265.00000 85.00000 35.00000 0.59142
270.00000 85.00000 35.00000 0.64647
275.00000 85.00000 35.00000 0.68229
280.00000 85.00000 35.00000 0.72387
285.00000 85.00000 35.00000 0.80838
290.00000 85.00000 35.00000 0.94301
295.00000 85.00000 35.00000 1.13105
300.00000 85.00000 35.00000 1.40115
305.00000 85.00000 35.00000 1.75703
310.00000 85.00000 35.00000 2.16083
315.00000 85.00000 35.00000 2.62882
320.00000 85.00000 35.00000 3.03434
325.00000 85.00000 35.00000 3.23329
330.00000 85.00000 35.00000 3.29108
335.00000 85.00000 35.00000 3.26157
340.00000 85.00000 35.00000 3.12481
345.00000 85.00000 35.00000 2.90936
350.00000 85.00000 35.00000 2.72547
355.00000 85.00000 35.00000 2.64300
0.00000 90.00000 35.00000 2.87743
5.00000 90.00000 35.00000 2.99230
10.00000 90.00000 35.00000 3.15146
15.00000 90.00000 35.00000 3.41460
20.00000 90.00000 35.00000 3.73383
25.00000 90.00000 35.00000 3.95046
30.00000 90.00000 35.00000 3.92005
35.00000 90.00000 35.00000 3.65361
40.00000 90.00000 35.00000 3.17492
45.00000 90.00000 35.00000 2.51493
50.00000 90.00000 35.00000 1.94720
55.00000 90.00000 35.00000 1.48027
60.00000 90.00000 35.00000 1.06700
65.00000 90.00000 35.00000 0.80754
70.00000 90.00000 35.00000 0.68444
75.00000 90.00000 35.00000 0.64372
80.00000 90.00000 35.00000 0.64483
85.00000 90.00000 35.00000 0.65979
90.00000 90.00000 35.00000 0.66591
95.00000 90.00000 35.00000 0.65483
100.00000 90.00000 35.00000 0.65338
105.00000 90.00000 35.00000 0.69406
110.00000 90.00000 35.00000 0.79028
115.00000 90.00000 35.00000 0.95891
120.00000 90.00000 35.00000 1.23843
125.00000 90.00000 35.00000 1.66318
130.00000 90.00000 35.00000 2.18366
135.00000 90.00000 35.00000 2.71908
140.00000 90.00000 35.00000 3.17992
145.00000 90.00000 35.00000 3.39420
150.00000 90.00000 35.00000 3.40878
155.00000 90.00000 35.00000 3.28926
160.00000 90.00000 35.00000 3.08664
165.00000 90.00000 35.00000 2.88735
170.00000 90.00000 35.00000 2.75028
175.00000 90.00000 35.00000 2.66392
180.00000 90.00000 35.00000 2.57544
185.00000 90.00000 35.00000 2.46368
190.00000 90.00000 35.00000 2.37221
195.00000 90.00000 35.00000 2.34433
200.00000 90.00000 35.00000 2.36366
205.00000 90.00000 35.00000 2.37951
210.00000 90.00000 35.00000 2.33929
215.00000 90.00000 35.00000 2.22526
220.00000 90.00000 35.00000 2.01945
225.00000 90.00000 35.00000 1.70787
230.00000 90.00000 35.00000 1.37826
235.00000 90.00000 35.00000 1.09540
240.00000 90.00000 35.00000 0.87497
245.00000 90.00000 35.00000 0.73298
250.00000 90.00000 35.00000 0.66240
255.00000 90.00000 35.00000 0.64372
260.00000 90.00000 35.00000 0.65424
265.00000 90.00000 35.00000 0.67548
270.00000 90.00000 35.00000 0.68512
275.00000 90.00000 35.00000 0.67085
280.00000 90.00000 35.00000 0.65299
285.00000 90.00000 35.00000 0.65261
290.00000 90.00000 35.00000 0.67664
295.00000 90.00000 35.00000 0.73864
300.00000 90.00000 35.00000 0.85967
305.00000 90.00000 35.00000 1.04838
310.00000 90.00000 35.00000 1.29553
315.00000 90.00000 35.00000 1.59609
320.00000 90.00000 35.00000 1.90934
325.00000 90.00000 35.00000 2.17071
330.00000 90.00000 35.00000 2.37343
335.00000 90.00000 35.00000 2.52981
340.00000 90.00000 35.00000 2.61499
345.00000 90.00000 35.00000 2.63434
350.00000 90.00000 35.00000 2.66675
355.00000 90.00000 35.00000 2.75925
0.00000 0.00000 40.00000 0.54557
5.00000 0.00000 40.00000 0.57547
10.00000 0.00000 40.00000 0.54641
15.00000 0.00000 40.00000 0.47081
20.00000 0.00000 40.00000 0.41292
25.00000 0.00000 40.00000 0.39105
30.00000 0.00000 40.00000 0.38546
35.00000 0.00000 40.00000 0.38361
40.00000 0.00000 40.00000 0.38832
45.00000 0.00000 40.00000 0.39978
50.00000 0.00000 40.00000 0.40177
55.00000 0.00000 40.00000 0.38220
60.00000 0.00000 40.00000 0.35700
65.00000 0.00000 40.00000 0.35101
70.00000 0.00000 40.00000 0.37178
75.00000 0.00000 40.00000 0.40854
80.00000 0.00000 40.00000 0.44692
85.00000 0.00000 40.00000 0.49143
90.00000 0.00000 40.00000 0.54557
95.00000 0.00000 40.00000 0.57547
100.00000 0.00000 40.00000 0.54641
105.00000 0.00000 40.00000 0.47081
110.00000 0.00000 40.00000 0.41292
115.00000 0.00000 40.00000 0.39105
120.00000 0.00000 40.00000 0.38546
125.00000 0.00000 40.00000 0.38361
130.00000 0.00000 40.00000 0.38832
135.00000 0.00000 40.00000 0.39978
140.00000 0.00000 40.00000 0.40177
145.00000 0.00000 40.00000 0.38220
150.00000 0.00000 40.00000 0.35700
155.00000 0.00000 40.00000 0.35101
160.00000 0.00000 40.00000 0.37178
165.00000 0.00000 40.00000 0.40854
170.00000 0.00000 40.00000 0.44692
175.00000 0.00000 40.00000 0.49143
180.00000 0.00000 40.00000 0.54557
185.00000 0.00000 40.00000 0.57547
190.00000 0.00000 40.00000 0.54641
195.00000 0.00000 40.00000 0.47081
200.00000 0.00000 40.00000 0.41292
205.00000 0.00000 40.00000 0.39105
210.00000 0.00000 40.00000 0.38546
215.00000 0.00000 40.00000 0.38361
220.00000 0.00000 40.00000 0.38832
225.00000 0.00000 40.00000 0.39978
230.00000 0.00000 40.00000 0.40177
235.00000 0.00000 40.00000 0.38220
240.00000 0.00000 40.00000 0.35700
245.00000 0.00000 40.00000 0.35101
250.00000 0.00000 40.00000 0.37178
255.00000 0.00000 40.00000 0.40854
260.00000 0.00000 40.00000 0.44692
265.00000 0.00000 40.00000 0.49143
270.00000 0.00000 40.00000 0.54557
275.00000 0.00000 40.00000 0.57547
280.00000 0.00000 40.00000 0.54641
285.00000 0.00000 40.00000 0.47081
290.00000 0.00000 40.00000 0.41292
295.00000 0.00000 40.00000 0.39105
300.00000 0.00000 40.00000 0.38546
305.00000 0.00000 40.00000 0.38361
310.00000 0.00000 40.00000 0.38832
315.00000 0.00000 40.00000 0.39978
320.00000 0.00000 40.00000 0.40177
325.00000 0.00000 40.00000 0.38220
330.00000 0.00000 40.00000 0.35700
335.00000 0.00000 40.00000 0.35101
340.00000 0.00000 40.00000 0.37178
345.00000 0.00000 40.00000 0.40854
350.00000 0.00000 40.00000 0.44692
355.00000 0.00000 40.00000 0.49143
0.00000 5.00000 40.00000 0.70172
5.00000 5.00000 40.00000 0.74004
10.00000 5.00000 40.00000 0.69230
15.00000 5.00000 40.00000 0.59383
20.00000 5.00000 40.00000 0.52626
25.00000 5.00000 40.00000 0.50434
30.00000 5.00000 40.00000 0.50100
35.00000 5.00000 40.00000 0.49691
40.00000 5.00000 40.00000 0.49272
45.00000 5.00000 40.00000 0.48927
50.00000 5.00000 40.00000 0.47139
55.00000 5.00000 40.00000 0.43090
60.00000 5.00000 40.00000 0.38764
65.00000 5.00000 40.00000 0.36700
70.00000 5.00000 40.00000 0.37415
75.00000 5.00000 40.00000 0.39752
80.00000 5.00000 40.00000 0.42505
85.00000 5.00000 40.00000 0.46077
90.00000 5.00000 40.00000 0.50730
95.00000 5.00000 40.00000 0.53206
100.00000 5.00000 40.00000 0.50214
105.00000 5.00000 40.00000 0.43568
110.00000 5.00000 40.00000 0.38536
115.00000 5.00000 40.00000 0.36444
120.00000 5.00000 40.00000 0.35756
125.00000 5.00000 40.00000 0.35530
130.00000 5.00000 40.00000 0.35978
135.00000 5.00000 40.00000 0.37199
140.00000 5.00000 40.00000 0.38055
145.00000 5.00000 40.00000 0.37395
150.00000 5.00000 40.00000 0.36077
155.00000 5.00000 40.00000 0.36068
160.00000 5.00000 40.00000 0.38288
165.00000 5.00000 40.00000 0.42146
170.00000 5.00000 40.00000 0.46586
175.00000 5.00000 40.00000 0.51710
180.00000 5.00000 40.00000 0.55946
185.00000 5.00000 40.00000 0.57067
190.00000 5.00000 40.00000 0.56443
195.00000 5.00000 40.00000 0.50109
200.00000 5.00000 40.00000 0.43457
205.00000 5.00000 40.00000 0.40222
210.00000 5.00000 40.00000 0.38720
215.00000 5.00000 40.00000 0.37760
220.00000 5.00000 40.00000 0.37734
225.00000 5.00000 40.00000 0.38733
230.00000 5.00000 40.00000 0.39138
235.00000 5.00000 40.00000 0.37458
240.00000 5.00000 40.00000 0.34898
245.00000 5.00000 40.00000 0.33865
250.00000 5.00000 40.00000 0.35254
255.00000 5.00000 40.00000 0.38233
260.00000 5.00000 40.00000 0.41544
265.00000 5.00000 40.00000 0.45355
270.00000 5.00000 40.00000 0.49655
275.00000 5.00000 40.00000 0.51925
280.00000 5.00000 40.00000 0.50052
285.00000 5.00000 40.00000 0.44322
290.00000 5.00000 40.00000 0.39961
295.00000 5.00000 40.00000 0.38889
300.00000 5.00000 40.00000 0.39711
305.00000 5.00000 40.00000 0.41471
310.00000 5.00000 40.00000 0.44426
315.00000 5.00000 40.00000 0.48306
320.00000 5.00000 40.00000 0.50585
325.00000 5.00000 40.00000 0.49176
330.00000 5.00000 40.00000 0.46243
335.00000 5.00000 40.00000 0.45613
340.00000 5.00000 40.00000 0.48397
345.00000 5.00000 40.00000 0.52943
350.00000 5.00000 40.00000 0.57518
355.00000 5.00000 40.00000 0.63045
0.00000 10.00000 40.00000 1.10938
5.00000 10.00000 40.00000 1.14756
10.00000 10.00000 40.00000 1.08136
15.00000 10.00000 40.00000 0.93648
20.00000 10.00000 40.00000 0.82556
25.00000 10.00000 40.00000 0.77424
30.00000 10.00000 40.00000 0.74294
35.00000 10.00000 40.00000 0.70306
40.00000 10.00000 40.00000 0.65700
45.00000 10.00000 40.00000 0.61392
50.00000 10.00000 40.00000 0.56224
55.00000 10.00000 40.00000 0.49146
60.00000 10.00000 40.00000 0.41971
65.00000 10.00000 40.00000 0.37390
70.00000 10.00000 40.00000 0.35872
75.00000 10.00000 40.00000 0.36240
80.00000 10.00000 40.00000 0.37455
85.00000 10.00000 40.00000 0.39567
90.00000 10.00000 40.00000 0.42613
95.00000 10.00000 40.00000 0.44274
100.00000 10.00000 40.00000 0.42042
105.00000 10.00000 40.00000 0.37606
110.00000 10.00000 40.00000 0.34410
115.00000 10.00000 40.00000 0.33244
120.00000 10.00000 40.00000 0.33421
125.00000 10.00000 40.00000 0.34620
130.00000 10.00000 40.00000 0.37119
135.00000 10.00000 40.00000 0.40927
140.00000 10.00000 40.00000 0.44676
145.00000 10.00000 40.00000 0.46579
150.00000 10.00000 40.00000 0.47085
155.00000 10.00000 40.00000 0.48530
160.00000 10.00000 40.00000 0.52181
165.00000 10.00000 40.00000 0.57624
170.00000 10.00000 40.00000 0.64284
175.00000 10.00000 40.00000 0.72720
180.00000 10.00000 40.00000 0.81135
185.00000 10.00000 40.00000 0.85011
190.00000 10.00000 40.00000 0.82638
195.00000 10.00000 40.00000 0.71792
200.00000 10.00000 40.00000 0.61011
205.00000 10.00000 40.00000 0.54867
210.00000 10.00000 40.00000 0.51134
215.00000 10.00000 40.00000 0.48219
220.00000 10.00000 40.00000 0.46571
225.00000 10.00000 40.00000 0.46156
230.00000 10.00000 40.00000 0.44912
235.00000 10.00000 40.00000 0.41232
240.00000 10.00000 40.00000 0.36671
245.00000 10.00000 40.00000 0.33849
250.00000 10.00000 40.00000 0.33508
255.00000 10.00000 40.00000 0.34862
260.00000 10.00000 40.00000 0.36919
265.00000 10.00000 40.00000 0.39490
270.00000 10.00000 40.00000 0.41871
275.00000 10.00000 40.00000 0.42497
280.00000 10.00000 40.00000 0.41886
285.00000 10.00000 40.00000 0.39061
290.00000 10.00000 40.00000 0.36689
295.00000 10.00000 40.00000 0.36728
300.00000 10.00000 40.00000 0.38779
305.00000 10.00000 40.00000 0.42609
310.00000 10.00000 40.00000 0.48631
315.00000 10.00000 40.00000 0.56488
320.00000 10.00000 40.00000 0.63167
325.00000 10.00000 40.00000 0.65522
330.00000 10.00000 40.00000 0.65284
335.00000 10.00000 40.00000 0.67176
340.00000 10.00000 40.00000 0.73012
345.00000 10.00000 40.00000 0.81103
350.00000 10.00000 40.00000 0.89807
355.00000 10.00000 40.00000 1.00295
0.00000 15.00000 40.00000 1.78099
5.00000 15.00000 40.00000 1.82250
10.00000 15.00000 40.00000 1.74993
15.00000 15.00000 40.00000 1.53170
20.00000 15.00000 40.00000 1.32017
25.00000 15.00000 40.00000 1.17124
30.00000 15.00000 40.00000 1.04405
35.00000 15.00000 40.00000 0.91464
40.00000 15.00000 40.00000 0.79365
45.00000 15.00000 40.00000 0.69784
50.00000 15.00000 40.00000 0.61293
55.00000 15.00000 40.00000 0.51761
60.00000 15.00000 40.00000 0.42489
65.00000 15.00000 40.00000 0.36291
70.00000 15.00000 40.00000 0.33529
75.00000 15.00000 40.00000 0.32869
80.00000 15.00000 40.00000 0.33185
85.00000 15.00000 40.00000 0.34188
90.00000 15.00000 40.00000 0.35774
95.00000 15.00000 40.00000 0.36692
100.00000 15.00000 40.00000 0.35432
105.00000 15.00000 40.00000 0.33011
110.00000 15.00000 40.00000 0.31383
115.00000 15.00000 40.00000 0.31082
120.00000 15.00000 40.00000 0.32042
125.00000 15.00000 40.00000 0.34611
130.00000 15.00000 40.00000 0.39558
135.00000 15.00000 40.00000 0.47068
140.00000 15.00000 40.00000 0.55183
145.00000 15.00000 40.00000 0.61003
150.00000 15.00000 40.00000 0.64847
155.00000 15.00000 40.00000 0.70060
160.00000 15.00000 40.00000 0.78170
165.00000 15.00000 40.00000 0.88259
170.00000 15.00000 40.00000 0.99907
175.00000 15.00000 40.00000 1.14754
180.00000 15.00000 40.00000 1.32277
185.00000 15.00000 40.00000 1.43434
190.00000 15.00000 40.00000 1.37307
195.00000 15.00000 40.00000 1.17463
200.00000 15.00000 40.00000 0.98625
205.00000 15.00000 40.00000 0.85926
210.00000 15.00000 40.00000 0.76624
215.00000 15.00000 40.00000 0.68935
220.00000 15.00000 40.00000 0.63382
225.00000 15.00000 40.00000 0.59494
230.00000 15.00000 40.00000 0.54578
235.00000 15.00000 40.00000 0.47096
240.00000 15.00000 40.00000 0.39441
245.00000 15.00000 40.00000 0.34519
250.00000 15.00000 40.00000 0.32605
255.00000 15.00000 40.00000 0.32591
260.00000 15.00000 40.00000 0.33478
265.00000 15.00000 40.00000 0.34856
270.00000 15.00000 40.00000 0.36019
275.00000 15.00000 40.00000 0.36057
280.00000 15.00000 40.00000 0.35755
285.00000 15.00000 40.00000 0.34418
290.00000 15.00000 40.00000 0.33296
295.00000 15.00000 40.00000 0.33699
300.00000 15.00000 40.00000 0.35711
305.00000 15.00000 40.00000 0.39684
310.00000 15.00000 40.00000 0.46398
315.00000 15.00000 40.00000 0.55909
320.00000 15.00000 40.00000 0.65990
325.00000 15.00000 40.00000 0.73811
330.00000 15.00000 40.00000 0.80089
335.00000 15.00000 40.00000 0.88478
340.00000 15.00000 40.00000 1.01343
345.00000 15.00000 40.00000 1.18318
350.00000 15.00000 40.00000 1.38199
355.00000 15.00000 40.00000 1.60674
0.00000 20.00000 40.00000 2.67663
5.00000 20.00000 40.00000 2.80595
10.00000 20.00000 40.00000 2.67942
15.00000 20.00000 40.00000 2.31705
20.00000 20.00000 40.00000 1.92384
25.00000 20.00000 40.00000 1.57783
30.00000 20.00000 40.00000 1.27834
35.00000 20.00000 40.00000 1.02786
40.00000 20.00000 40.00000 0.83309
45.00000 20.00000 40.00000 0.69689
50.00000 20.00000 40.00000 0.59347
55.00000 20.00000 40.00000 0.49214
60.00000 20.00000 40.00000 0.39970
65.00000 20.00000 40.00000 0.33966
70.00000 20.00000 40.00000 0.31288
75.00000 20.00000 40.00000 0.30520
80.00000 20.00000 40.00000 0.30508
85.00000 20.00000 40.00000 0.30804
90.00000 20.00000 40.00000 0.31380
95.00000 20.00000 40.00000 0.31717
100.00000 20.00000 40.00000 0.31116
105.00000 20.00000 40.00000 0.30072
110.00000 20.00000 40.00000 0.29518
115.00000 20.00000 40.00000 0.29738
120.00000 20.00000 40.00000 0.30926
125.00000 20.00000 40.00000 0.33813
130.00000 20.00000 40.00000 0.39729
135.00000 20.00000 40.00000 0.49423
140.00000 20.00000 40.00000 0.60905
145.00000 20.00000 40.00000 0.70717
150.00000 20.00000 40.00000 0.79028
155.00000 20.00000 40.00000 0.90169
160.00000 20.00000 40.00000 1.06817
165.00000 20.00000 40.00000 1.27486
170.00000 20.00000 40.00000 1.50341
175.00000 20.00000 40.00000 1.76387
180.00000 20.00000 40.00000 2.04564
185.00000 20.00000 40.00000 2.23383
190.00000 20.00000 40.00000 2.16975
195.00000 20.00000 40.00000 1.88288
200.00000 20.00000 40.00000 1.57427
205.00000 20.00000 40.00000 1.32348
210.00000 20.00000 40.00000 1.11665
215.00000 20.00000 40.00000 0.94719
220.00000 20.00000 40.00000 0.81797
225.00000 20.00000 40.00000 0.72077
230.00000 20.00000 40.00000 0.62466
235.00000 20.00000 40.00000 0.51383
240.00000 20.00000 40.00000 0.41387
245.00000 20.00000 40.00000 0.35091
250.00000 20.00000 40.00000 0.32264
255.00000 20.00000 40.00000 0.31447
260.00000 20.00000 40.00000 0.31477
265.00000 20.00000 40.00000 0.31828
270.00000 20.00000 40.00000 0.32317
275.00000 20.00000 40.00000 0.32431
280.00000 20.00000 40.00000 0.31933
285.00000 20.00000 40.00000 0.31040
290.00000 20.00000 40.00000 0.30534
295.00000 20.00000 40.00000 0.30820
300.00000 20.00000 40.00000 0.32003
305.00000 20.00000 40.00000 0.34565
310.00000 20.00000 40.00000 0.39467
315.00000 20.00000 40.00000 0.47266
320.00000 20.00000 40.00000 0.57059
325.00000 20.00000 40.00000 0.67696
330.00000 20.00000 40.00000 0.79894
335.00000 20.00000 40.00000 0.96029
340.00000 20.00000 40.00000 1.19003
345.00000 20.00000 40.00000 1.50764
350.00000 20.00000 40.00000 1.89961
355.00000 20.00000 40.00000 2.32828
0.00000 25.00000 40.00000 3.40451
5.00000 25.00000 40.00000 3.65843
10.00000 25.00000 40.00000 3.48580
15.00000 25.00000 40.00000 2.98609
20.00000 25.00000 40.00000 2.38807
25.00000 25.00000 40.00000 1.81403
30.00000 25.00000 40.00000 1.34243
35.00000 25.00000 40.00000 1.00260
40.00000 25.00000 40.00000 0.77192
45.00000 25.00000 40.00000 0.62372
50.00000 25.00000 40.00000 0.52300
55.00000 25.00000 40.00000 0.43688
60.00000 25.00000 40.00000 0.36405
65.00000 25.00000 40.00000 0.31801
70.00000 25.00000 40.00000 0.29776
75.00000 25.00000 40.00000 0.29196
80.00000 25.00000 40.00000 0.29077
85.00000 25.00000 40.00000 0.28986
90.00000 25.00000 40.00000 0.28978
95.00000 25.00000 40.00000 0.28968
100.00000 25.00000 40.00000 0.28666
105.00000 25.00000 40.00000 0.28329
110.00000 25.00000 40.00000 0.28357
115.00000 25.00000 40.00000 0.28810
120.00000 25.00000 40.00000 0.29821
125.00000 25.00000 40.00000 0.32049
130.00000 25.00000 40.00000 0.36912
135.00000 25.00000 40.00000 0.45567
140.00000 25.00000 40.00000 0.56996
145.00000 25.00000 40.00000 0.68825
150.00000 25.00000 40.00000 0.81110
155.00000 25.00000 40.00000 0.98160
160.00000 25.00000 40.00000 1.25106
165.00000 25.00000 40.00000 1.62346
170.00000 25.00000 40.00000 2.05433
175.00000 25.00000 40.00000 2.50721
180.00000 25.00000 40.00000 2.90025
185.00000 25.00000 40.00000 3.12040
190.00000 25.00000 40.00000 3.08894
195.00000 25.00000 40.00000 2.72910
200.00000 25.00000 40.00000 2.26205
205.00000 25.00000 40.00000 1.82808
210.00000 25.00000 40.00000 1.45172
215.00000 25.00000 40.00000 1.14786
220.00000 25.00000 40.00000 0.91973
225.00000 25.00000 40.00000 0.75985
230.00000 25.00000 40.00000 0.63314
235.00000 25.00000 40.00000 0.51341
240.00000 25.00000 40.00000 0.41397
245.00000 25.00000 40.00000 0.35133
250.00000 25.00000 40.00000 0.32087
255.00000 25.00000 40.00000 0.30896
260.00000 25.00000 40.00000 0.30408
265.00000 25.00000 40.00000 0.30054
270.00000 25.00000 40.00000 0.29856
275.00000 25.00000 40.00000 0.29711
280.00000 25.00000 40.00000 0.29310
285.00000 25.00000 40.00000 0.28862
290.00000 25.00000 40.00000 0.28690
295.00000 25.00000 40.00000 0.28812
300.00000 25.00000 40.00000 0.29271
305.00000 25.00000 40.00000 0.30436
310.00000 25.00000 40.00000 0.33069
315.00000 25.00000 40.00000 0.37826
320.00000 25.00000 40.00000 0.44739
325.00000 25.00000 40.00000 0.54175
330.00000 25.00000 40.00000 0.67867
335.00000 25.00000 40.00000 0.88490
340.00000 25.00000 40.00000 1.19987
345.00000 25.00000 40.00000 1.66088
350.00000 25.00000 40.00000 2.24455
355.00000 25.00000 40.00000 2.86804
0.00000 30.00000 40.00000 3.35249
5.00000 30.00000 40.00000 3.63773
10.00000 30.00000 40.00000 3.49949
15.00000 30.00000 40.00000 2.99795
20.00000 30.00000 40.00000 2.33815
25.00000 30.00000 40.00000 1.69126
30.00000 30.00000 40.00000 1.18514
35.00000 30.00000 40.00000 0.84974
40.00000 30.00000 40.00000 0.63892
45.00000 30.00000 40.00000 0.51146
50.00000 30.00000 40.00000 0.43426
55.00000 30.00000 40.00000 0.37747
60.00000 30.00000 40.00000 0.33249
65.00000 30.00000 40.00000 0.30377
70.00000 30.00000 40.00000 0.29054
75.00000 30.00000 40.00000 0.28620
80.00000 30.00000 40.00000 0.28407
85.00000 30.00000 40.00000 0.28119
90.00000 30.00000 40.00000 0.27882
95.00000 30.00000 40.00000 0.27718
100.00000 30.00000 40.00000 0.27495
105.00000 30.00000 40.00000 0.27395
110.00000 30.00000 40.00000 0.27617
115.00000 30.00000 40.00000 0.28108
120.00000 30.00000 40.00000 0.28835
125.00000 30.00000 40.00000 0.30141
130.00000 30.00000 40.00000 0.33031
135.00000 30.00000 40.00000 0.38637
140.00000 30.00000 40.00000 0.47149
145.00000 30.00000 40.00000 0.58087
150.00000 30.00000 40.00000 0.71994
155.00000 30.00000 40.00000 0.92424
160.00000 30.00000 40.00000 1.26701
165.00000 30.00000 40.00000 1.78881
170.00000 30.00000 40.00000 2.43234
175.00000 30.00000 40.00000 3.09655
180.00000 30.00000 40.00000 3.51638
185.00000 30.00000 40.00000 3.59208
190.00000 30.00000 40.00000 3.64561
195.00000 30.00000 40.00000 3.30490
200.00000 30.00000 40.00000 2.70653
205.00000 30.00000 40.00000 2.11399
210.00000 30.00000 40.00000 1.59276
215.00000 30.00000 40.00000 1.17462
220.00000 30.00000 40.00000 0.87323
225.00000 30.00000 40.00000 0.68480
230.00000 30.00000 40.00000 0.56436
235.00000 30.00000 40.00000 0.46988
240.00000 30.00000 40.00000 0.39572
245.00000 30.00000 40.00000 0.34726
250.00000 30.00000 40.00000 0.32068
255.00000 30.00000 40.00000 0.30787
260.00000 30.00000 40.00000 0.30008
265.00000 30.00000 40.00000 0.29304
270.00000 30.00000 40.00000 0.28794
275.00000 30.00000 40.00000 0.28451
280.00000 30.00000 40.00000 0.28094
285.00000 30.00000 40.00000 0.27806
290.00000 30.00000 40.00000 0.27720
295.00000 30.00000 40.00000 0.27739
300.00000 30.00000 40.00000 0.27833
305.00000 30.00000 40.00000 0.28202
310.00000 30.00000 40.00000 0.29257
315.00000 30.00000 40.00000 0.31476
320.00000 30.00000 40.00000 0.35253
325.00000 30.00000 40.00000 0.41602
330.00000 30.00000 40.00000 0.52822
335.00000 30.00000 40.00000 0.72228
340.00000 30.00000 40.00000 1.04478
345.00000 30.00000 40.00000 1.53599
350.00000 30.00000 40.00000 2.15960
355.00000 30.00000 40.00000 2.80448
0.00000 35.00000 40.00000 2.51682
5.00000 35.00000 40.00000 2.72051
10.00000 35.00000 40.00000 2.61949
15.00000 35.00000 40.00000 2.23851
20.00000 35.00000 40.00000 1.72709
25.00000 35.00000 40.00000 1.23379
30.00000 35.00000 40.00000 0.86284
35.00000 35.00000 40.00000 0.62762
40.00000 35.00000 40.00000 0.48521
45.00000 35.00000 40.00000 0.40355
50.00000 35.00000 40.00000 0.36011
55.00000 35.00000 40.00000 0.33314
60.00000 35.00000 40.00000 0.31279
65.00000 35.00000 40.00000 0.29864
70.00000 35.00000 40.00000 0.29094
75.00000 35.00000 40.00000 0.28729
80.00000 35.00000 40.00000 0.28395
85.00000 35.00000 40.00000 0.27971
90.00000 35.00000 40.00000 0.27641
95.00000 35.00000 40.00000 0.27407
100.00000 35.00000 40.00000 0.27166
105.00000 35.00000 40.00000 0.27089
110.00000 35.00000 40.00000 0.27316
115.00000 35.00000 40.00000 0.27746
120.00000 35.00000 40.00000 0.28232
125.00000 35.00000 40.00000 0.28849
130.00000 35.00000 40.00000 0.30135
135.00000 35.00000 40.00000 0.32882
140.00000 35.00000 40.00000 0.37780
145.00000 35.00000 40.00000 0.45505
150.00000 35.00000 40.00000 0.57233
155.00000 35.00000 40.00000 0.75835
160.00000 35.00000 40.00000 1.08285
165.00000 35.00000 40.00000 1.60368
170.00000 35.00000 40.00000 2.27513
175.00000 35.00000 40.00000 2.96441
180.00000 35.00000 40.00000 3.29855
185.00000 35.00000 40.00000 3.24426
190.00000 35.00000 40.00000 3.34748
195.00000 35.00000 40.00000 3.06117
200.00000 35.00000 40.00000 2.47384
205.00000 35.00000 40.00000 1.89325
210.00000 35.00000 40.00000 1.38649
215.00000 35.00000 40.00000 0.98354
220.00000 35.00000 40.00000 0.70496
225.00000 35.00000 40.00000 0.54811
230.00000 35.00000 40.00000 0.46576
235.00000 35.00000 40.00000 0.41324
240.00000 35.00000 40.00000 0.37418
245.00000 35.00000 40.00000 0.34562
250.00000 35.00000 40.00000 0.32617
255.00000 35.00000 40.00000 0.31369
260.00000 35.00000 40.00000 0.30398
265.00000 35.00000 40.00000 0.29510
270.00000 35.00000 40.00000 0.28883
275.00000 35.00000 40.00000 0.28446
280.00000 35.00000 40.00000 0.28016
285.00000 35.00000 40.00000 0.27714
290.00000 35.00000 40.00000 0.27594
295.00000 35.00000 40.00000 0.27537
300.00000 35.00000 40.00000 0.27482
305.00000 35.00000 40.00000 0.27503
310.00000 35.00000 40.00000 0.27780
315.00000 35.00000 40.00000 0.28562
320.00000 35.00000 40.00000 0.30205
325.00000 35.00000 40.00000 0.33589
330.00000 35.00000 40.00000 0.40627
335.00000 35.00000 40.00000 0.54176
340.00000 35.00000 40.00000 0.78236
345.00000 35.00000 40.00000 1.16096
350.00000 35.00000 40.00000 1.63963
355.00000 35.00000 40.00000 2.12068
0.00000 40.00000 40.00000 1.52337
5.00000 40.00000 40.00000 1.60950
10.00000 40.00000 40.00000 1.52659
15.00000 40.00000 40.00000 1.30269
20.00000 40.00000 40.00000 1.01369
25.00000 40.00000 40.00000 0.74620
30.00000 40.00000 40.00000 0.55501
35.00000 40.00000 40.00000 0.43928
40.00000 40.00000 40.00000 0.37166
45.00000 40.00000 40.00000 0.33582
50.00000 40.00000 40.00000 0.32053
55.00000 40.00000 40.00000 0.31458
60.00000 40.00000 40.00000 0.31065
65.00000 40.00000 40.00000 0.30628
70.00000 40.00000 40.00000 0.30136
75.00000 40.00000 40.00000 0.29613
80.00000 40.00000 40.00000 0.29009
85.00000 40.00000 40.00000 0.28409
90.00000 40.00000 40.00000 0.28017
95.00000 40.00000 40.00000 0.27708
100.00000 40.00000 40.00000 0.27418
105.00000 40.00000 40.00000 0.27391
110.00000 40.00000 40.00000 0.27680
115.00000 40.00000 40.00000 0.28108
120.00000 40.00000 40.00000 0.28498
125.00000 40.00000 40.00000 0.28784
130.00000 40.00000 40.00000 0.29187
135.00000 40.00000 40.00000 0.30179
140.00000 40.00000 40.00000 0.32295
145.00000 40.00000 40.00000 0.36293
150.00000 40.00000 40.00000 0.43323
155.00000 40.00000 40.00000 0.55243
160.00000 40.00000 40.00000 0.76548
165.00000 40.00000 40.00000 1.11582
170.00000 40.00000 40.00000 1.57902
175.00000 40.00000 40.00000 2.06305
180.00000 40.00000 40.00000 2.30879
185.00000 40.00000 40.00000 2.27440
190.00000 40.00000 40.00000 2.29169
195.00000 40.00000 40.00000 2.06937
200.00000 40.00000 40.00000 1.66396
205.00000 40.00000 40.00000 1.27199
210.00000 40.00000 40.00000 0.94137
215.00000 40.00000 40.00000 0.68572
220.00000 40.00000 40.00000 0.51531
225.00000 40.00000 40.00000 0.42767
230.00000 40.00000 40.00000 0.39113
235.00000 40.00000 40.00000 0.37556
240.00000 40.00000 40.00000 0.36603
245.00000 40.00000 40.00000 0.35513
250.00000 40.00000 40.00000 0.34088
255.00000 40.00000 40.00000 0.32679
260.00000 40.00000 40.00000 0.31516
265.00000 40.00000 40.00000 0.30491
270.00000 40.00000 40.00000 0.29832
275.00000 40.00000 40.00000 0.29319
280.00000 40.00000 40.00000 0.28842
285.00000 40.00000 40.00000 0.28681
290.00000 40.00000 40.00000 0.28667
295.00000 40.00000 40.00000 0.28621
300.00000 40.00000 40.00000 0.28510
305.00000 40.00000 40.00000 0.28346
310.00000 40.00000 40.00000 0.28223
315.00000 40.00000 40.00000 0.28294
320.00000 40.00000 40.00000 0.28774
325.00000 40.00000 40.00000 0.30178
330.00000 40.00000 40.00000 0.33622
335.00000 40.00000 40.00000 0.40726
340.00000 40.00000 40.00000 0.53959
345.00000 40.00000 40.00000 0.75625
350.00000 40.00000 40.00000 1.03252
355.00000 40.00000 40.00000 1.30584
0.00000 45.00000 40.00000 0.84244
5.00000 45.00000 40.00000 0.87698
10.00000 45.00000 40.00000 0.81699
15.00000 45.00000 40.00000 0.70120
20.00000 45.00000 40.00000 0.57032
25.00000 45.00000 40.00000 0.45823
30.00000 45.00000 40.00000 0.38335
35.00000 45.00000 40.00000 0.34181
40.00000 45.00000 40.00000 0.31968
45.00000 45.00000 40.00000 0.31150
50.00000 45.00000 40.00000 0.31361
55.00000 45.00000 40.00000 0.32120
60.00000 45.00000 40.00000 0.32849
65.00000 45.00000 40.00000 0.33002
70.00000 45.00000 40.00000 0.32379
75.00000 45.00000 40.00000 0.31232
80.00000 45.00000 40.00000 0.30034
85.00000 45.00000 40.00000 0.29107
90.00000 45.00000 40.00000 0.28688
95.00000 45.00000 40.00000 0.28430
100.00000 45.00000 40.00000 0.28287
105.00000 45.00000 40.00000 0.28591
110.00000 45.00000 40.00000 0.29258
115.00000 45.00000 40.00000 0.30036
120.00000 45.00000 40.00000 0.30802
125.00000 45.00000 40.00000 0.31078
130.00000 45.00000 40.00000 0.30843
135.00000 45.00000 40.00000 0.30648
140.00000 45.00000 40.00000 0.30980
145.00000 45.00000 40.00000 0.32217
150.00000 45.00000 40.00000 0.35048
155.00000 45.00000 40.00000 0.40254
160.00000 45.00000 40.00000 0.49716
165.00000 45.00000 40.00000 0.65258
170.00000 45.00000 40.00000 0.85437
175.00000 45.00000 40.00000 1.09329
180.00000 45.00000 40.00000 1.27685
185.00000 45.00000 40.00000 1.27062
190.00000 45.00000 40.00000 1.19529
195.00000 45.00000 40.00000 1.08185
200.00000 45.00000 40.00000 0.89205
205.00000 45.00000 40.00000 0.70582
210.00000 45.00000 40.00000 0.56129
215.00000 45.00000 40.00000 0.45569
220.00000 45.00000 40.00000 0.38869
225.00000 45.00000 40.00000 0.35949
230.00000 45.00000 40.00000 0.35632
235.00000 45.00000 40.00000 0.36499
240.00000 45.00000 40.00000 0.37460
245.00000 45.00000 40.00000 0.37619
250.00000 45.00000 40.00000 0.36231
255.00000 45.00000 40.00000 0.34201
260.00000 45.00000 40.00000 0.32767
265.00000 45.00000 40.00000 0.31662
270.00000 45.00000 40.00000 0.31052
275.00000 45.00000 40.00000 0.30766
280.00000 45.00000 40.00000 0.30743
285.00000 45.00000 40.00000 0.31333
290.00000 45.00000 40.00000 0.32027
295.00000 45.00000 40.00000 0.32540
300.00000 45.00000 40.00000 0.32659
305.00000 45.00000 40.00000 0.32245
310.00000 45.00000 40.00000 0.31400
315.00000 45.00000 40.00000 0.30579
320.00000 45.00000 40.00000 0.30032
325.00000 45.00000 40.00000 0.30019
330.00000 45.00000 40.00000 0.31170
335.00000 45.00000 40.00000 0.34054
340.00000 45.00000 40.00000 0.39767
345.00000 45.00000 40.00000 0.49550
350.00000 45.00000 40.00000 0.61719
355.00000 45.00000 40.00000 0.73474
0.00000 50.00000 40.00000 0.50638
5.00000 50.00000 40.00000 0.53344
10.00000 50.00000 40.00000 0.50360
15.00000 50.00000 40.00000 0.44225
20.00000 50.00000 40.00000 0.38579
25.00000 50.00000 40.00000 0.34430
30.00000 50.00000 40.00000 0.31962
35.00000 50.00000 40.00000 0.30867
40.00000 50.00000 40.00000 0.30577
45.00000 50.00000 40.00000 0.31096
50.00000 50.00000 40.00000 0.32387
55.00000 50.00000 40.00000 0.34217
60.00000 50.00000 40.00000 0.35760
65.00000 50.00000 40.00000 0.35940
70.00000 50.00000 40.00000 0.34583
75.00000 50.00000 40.00000 0.32713
80.00000 50.00000 40.00000 0.31107
85.00000 50.00000 40.00000 0.29934
90.00000 50.00000 40.00000 0.29509
95.00000 50.00000 40.00000 0.29550
100.00000 50.00000 40.00000 0.29951
105.00000 50.00000 40.00000 0.31082
110.00000 50.00000 40.00000 0.32907
115.00000 50.00000 40.00000 0.34730
120.00000 50.00000 40.00000 0.36837
125.00000 50.00000 40.00000 0.37536
130.00000 50.00000 40.00000 0.35923
135.00000 50.00000 40.00000 0.33876
140.00000 50.00000 40.00000 0.32593
145.00000 50.00000 40.00000 0.31777
150.00000 50.00000 40.00000 0.31922
155.00000 50.00000 40.00000 0.33174
160.00000 50.00000 40.00000 0.36002
165.00000 50.00000 40.00000 0.40930
170.00000 50.00000 40.00000 0.47046
175.00000 50.00000 40.00000 0.56224
180.00000 50.00000 40.00000 0.65909
185.00000 50.00000 40.00000 0.66510
190.00000 50.00000 40.00000 0.60737
195.00000 50.00000 40.00000 0.55873
200.00000 50.00000 40.00000 0.48430
205.00000 50.00000 40.00000 0.41621
210.00000 50.00000 40.00000 0.37329
215.00000 50.00000 40.00000 0.34509
220.00000 50.00000 40.00000 0.32916
225.00000 50.00000 40.00000 0.32903
230.00000 50.00000 40.00000 0.34270
235.00000 50.00000 40.00000 0.36344
240.00000 50.00000 40.00000 0.38272
245.00000 50.00000 40.00000 0.39004
250.00000 50.00000 40.00000 0.37645
255.00000 50.00000 40.00000 0.35307
260.00000 50.00000 40.00000 0.33594
265.00000 50.00000 40.00000 0.32508
270.00000 50.00000 40.00000 0.32117
275.00000 50.00000 40.00000 0.32513
280.00000 50.00000 40.00000 0.33752
285.00000 50.00000 40.00000 0.35991
290.00000 50.00000 40.00000 0.38984
295.00000 50.00000 40.00000 0.41969
300.00000 50.00000 40.00000 0.43241
305.00000 50.00000 40.00000 0.41956
310.00000 50.00000 40.00000 0.39052
315.00000 50.00000 40.00000 0.36483
320.00000 50.00000 40.00000 0.34218
325.00000 50.00000 40.00000 0.32247
330.00000 50.00000 40.00000 0.31447
335.00000 50.00000 40.00000 0.31855
340.00000 50.00000 40.00000 0.33583
345.00000 50.00000 40.00000 0.37169
350.00000 50.00000 40.00000 0.41525
355.00000 50.00000 40.00000 0.45553
0.00000 55.00000 40.00000 0.38402
5.00000 55.00000 40.00000 0.39615
10.00000 55.00000 40.00000 0.38183
15.00000 55.00000 40.00000 0.35326
20.00000 55.00000 40.00000 0.32896
25.00000 55.00000 40.00000 0.31206
30.00000 55.00000 40.00000 0.30257
35.00000 55.00000 40.00000 0.30142
40.00000 55.00000 40.00000 0.30709
45.00000 55.00000 40.00000 0.31939
50.00000 55.00000 40.00000 0.33803
55.00000 55.00000 40.00000 0.36143
60.00000 55.00000 40.00000 0.37774
65.00000 55.00000 40.00000 0.37392
70.00000 55.00000 40.00000 0.35334
75.00000 55.00000 40.00000 0.33175
80.00000 55.00000 40.00000 0.31507
85.00000 55.00000 40.00000 0.30485
90.00000 55.00000 40.00000 0.30412
95.00000 55.00000 40.00000 0.31028
100.00000 55.00000 40.00000 0.32343
105.00000 55.00000 40.00000 0.35189
110.00000 55.00000 40.00000 0.39253
115.00000 55.00000 40.00000 0.42810
120.00000 55.00000 40.00000 0.47502
125.00000 55.00000 40.00000 0.49454
130.00000 55.00000 40.00000 0.45106
135.00000 55.00000 40.00000 0.39616
140.00000 55.00000 40.00000 0.36049
145.00000 55.00000 40.00000 0.33222
150.00000 55.00000 40.00000 0.31516
155.00000 55.00000 40.00000 0.30923
160.00000 55.00000 40.00000 0.31113
165.00000 55.00000 40.00000 0.32449
170.00000 55.00000 40.00000 0.34688
175.00000 55.00000 40.00000 0.38100
180.00000 55.00000 40.00000 0.41433
185.00000 55.00000 40.00000 0.41696
190.00000 55.00000 40.00000 0.39156
195.00000 55.00000 40.00000 0.36622
200.00000 55.00000 40.00000 0.33946
205.00000 55.00000 40.00000 0.31805
210.00000 55.00000 40.00000 0.30760
215.00000 55.00000 40.00000 0.30327
220.00000 55.00000 40.00000 0.30343
225.00000 55.00000 40.00000 0.31214
230.00000 55.00000 40.00000 0.32843
235.00000 55.00000 40.00000 0.34903
240.00000 55.00000 40.00000 0.37062
245.00000 55.00000 40.00000 0.37793
250.00000 55.00000 40.00000 0.36431
255.00000 55.00000 40.00000 0.34344
260.00000 55.00000 40.00000 0.32893
265.00000 55.00000 40.00000 0.32267
270.00000 55.00000 40.00000 0.32691
275.00000 55.00000 40.00000 0.34143
280.00000 55.00000 40.00000 0.37007
285.00000 55.00000 40.00000 0.41919
290.00000 55.00000 40.00000 0.48559
295.00000 55.00000 40.00000 0.56629
300.00000 55.00000 40.00000 0.62030
305.00000 55.00000 40.00000 0.59318
310.00000 55.00000 40.00000 0.52393
315.00000 55.00000 40.00000 0.47247
320.00000 55.00000 40.00000 0.41821
325.00000 55.00000 40.00000 0.36782
330.00000 55.00000 40.00000 0.33715
335.00000 55.00000 40.00000 0.32096
340.00000 55.00000 40.00000 0.31515
345.00000 55.00000 40.00000 0.32267
350.00000 55.00000 40.00000 0.33966
355.00000 55.00000 40.00000 0.36013
0.00000 60.00000 40.00000 0.36745
5.00000 60.00000 40.00000 0.37275
10.00000 60.00000 40.00000 0.36051
15.00000 60.00000 40.00000 0.34058
20.00000 60.00000 40.00000 0.32524
25.00000 60.00000 40.00000 0.31346
30.00000 60.00000 40.00000 0.30769
35.00000 60.00000 40.00000 0.30871
40.00000 60.00000 40.00000 0.31640
45.00000 60.00000 40.00000 0.33083
50.00000 60.00000 40.00000 0.34911
55.00000 60.00000 40.00000 0.36720
60.00000 60.00000 40.00000 0.37500
65.00000 60.00000 40.00000 0.36682
70.00000 60.00000 40.00000 0.34806
75.00000 60.00000 40.00000 0.33045
80.00000 60.00000 40.00000 0.31636
85.00000 60.00000 40.00000 0.30751
90.00000 60.00000 40.00000 0.30943
95.00000 60.00000 40.00000 0.32327
100.00000 60.00000 40.00000 0.35335
105.00000 60.00000 40.00000 0.40703
110.00000 60.00000 40.00000 0.46973
115.00000 60.00000 40.00000 0.52799
120.00000 60.00000 40.00000 0.59927
125.00000 60.00000 40.00000 0.62722
130.00000 60.00000 40.00000 0.57372
135.00000 60.00000 40.00000 0.48921
140.00000 60.00000 40.00000 0.41756
145.00000 60.00000 40.00000 0.36242
150.00000 60.00000 40.00000 0.32824
155.00000 60.00000 40.00000 0.31125
160.00000 60.00000 40.00000 0.30420
165.00000 60.00000 40.00000 0.30658
170.00000 60.00000 40.00000 0.31706
175.00000 60.00000 40.00000 0.33253
180.00000 60.00000 40.00000 0.34597
185.00000 60.00000 40.00000 0.34770
190.00000 60.00000 40.00000 0.33532
195.00000 60.00000 40.00000 0.31976
200.00000 60.00000 40.00000 0.30591
205.00000 60.00000 40.00000 0.29489
210.00000 60.00000 40.00000 0.29048
215.00000 60.00000 40.00000 0.28982
220.00000 60.00000 40.00000 0.29207
225.00000 60.00000 40.00000 0.30040
230.00000 60.00000 40.00000 0.31309
235.00000 60.00000 40.00000 0.32758
240.00000 60.00000 40.00000 0.34350
245.00000 60.00000 40.00000 0.34752
250.00000 60.00000 40.00000 0.33700
255.00000 60.00000 40.00000 0.32420
260.00000 60.00000 40.00000 0.31721
265.00000 60.00000 40.00000 0.31724
270.00000 60.00000 40.00000 0.32926
275.00000 60.00000 40.00000 0.35546
280.00000 60.00000 40.00000 0.40534
285.00000 60.00000 40.00000 0.48488
290.00000 60.00000 40.00000 0.58288
295.00000 60.00000 40.00000 0.71537
300.00000 60.00000 40.00000 0.83359
305.00000 60.00000 40.00000 0.81718
310.00000 60.00000 40.00000 0.73068
315.00000 60.00000 40.00000 0.65627
320.00000 60.00000 40.00000 0.55322
325.00000 60.00000 40.00000 0.45965
330.00000 60.00000 40.00000 0.39624
335.00000 60.00000 40.00000 0.35432
340.00000 60.00000 40.00000 0.33064
345.00000 60.00000 40.00000 0.32605
350.00000 60.00000 40.00000 0.33553
355.00000 60.00000 40.00000 0.35176
0.00000 65.00000 40.00000 0.44932
5.00000 65.00000 40.00000 0.44919
10.00000 65.00000 40.00000 0.41859
15.00000 65.00000 40.00000 0.38506
20.00000 65.00000 40.00000 0.36893
25.00000 65.00000 40.00000 0.35941
30.00000 65.00000 40.00000 0.35541
35.00000 65.00000 40.00000 0.35207
40.00000 65.00000 40.00000 0.35224
45.00000 65.00000 40.00000 0.36070
50.00000 65.00000 40.00000 0.36878
55.00000 65.00000 40.00000 0.37123
60.00000 65.00000 40.00000 0.36848
65.00000 65.00000 40.00000 0.35941
70.00000 65.00000 40.00000 0.34459
75.00000 65.00000 40.00000 0.33083
80.00000 65.00000 40.00000 0.31898
85.00000 65.00000 40.00000 0.31289
90.00000 65.00000 40.00000 0.31926
95.00000 65.00000 40.00000 0.33930
100.00000 65.00000 40.00000 0.38234
105.00000 65.00000 40.00000 0.45958
110.00000 65.00000 40.00000 0.55365
115.00000 65.00000 40.00000 0.64430
120.00000 65.00000 40.00000 0.71683
125.00000 65.00000 40.00000 0.72281
130.00000 65.00000 40.00000 0.68327
135.00000 65.00000 40.00000 0.60901
140.00000 65.00000 40.00000 0.51231
145.00000 65.00000 40.00000 0.42907
150.00000 65.00000 40.00000 0.37722
155.00000 65.00000 40.00000 0.35051
160.00000 65.00000 40.00000 0.33747
165.00000 65.00000 40.00000 0.33578
170.00000 65.00000 40.00000 0.34383
175.00000 65.00000 40.00000 0.35800
180.00000 65.00000 40.00000 0.36812
185.00000 65.00000 40.00000 0.36615
190.00000 65.00000 40.00000 0.35406
195.00000 65.00000 40.00000 0.33365
200.00000 65.00000 40.00000 0.31564
205.00000 65.00000 40.00000 0.30516
210.00000 65.00000 40.00000 0.29989
215.00000 65.00000 40.00000 0.29543
220.00000 65.00000 40.00000 0.29357
225.00000 65.00000 40.00000 0.29768
230.00000 65.00000 40.00000 0.30589
235.00000 65.00000 40.00000 0.31451
240.00000 65.00000 40.00000 0.32231
245.00000 65.00000 40.00000 0.32380
250.00000 65.00000 40.00000 0.31960
255.00000 65.00000 40.00000 0.31573
260.00000 65.00000 40.00000 0.31642
265.00000 65.00000 40.00000 0.32361
270.00000 65.00000 40.00000 0.34208
275.00000 65.00000 40.00000 0.37818
280.00000 65.00000 40.00000 0.44659
285.00000 65.00000 40.00000 0.55953
290.00000 65.00000 40.00000 0.71433
295.00000 65.00000 40.00000 0.91427
300.00000 65.00000 40.00000 1.07744
305.00000 65.00000 40.00000 1.07722
310.00000 65.00000 40.00000 1.03976
315.00000 65.00000 40.00000 0.97607
320.00000 65.00000 40.00000 0.83043
325.00000 65.00000 40.00000 0.68625
330.00000 65.00000 40.00000 0.57344
335.00000 65.00000 40.00000 0.48608
340.00000 65.00000 40.00000 0.42870
345.00000 65.00000 40.00000 0.40775
350.00000 65.00000 40.00000 0.41405
355.00000 65.00000 40.00000 0.43322
0.00000 70.00000 40.00000 0.68429
5.00000 70.00000 40.00000 0.68249
10.00000 70.00000 40.00000 0.63357
15.00000 70.00000 40.00000 0.59430
20.00000 70.00000 40.00000 0.58182
25.00000 70.00000 40.00000 0.57354
30.00000 70.00000 40.00000 0.56195
35.00000 70.00000 40.00000 0.53108
40.00000 70.00000 40.00000 0.48781
45.00000 70.00000 40.00000 0.45791
50.00000 70.00000 40.00000 0.43736
55.00000 70.00000 40.00000 0.41687
60.00000 70.00000 40.00000 0.39764
65.00000 70.00000 40.00000 0.37946
70.00000 70.00000 40.00000 0.36198
75.00000 70.00000 40.00000 0.34842
80.00000 70.00000 40.00000 0.33747
85.00000 70.00000 40.00000 0.33486
90.00000 70.00000 40.00000 0.34795
95.00000 70.00000 40.00000 0.37291
100.00000 70.00000 40.00000 0.42398
105.00000 70.00000 40.00000 0.52006
110.00000 70.00000 40.00000 0.64316
115.00000 70.00000 40.00000 0.76443
120.00000 70.00000 40.00000 0.85313
125.00000 70.00000 40.00000 0.86134
130.00000 70.00000 40.00000 0.83874
135.00000 70.00000 40.00000 0.80129
140.00000 70.00000 40.00000 0.71699
145.00000 70.00000 40.00000 0.62062
150.00000 70.00000 40.00000 0.55385
155.00000 70.00000 40.00000 0.51466
160.00000 70.00000 40.00000 0.48895
165.00000 70.00000 40.00000 0.47821
170.00000 70.00000 40.00000 0.48150
175.00000 70.00000 40.00000 0.49229
180.00000 70.00000 40.00000 0.48879
185.00000 70.00000 40.00000 0.46855
190.00000 70.00000 40.00000 0.44933
195.00000 70.00000 40.00000 0.42014
200.00000 70.00000 40.00000 0.39359
205.00000 70.00000 40.00000 0.37269
210.00000 70.00000 40.00000 0.35527
215.00000 70.00000 40.00000 0.33755
220.00000 70.00000 40.00000 0.32298
225.00000 70.00000 40.00000 0.31715
230.00000 70.00000 40.00000 0.31749
235.00000 70.00000 40.00000 0.31996
240.00000 70.00000 40.00000 0.32231
245.00000 70.00000 40.00000 0.32269
250.00000 70.00000 40.00000 0.32480
255.00000 70.00000 40.00000 0.32963
260.00000 70.00000 40.00000 0.33811
265.00000 70.00000 40.00000 0.35407
270.00000 70.00000 40.00000 0.37923
275.00000 70.00000 40.00000 0.42405
280.00000 70.00000 40.00000 0.50724
285.00000 70.00000 40.00000 0.65321
290.00000 70.00000 40.00000 0.86972
295.00000 70.00000 40.00000 1.14448
300.00000 70.00000 40.00000 1.40852
305.00000 70.00000 40.00000 1.49534
310.00000 70.00000 40.00000 1.50905
315.00000 70.00000 40.00000 1.53188
320.00000 70.00000 40.00000 1.41731
325.00000 70.00000 40.00000 1.23935
330.00000 70.00000 40.00000 1.06254
335.00000 70.00000 40.00000 0.89747
340.00000 70.00000 40.00000 0.77140
345.00000 70.00000 40.00000 0.70304
350.00000 70.00000 40.00000 0.68234
355.00000 70.00000 40.00000 0.68138
0.00000 75.00000 40.00000 1.24528
5.00000 75.00000 40.00000 1.22643
10.00000 75.00000 40.00000 1.18517
15.00000 75.00000 40.00000 1.19302
20.00000 75.00000 40.00000 1.23677
25.00000 75.00000 40.00000 1.27408
30.00000 75.00000 40.00000 1.25524
35.00000 75.00000 40.00000 1.14268
40.00000 75.00000 40.00000 0.91579
45.00000 75.00000 40.00000 0.72735
50.00000 75.00000 40.00000 0.63449
55.00000 75.00000 40.00000 0.57120
60.00000 75.00000 40.00000 0.50614
65.00000 75.00000 40.00000 0.45562
70.00000 75.00000 40.00000 0.42329
75.00000 75.00000 40.00000 0.40643
80.00000 75.00000 40.00000 0.39634
85.00000 75.00000 40.00000 0.39487
90.00000 75.00000 40.00000 0.41210
95.00000 75.00000 40.00000 0.44363
100.00000 75.00000 40.00000 0.51112
105.00000 75.00000 40.00000 0.62950
110.00000 75.00000 40.00000 0.76931
115.00000 75.00000 40.00000 0.91095
120.00000 75.00000 40.00000 1.03714
125.00000 75.00000 40.00000 1.11933
130.00000 75.00000 40.00000 1.15717
135.00000 75.00000 40.00000 1.19938
140.00000 75.00000 40.00000 1.19940
145.00000 75.00000 40.00000 1.14867
150.00000 75.00000 40.00000 1.09460
155.00000 75.00000 40.00000 1.03686
160.00000 75.00000 40.00000 0.97091
165.00000 75.00000 40.00000 0.92266
170.00000 75.00000 40.00000 0.89662
175.00000 75.00000 40.00000 0.87937
180.00000 75.00000 40.00000 0.83505
185.00000 75.00000 40.00000 0.77461
190.00000 75.00000 40.00000 0.73249
195.00000 75.00000 40.00000 0.68922
200.00000 75.00000 40.00000 0.64860
205.00000 75.00000 40.00000 0.59886
210.00000 75.00000 40.00000 0.55302
215.00000 75.00000 40.00000 0.50882
220.00000 75.00000 40.00000 0.45877
225.00000 75.00000 40.00000 0.40917
230.00000 75.00000 40.00000 0.38318
235.00000 75.00000 40.00000 0.37419
240.00000 75.00000 40.00000 0.36374
245.00000 75.00000 40.00000 0.35695
250.00000 75.00000 40.00000 0.36463
255.00000 75.00000 40.00000 0.37897
260.00000 75.00000 40.00000 0.39627
265.00000 75.00000 40.00000 0.42437
270.00000 75.00000 40.00000 0.46093
275.00000 75.00000 40.00000 0.51435
280.00000 75.00000 40.00000 0.60961
285.00000 75.00000 40.00000 0.78723
290.00000 75.00000 40.00000 1.04233
295.00000 75.00000 40.00000 1.34738
300.00000 75.00000 40.00000 1.70986
305.00000 75.00000 40.00000 1.96511
310.00000 75.00000 40.00000 2.07367
315.00000 75.00000 40.00000 2.31020
320.00000 75.00000 40.00000 2.42346
325.00000 75.00000 40.00000 2.31301
330.00000 75.00000 40.00000 2.10009
335.00000 75.00000 40.00000 1.85178
340.00000 75.00000 40.00000 1.62774
345.00000 75.00000 40.00000 1.45867
350.00000 75.00000 40.00000 1.35265
355.00000 75.00000 40.00000 1.28595
0.00000 80.00000 40.00000 2.40101
5.00000 80.00000 40.00000 2.33097
10.00000 80.00000 40.00000 2.29144
15.00000 80.00000 40.00000 2.37738
20.00000 80.00000 40.00000 2.53638
25.00000 80.00000 40.00000 2.66391
30.00000 80.00000 40.00000 2.65823
35.00000 80.00000 40.00000 2.43815
40.00000 80.00000 40.00000 1.88362
45.00000 80.00000 40.00000 1.37474
50.00000 80.00000 40.00000 1.10190
55.00000 80.00000 40.00000 0.91446
60.00000 80.00000 40.00000 0.72988
65.00000 80.00000 40.00000 0.60732
70.00000 80.00000 40.00000 0.53961
75.00000 80.00000 40.00000 0.51568
80.00000 80.00000 40.00000 0.51799
85.00000 80.00000 40.00000 0.53150
90.00000 80.00000 40.00000 0.55399
95.00000 80.00000 40.00000 0.58349
100.00000 80.00000 40.00000 0.64843
105.00000 80.00000 40.00000 0.76584
110.00000 80.00000 40.00000 0.91630
115.00000 80.00000 40.00000 1.09550
120.00000 80.00000 40.00000 1.29800
125.00000 80.00000 40.00000 1.54084
130.00000 80.00000 40.00000 1.74740
135.00000 80.00000 40.00000 1.92280
140.00000 80.00000 40.00000 2.11566
145.00000 80.00000 40.00000 2.23916
150.00000 80.00000 40.00000 2.27049
155.00000 80.00000 40.00000 2.19504
160.00000 80.00000 40.00000 2.05165
165.00000 80.00000 40.00000 1.92790
170.00000 80.00000 40.00000 1.85461
175.00000 80.00000 40.00000 1.80102
180.00000 80.00000 40.00000 1.71078
185.00000 80.00000 40.00000 1.57905
190.00000 80.00000 40.00000 1.45154
195.00000 80.00000 40.00000 1.35308
200.00000 80.00000 40.00000 1.27475
205.00000 80.00000 40.00000 1.17744
210.00000 80.00000 40.00000 1.09029
215.00000 80.00000 40.00000 1.01310
220.00000 80.00000 40.00000 0.89770
225.00000 80.00000 40.00000 0.72780
230.00000 80.00000 40.00000 0.61094
235.00000 80.00000 40.00000 0.54728
240.00000 80.00000 40.00000 0.48918
245.00000 80.00000 40.00000 0.45293
250.00000 80.00000 40.00000 0.45632
255.00000 80.00000 40.00000 0.48039
260.00000 80.00000 40.00000 0.51695
265.00000 80.00000 40.00000 0.56627
270.00000 80.00000 40.00000 0.61577
275.00000 80.00000 40.00000 0.66547
280.00000 80.00000 40.00000 0.74761
285.00000 80.00000 40.00000 0.91227
290.00000 80.00000 40.00000 1.14916
295.00000 80.00000 40.00000 1.42834
300.00000 80.00000 40.00000 1.83498
305.00000 80.00000 40.00000 2.27371
310.00000 80.00000 40.00000 2.54666
315.00000 80.00000 40.00000 3.01467
320.00000 80.00000 40.00000 3.49319
325.00000 80.00000 40.00000 3.61343
330.00000 80.00000 40.00000 3.49026
335.00000 80.00000 40.00000 3.26627
340.00000 80.00000 40.00000 3.00347
345.00000 80.00000 40.00000 2.74817
350.00000 80.00000 40.00000 2.56529
355.00000 80.00000 40.00000 2.46754
0.00000 85.00000 40.00000 3.79650
5.00000 85.00000 40.00000 3.75002
10.00000 85.00000 40.00000 3.77947
15.00000 85.00000 40.00000 3.96873
20.00000 85.00000 40.00000 4.21548
25.00000 85.00000 40.00000 4.33584
30.00000 85.00000 40.00000 4.25104
35.00000 85.00000 40.00000 3.88182
40.00000 85.00000 40.00000 3.14678
45.00000 85.00000 40.00000 2.40779
50.00000 85.00000 40.00000 1.86006
55.00000 85.00000 40.00000 1.41659
60.00000 85.00000 40.00000 1.04642
65.00000 85.00000 40.00000 0.81667
70.00000 85.00000 40.00000 0.70404
75.00000 85.00000 40.00000 0.68080
80.00000 85.00000 40.00000 0.70828
85.00000 85.00000 40.00000 0.74321
90.00000 85.00000 40.00000 0.76325
95.00000 85.00000 40.00000 0.77320
100.00000 85.00000 40.00000 0.80678
105.00000 85.00000 40.00000 0.88472
110.00000 85.00000 40.00000 1.01058
115.00000 85.00000 40.00000 1.20441
120.00000 85.00000 40.00000 1.49669
125.00000 85.00000 40.00000 1.92468
130.00000 85.00000 40.00000 2.32007
135.00000 85.00000 40.00000 2.67690
140.00000 85.00000 40.00000 3.21304
145.00000 85.00000 40.00000 3.62012
150.00000 85.00000 40.00000 3.79464
155.00000 85.00000 40.00000 3.74341
160.00000 85.00000 40.00000 3.55482
165.00000 85.00000 40.00000 3.37954
170.00000 85.00000 40.00000 3.27902
175.00000 85.00000 40.00000 3.20192
180.00000 85.00000 40.00000 3.07943
185.00000 85.00000 40.00000 2.90250
190.00000 85.00000 40.00000 2.73152
195.00000 85.00000 40.00000 2.61495
200.00000 85.00000 40.00000 2.50860
205.00000 85.00000 40.00000 2.35698
210.00000 85.00000 40.00000 2.19253
215.00000 85.00000 40.00000 2.03963
220.00000 85.00000 40.00000 1.81146
225.00000 85.00000 40.00000 1.46934
230.00000 85.00000 40.00000 1.16806
235.00000 85.00000 40.00000 0.94156
240.00000 85.00000 40.00000 0.76717
245.00000 85.00000 40.00000 0.66008
250.00000 85.00000 40.00000 0.62770
255.00000 85.00000 40.00000 0.65176
260.00000 85.00000 40.00000 0.70717
265.00000 85.00000 40.00000 0.76701
270.00000 85.00000 40.00000 0.80882
275.00000 85.00000 40.00000 0.83352
280.00000 85.00000 40.00000 0.87338
285.00000 85.00000 40.00000 0.95868
290.00000 85.00000 40.00000 1.08896
295.00000 85.00000 40.00000 1.27921
300.00000 85.00000 40.00000 1.62222
305.00000 85.00000 40.00000 2.09316
310.00000 85.00000 40.00000 2.53915
315.00000 85.00000 40.00000 3.12639
320.00000 85.00000 40.00000 3.76393
325.00000 85.00000 40.00000 4.13811
330.00000 85.00000 40.00000 4.27619
335.00000 85.00000 40.00000 4.27799
340.00000 85.00000 40.00000 4.15567
345.00000 85.00000 40.00000 3.98020
350.00000 85.00000 40.00000 3.86251
355.00000 85.00000 40.00000 3.82658
0.00000 90.00000 40.00000 4.25084
5.00000 90.00000 40.00000 4.29219
10.00000 90.00000 40.00000 4.40796
15.00000 90.00000 40.00000 4.65430
20.00000 90.00000 40.00000 4.91065
25.00000 90.00000 40.00000 5.00871
30.00000 90.00000 40.00000 4.87690
35.00000 90.00000 40.00000 4.49638
40.00000 90.00000 40.00000 3.86830
45.00000 90.00000 40.00000 3.10719
50.00000 90.00000 40.00000 2.39708
55.00000 90.00000 40.00000 1.79639
60.00000 90.00000 40.00000 1.30333
65.00000 90.00000 40.00000 0.99193
70.00000 90.00000 40.00000 0.84854
75.00000 90.00000 40.00000 0.82343
80.00000 90.00000 40.00000 0.85575
85.00000 90.00000 40.00000 0.88728
90.00000 90.00000 40.00000 0.88886
95.00000 90.00000 40.00000 0.87071
100.00000 90.00000 40.00000 0.87026
105.00000 90.00000 40.00000 0.90796
110.00000 90.00000 40.00000 0.99323
115.00000 90.00000 40.00000 1.16439
120.00000 90.00000 40.00000 1.48740
125.00000 90.00000 40.00000 1.98982
130.00000 90.00000 40.00000 2.50506
135.00000 90.00000 40.00000 3.05426
140.00000 90.00000 40.00000 3.81282
145.00000 90.00000 40.00000 4.30039
150.00000 90.00000 40.00000 4.47161
155.00000 90.00000 40.00000 4.45776
160.00000 90.00000 40.00000 4.32749
165.00000 90.00000 40.00000 4.19227
170.00000 90.00000 40.00000 4.11818
175.00000 90.00000 40.00000 4.06795
180.00000 90.00000 40.00000 3.98405
185.00000 90.00000 40.00000 3.87447
190.00000 90.00000 40.00000 3.81428
195.00000 90.00000 40.00000 3.84056
200.00000 90.00000 40.00000 3.86557
205.00000 90.00000 40.00000 3.80494
210.00000 90.00000 40.00000 3.66079
215.00000 90.00000 40.00000 3.42576
220.00000 90.00000 40.00000 3.02608
225.00000 90.00000 40.00000 2.45878
230.00000 90.00000 40.00000 1.93731
235.00000 90.00000 40.00000 1.52170
240.00000 90.00000 40.00000 1.17777
245.00000 90.00000 40.00000 0.95258
250.00000 90.00000 40.00000 0.84335
255.00000 90.00000 40.00000 0.82757
260.00000 90.00000 40.00000 0.85884
265.00000 90.00000 40.00000 0.88995
270.00000 90.00000 40.00000 0.89635
275.00000 90.00000 40.00000 0.88298
280.00000 90.00000 40.00000 0.87567
285.00000 90.00000 40.00000 0.88407
290.00000 90.00000 40.00000 0.91422
295.00000 90.00000 40.00000 1.00377
300.00000 90.00000 40.00000 1.20947
305.00000 90.00000 40.00000 1.54207
310.00000 90.00000 40.00000 1.91992
315.00000 90.00000 40.00000 2.35680
320.00000 90.00000 40.00000 2.89236
325.00000 90.00000 40.00000 3.37171
330.00000 90.00000 40.00000 3.71558
335.00000 90.00000 40.00000 3.91934
340.00000 90.00000 40.00000 3.99523
345.00000 90.00000 40.00000 4.02071
350.00000 90.00000 40.00000 4.08842
355.00000 90.00000 40.00000 4.18662
0.00000 0.00000 45.00000 0.57547
5.00000 0.00000 45.00000 0.54641
10.00000 0.00000 45.00000 0.47081
15.00000 0.00000 45.00000 0.41292
20.00000 0.00000 45.00000 0.39105
25.00000 0.00000 45.00000 0.38546
30.00000 0.00000 45.00000 0.38361
35.00000 0.00000 45.00000 0.38832
40.00000 0.00000 45.00000 0.39978
45.00000 0.00000 45.00000 0.40177
50.00000 0.00000 45.00000 0.38220
55.00000 0.00000 45.00000 0.35700
60.00000 0.00000 45.00000 0.35101
65.00000 0.00000 45.00000 0.37178
70.00000 0.00000 45.00000 0.40854
75.00000 0.00000 45.00000 0.44692
80.00000 0.00000 45.00000 0.49143
85.00000 0.00000 45.00000 0.54557
90.00000 0.00000 45.00000 0.57547
95.00000 0.00000 45.00000 0.54641
100.00000 0.00000 45.00000 0.47081
105.00000 0.00000 45.00000 0.41292
110.00000 0.00000 45.00000 0.39105
115.00000 0.00000 45.00000 0.38546
120.00000 0.00000 45.00000 0.38361
125.00000 0.00000 45.00000 0.38832
130.00000 0.00000 45.00000 0.39978
135.00000 0.00000 45.00000 0.40177
140.00000 0.00000 45.00000 0.38220
145.00000 0.00000 45.00000 0.35700
150.00000 0.00000 45.00000 0.35101
155.00000 0.00000 45.00000 0.37178
160.00000 0.00000 45.00000 0.40854
165.00000 0.00000 45.00000 0.44692
170.00000 0.00000 45.00000 0.49143
175.00000 0.00000 45.00000 0.54557
180.00000 0.00000 45.00000 0.57547
185.00000 0.00000 45.00000 0.54641
190.00000 0.00000 45.00000 0.47081
195.00000 0.00000 45.00000 0.41292
200.00000 0.00000 45.00000 0.39105
205.00000 0.00000 45.00000 0.38546
210.00000 0.00000 45.00000 0.38361
215.00000 0.00000 45.00000 0.38832
220.00000 0.00000 45.00000 0.39978
225.00000 0.00000 45.00000 0.40177
230.00000 0.00000 45.00000 0.38220
235.00000 0.00000 45.00000 0.35700
240.00000 0.00000 45.00000 0.35101
245.00000 0.00000 45.00000 0.37178
250.00000 0.00000 45.00000 0.40854
255.00000 0.00000 45.00000 0.44692
260.00000 0.00000 45.00000 0.49143
265.00000 0.00000 45.00000 0.54557
270.00000 0.00000 45.00000 0.57547
275.00000 0.00000 45.00000 0.54641
280.00000 0.00000 45.00000 0.47081
285.00000 0.00000 45.00000 0.41292
290.00000 0.00000 45.00000 0.39105
295.00000 0.00000 45.00000 0.38546
300.00000 0.00000 45.00000 0.38361
305.00000 0.00000 45.00000 0.38832
310.00000 0.00000 45.00000 0.39978
315.00000 0.00000 45.00000 0.40177
320.00000 0.00000 45.00000 0.38220
325.00000 0.00000 45.00000 0.35700
330.00000 0.00000 45.00000 0.35101
335.00000 0.00000 45.00000 0.37178
340.00000 0.00000 45.00000 0.40854
345.00000 0.00000 45.00000 0.44692
350.00000 0.00000 45.00000 0.49143
355.00000 0.00000 45.00000 0.54557
0.00000 5.00000 45.00000 0.73909
5.00000 5.00000 45.00000 0.69275
10.00000 5.00000 45.00000 0.59521
15.00000 5.00000 45.00000 0.52795
20.00000 5.00000 45.00000 0.50674
25.00000 5.00000 45.00000 0.50483
30.00000 5.00000 45.00000 0.50261
35.00000 5.00000 45.00000 0.50038
40.00000 5.00000 45.00000 0.49861
45.00000 5.00000 45.00000 0.48118
50.00000 5.00000 45.00000 0.43963
55.00000 5.00000 45.00000 0.39472
60.00000 5.00000 45.00000 0.37292
65.00000 5.00000 45.00000 0.37951
70.00000 5.00000 45.00000 0.40243
75.00000 5.00000 45.00000 0.42932
80.00000 5.00000 45.00000 0.46449
85.00000 5.00000 45.00000 0.51118
90.00000 5.00000 45.00000 0.53625
95.00000 5.00000 45.00000 0.50478
100.00000 5.00000 45.00000 0.43723
105.00000 5.00000 45.00000 0.38702
110.00000 5.00000 45.00000 0.36624
115.00000 5.00000 45.00000 0.35921
120.00000 5.00000 45.00000 0.35641
125.00000 5.00000 45.00000 0.36009
130.00000 5.00000 45.00000 0.37130
135.00000 5.00000 45.00000 0.37889
140.00000 5.00000 45.00000 0.37196
145.00000 5.00000 45.00000 0.35908
150.00000 5.00000 45.00000 0.35957
155.00000 5.00000 45.00000 0.38233
160.00000 5.00000 45.00000 0.42141
165.00000 5.00000 45.00000 0.46639
170.00000 5.00000 45.00000 0.51846
175.00000 5.00000 45.00000 0.56208
180.00000 5.00000 45.00000 0.57394
185.00000 5.00000 45.00000 0.56716
190.00000 5.00000 45.00000 0.50315
195.00000 5.00000 45.00000 0.43611
200.00000 5.00000 45.00000 0.40347
205.00000 5.00000 45.00000 0.38838
210.00000 5.00000 45.00000 0.37876
215.00000 5.00000 45.00000 0.37825
220.00000 5.00000 45.00000 0.38787
225.00000 5.00000 45.00000 0.39147
230.00000 5.00000 45.00000 0.37425
235.00000 5.00000 45.00000 0.34826
240.00000 5.00000 45.00000 0.33733
245.00000 5.00000 45.00000 0.35041
250.00000 5.00000 45.00000 0.37939
255.00000 5.00000 45.00000 0.41189
260.00000 5.00000 45.00000 0.44940
265.00000 5.00000 45.00000 0.49136
270.00000 5.00000 45.00000 0.51342
275.00000 5.00000 45.00000 0.49542
280.00000 5.00000 45.00000 0.43881
285.00000 5.00000 45.00000 0.39520
290.00000 5.00000 45.00000 0.38383
295.00000 5.00000 45.00000 0.39081
300.00000 5.00000 45.00000 0.40710
305.00000 5.00000 45.00000 0.43567
310.00000 5.00000 45.00000 0.47416
315.00000 5.00000 45.00000 0.49778
320.00000 5.00000 45.00000 0.48545
325.00000 5.00000 45.00000 0.45775
330.00000 5.00000 45.00000 0.45256
335.00000 5.00000 45.00000 0.48126
340.00000 5.00000 45.00000 0.52767
345.00000 5.00000 45.00000 0.57432
350.00000 5.00000 45.00000 0.63013
355.00000 5.00000 45.00000 0.70115
0.00000 10.00000 45.00000 1.14225
5.00000 10.00000 45.00000 1.08018
10.00000 10.00000 45.00000 0.93828
15.00000 10.00000 45.00000 0.82645
20.00000 10.00000 45.00000 0.77571
25.00000 10.00000 45.00000 0.74728
30.00000 10.00000 45.00000 0.71168
35.00000 10.00000 45.00000 0.67016
40.00000 10.00000 45.00000 0.63045
45.00000 10.00000 45.00000 0.57984
50.00000 10.00000 45.00000 0.50771
55.00000 10.00000 45.00000 0.43325
60.00000 10.00000 45.00000 0.38482
65.00000 10.00000 45.00000 0.36771
70.00000 10.00000 45.00000 0.36977
75.00000 10.00000 45.00000 0.38035
80.00000 10.00000 45.00000 0.40026
85.00000 10.00000 45.00000 0.42968
90.00000 10.00000 45.00000 0.44536
95.00000 10.00000 45.00000 0.42155
100.00000 10.00000 45.00000 0.37663
105.00000 10.00000 45.00000 0.34483
110.00000 10.00000 45.00000 0.33280
115.00000 10.00000 45.00000 0.33301
120.00000 10.00000 45.00000 0.34235
125.00000 10.00000 45.00000 0.36412
130.00000 10.00000 45.00000 0.39901
135.00000 10.00000 45.00000 0.43431
140.00000 10.00000 45.00000 0.45347
145.00000 10.00000 45.00000 0.46096
150.00000 10.00000 45.00000 0.47882
155.00000 10.00000 45.00000 0.51885
160.00000 10.00000 45.00000 0.57645
165.00000 10.00000 45.00000 0.64608
170.00000 10.00000 45.00000 0.73413
175.00000 10.00000 45.00000 0.82256
180.00000 10.00000 45.00000 0.86339
185.00000 10.00000 45.00000 0.83817
190.00000 10.00000 45.00000 0.72731
195.00000 10.00000 45.00000 0.61790
200.00000 10.00000 45.00000 0.55634
205.00000 10.00000 45.00000 0.51982
210.00000 10.00000 45.00000 0.49159
215.00000 10.00000 45.00000 0.47597
220.00000 10.00000 45.00000 0.47248
225.00000 10.00000 45.00000 0.45947
230.00000 10.00000 45.00000 0.42005
235.00000 10.00000 45.00000 0.37068
240.00000 10.00000 45.00000 0.33917
245.00000 10.00000 45.00000 0.33334
250.00000 10.00000 45.00000 0.34486
255.00000 10.00000 45.00000 0.36389
260.00000 10.00000 45.00000 0.38855
265.00000 10.00000 45.00000 0.41259
270.00000 10.00000 45.00000 0.42045
275.00000 10.00000 45.00000 0.41264
280.00000 10.00000 45.00000 0.38329
285.00000 10.00000 45.00000 0.35969
290.00000 10.00000 45.00000 0.35927
295.00000 10.00000 45.00000 0.37760
300.00000 10.00000 45.00000 0.41307
305.00000 10.00000 45.00000 0.47114
310.00000 10.00000 45.00000 0.54946
315.00000 10.00000 45.00000 0.61860
320.00000 10.00000 45.00000 0.64607
325.00000 10.00000 45.00000 0.64715
330.00000 10.00000 45.00000 0.66844
335.00000 10.00000 45.00000 0.72933
340.00000 10.00000 45.00000 0.81329
345.00000 10.00000 45.00000 0.90302
350.00000 10.00000 45.00000 1.00905
355.00000 10.00000 45.00000 1.11108
0.00000 15.00000 45.00000 1.79920
5.00000 15.00000 45.00000 1.72984
10.00000 15.00000 45.00000 1.51694
15.00000 15.00000 45.00000 1.30012
20.00000 15.00000 45.00000 1.14887
25.00000 15.00000 45.00000 1.02408
30.00000 15.00000 45.00000 0.90062
35.00000 15.00000 45.00000 0.78795
40.00000 15.00000 45.00000 0.69897
45.00000 15.00000 45.00000 0.61817
50.00000 15.00000 45.00000 0.52539
55.00000 15.00000 45.00000 0.43360
60.00000 15.00000 45.00000 0.37091
65.00000 15.00000 45.00000 0.34196
70.00000 15.00000 45.00000 0.33364
75.00000 15.00000 45.00000 0.33542
80.00000 15.00000 45.00000 0.34476
85.00000 15.00000 45.00000 0.36015
90.00000 15.00000 45.00000 0.36831
95.00000 15.00000 45.00000 0.35490
100.00000 15.00000 45.00000 0.33061
105.00000 15.00000 45.00000 0.31450
110.00000 15.00000 45.00000 0.31068
115.00000 15.00000 45.00000 0.31776
120.00000 15.00000 45.00000 0.33901
125.00000 15.00000 45.00000 0.38314
130.00000 15.00000 45.00000 0.45345
135.00000 15.00000 45.00000 0.53197
140.00000 15.00000 45.00000 0.59138
145.00000 15.00000 45.00000 0.63539
150.00000 15.00000 45.00000 0.69599
155.00000 15.00000 45.00000 0.78682
160.00000 15.00000 45.00000 0.89578
165.00000 15.00000 45.00000 1.01898
170.00000 15.00000 45.00000 1.17545
175.00000 15.00000 45.00000 1.35861
180.00000 15.00000 45.00000 1.47007
185.00000 15.00000 45.00000 1.40037
190.00000 15.00000 45.00000 1.19253
195.00000 15.00000 45.00000 0.99942
200.00000 15.00000 45.00000 0.87213
205.00000 15.00000 45.00000 0.77956
210.00000 15.00000 45.00000 0.70336
215.00000 15.00000 45.00000 0.64928
220.00000 15.00000 45.00000 0.61266
225.00000 15.00000 45.00000 0.56307
230.00000 15.00000 45.00000 0.48359
235.00000 15.00000 45.00000 0.40015
240.00000 15.00000 45.00000 0.34555
245.00000 15.00000 45.00000 0.32321
250.00000 15.00000 45.00000 0.32070
255.00000 15.00000 45.00000 0.32805
260.00000 15.00000 45.00000 0.34118
265.00000 15.00000 45.00000 0.35379
270.00000 15.00000 45.00000 0.35579
275.00000 15.00000 45.00000 0.35127
280.00000 15.00000 45.00000 0.33737
285.00000 15.00000 45.00000 0.32732
290.00000 15.00000 45.00000 0.33166
295.00000 15.00000 45.00000 0.35078
300.00000 15.00000 45.00000 0.38888
305.00000 15.00000 45.00000 0.45628
310.00000 15.00000 45.00000 0.55549
315.00000 15.00000 45.00000 0.66301
320.00000 15.00000 45.00000 0.74772
325.00000 15.00000 45.00000 0.81519
330.00000 15.00000 45.00000 0.90358
335.00000 15.00000 45.00000 1.03688
340.00000 15.00000 45.00000 1.21123
345.00000 15.00000 45.00000 1.41322
350.00000 15.00000 45.00000 1.63825
355.00000 15.00000 45.00000 1.79310
0.00000 20.00000 45.00000 2.78563
5.00000 20.00000 45.00000 2.63517
10.00000 20.00000 45.00000 2.25993
15.00000 20.00000 45.00000 1.85405
20.00000 20.00000 45.00000 1.50612
25.00000 20.00000 45.00000 1.20815
30.00000 20.00000 45.00000 0.96532
35.00000 20.00000 45.00000 0.78477
40.00000 20.00000 45.00000 0.66174
45.00000 20.00000 45.00000 0.56823
50.00000 20.00000 45.00000 0.47661
55.00000 20.00000 45.00000 0.39300
60.00000 20.00000 45.00000 0.33809
65.00000 20.00000 45.00000 0.31298
70.00000 20.00000 45.00000 0.30516
75.00000 20.00000 45.00000 0.30481
80.00000 20.00000 45.00000 0.30837
85.00000 20.00000 45.00000 0.31496
90.00000 20.00000 45.00000 0.31871
95.00000 20.00000 45.00000 0.31255
100.00000 20.00000 45.00000 0.30235
105.00000 20.00000 45.00000 0.29746
110.00000 20.00000 45.00000 0.29960
115.00000 20.00000 45.00000 0.30980
120.00000 20.00000 45.00000 0.33549
125.00000 20.00000 45.00000 0.39144
130.00000 20.00000 45.00000 0.48702
135.00000 20.00000 45.00000 0.60348
140.00000 20.00000 45.00000 0.70658
145.00000 20.00000 45.00000 0.80020
150.00000 20.00000 45.00000 0.92768
155.00000 20.00000 45.00000 1.11111
160.00000 20.00000 45.00000 1.33088
165.00000 20.00000 45.00000 1.56713
170.00000 20.00000 45.00000 1.83663
175.00000 20.00000 45.00000 2.11970
180.00000 20.00000 45.00000 2.29086
185.00000 20.00000 45.00000 2.20280
190.00000 20.00000 45.00000 1.88994
195.00000 20.00000 45.00000 1.56813
200.00000 20.00000 45.00000 1.31495
205.00000 20.00000 45.00000 1.10605
210.00000 20.00000 45.00000 0.93506
215.00000 20.00000 45.00000 0.80915
220.00000 20.00000 45.00000 0.71705
225.00000 20.00000 45.00000 0.62402
230.00000 20.00000 45.00000 0.51207
235.00000 20.00000 45.00000 0.40891
240.00000 20.00000 45.00000 0.34391
245.00000 20.00000 45.00000 0.31454
250.00000 20.00000 45.00000 0.30549
255.00000 20.00000 45.00000 0.30554
260.00000 20.00000 45.00000 0.30974
265.00000 20.00000 45.00000 0.31563
270.00000 20.00000 45.00000 0.31788
275.00000 20.00000 45.00000 0.31365
280.00000 20.00000 45.00000 0.30628
285.00000 20.00000 45.00000 0.30381
290.00000 20.00000 45.00000 0.30887
295.00000 20.00000 45.00000 0.32189
300.00000 20.00000 45.00000 0.34907
305.00000 20.00000 45.00000 0.40296
310.00000 20.00000 45.00000 0.49111
315.00000 20.00000 45.00000 0.60095
320.00000 20.00000 45.00000 0.71568
325.00000 20.00000 45.00000 0.84502
330.00000 20.00000 45.00000 1.01694
335.00000 20.00000 45.00000 1.25775
340.00000 20.00000 45.00000 1.58182
345.00000 20.00000 45.00000 1.97593
350.00000 20.00000 45.00000 2.40230
355.00000 20.00000 45.00000 2.71920
0.00000 25.00000 45.00000 3.66665
5.00000 25.00000 45.00000 3.42922
10.00000 25.00000 45.00000 2.88444
15.00000 25.00000 45.00000 2.27227
20.00000 25.00000 45.00000 1.70448
25.00000 25.00000 45.00000 1.23676
30.00000 25.00000 45.00000 0.90424
35.00000 25.00000 45.00000 0.69139
40.00000 25.00000 45.00000 0.56078
45.00000 25.00000 45.00000 0.47401
50.00000 25.00000 45.00000 0.40241
55.00000 25.00000 45.00000 0.34370
60.00000 25.00000 45.00000 0.30742
65.00000 25.00000 45.00000 0.29164
70.00000 25.00000 45.00000 0.28725
75.00000 25.00000 45.00000 0.28705
80.00000 25.00000 45.00000 0.28799
85.00000 25.00000 45.00000 0.29000
90.00000 25.00000 45.00000 0.29123
95.00000 25.00000 45.00000 0.28890
100.00000 25.00000 45.00000 0.28627
105.00000 25.00000 45.00000 0.28799
110.00000 25.00000 45.00000 0.29403
115.00000 25.00000 45.00000 0.30500
120.00000 25.00000 45.00000 0.32796
125.00000 25.00000 45.00000 0.37865
130.00000 25.00000 45.00000 0.47107
135.00000 25.00000 45.00000 0.59449
140.00000 25.00000 45.00000 0.72361
145.00000 25.00000 45.00000 0.86385
150.00000 25.00000 45.00000 1.05798
155.00000 25.00000 45.00000 1.34899
160.00000 25.00000 45.00000 1.73551
165.00000 25.00000 45.00000 2.17341
170.00000 25.00000 45.00000 2.63087
175.00000 25.00000 45.00000 3.00723
180.00000 25.00000 45.00000 3.18303
185.00000 25.00000 45.00000 3.10338
190.00000 25.00000 45.00000 2.69077
195.00000 25.00000 45.00000 2.19525
200.00000 25.00000 45.00000 1.75610
205.00000 25.00000 45.00000 1.37648
210.00000 25.00000 45.00000 1.07465
215.00000 25.00000 45.00000 0.85727
220.00000 25.00000 45.00000 0.70930
225.00000 25.00000 45.00000 0.59310
230.00000 25.00000 45.00000 0.48180
235.00000 25.00000 45.00000 0.38893
240.00000 25.00000 45.00000 0.33195
245.00000 25.00000 45.00000 0.30510
250.00000 25.00000 45.00000 0.29491
255.00000 25.00000 45.00000 0.29154
260.00000 25.00000 45.00000 0.29041
265.00000 25.00000 45.00000 0.29091
270.00000 25.00000 45.00000 0.29134
275.00000 25.00000 45.00000 0.28930
280.00000 25.00000 45.00000 0.28721
285.00000 25.00000 45.00000 0.28879
290.00000 25.00000 45.00000 0.29336
295.00000 25.00000 45.00000 0.30061
300.00000 25.00000 45.00000 0.31551
305.00000 25.00000 45.00000 0.34835
310.00000 25.00000 45.00000 0.40702
315.00000 25.00000 45.00000 0.48753
320.00000 25.00000 45.00000 0.58859
325.00000 25.00000 45.00000 0.73340
330.00000 25.00000 45.00000 0.95622
335.00000 25.00000 45.00000 1.29014
340.00000 25.00000 45.00000 1.76112
345.00000 25.00000 45.00000 2.34598
350.00000 25.00000 45.00000 2.96617
355.00000 25.00000 45.00000 3.47695
0.00000 30.00000 45.00000 3.64544
5.00000 30.00000 45.00000 3.44421
10.00000 30.00000 45.00000 2.89413
15.00000 30.00000 45.00000 2.22720
20.00000 30.00000 45.00000 1.59309
25.00000 30.00000 45.00000 1.08983
30.00000 30.00000 45.00000 0.75734
35.00000 30.00000 45.00000 0.56071
40.00000 30.00000 45.00000 0.44887
45.00000 30.00000 45.00000 0.38376
50.00000 30.00000 45.00000 0.33970
55.00000 30.00000 45.00000 0.30759
60.00000 30.00000 45.00000 0.28849
65.00000 30.00000 45.00000 0.28032
70.00000 30.00000 45.00000 0.27816
75.00000 30.00000 45.00000 0.27793
80.00000 30.00000 45.00000 0.27780
85.00000 30.00000 45.00000 0.27820
90.00000 30.00000 45.00000 0.27851
95.00000 30.00000 45.00000 0.27744
100.00000 30.00000 45.00000 0.27765
105.00000 30.00000 45.00000 0.28213
110.00000 30.00000 45.00000 0.29014
115.00000 30.00000 45.00000 0.30057
120.00000 30.00000 45.00000 0.31703
125.00000 30.00000 45.00000 0.35104
130.00000 30.00000 45.00000 0.41611
135.00000 30.00000 45.00000 0.51292
140.00000 30.00000 45.00000 0.63562
145.00000 30.00000 45.00000 0.79496
150.00000 30.00000 45.00000 1.02528
155.00000 30.00000 45.00000 1.38671
160.00000 30.00000 45.00000 1.91926
165.00000 30.00000 45.00000 2.57308
170.00000 30.00000 45.00000 3.24943
175.00000 30.00000 45.00000 3.70028
180.00000 30.00000 45.00000 3.74324
185.00000 30.00000 45.00000 3.65222
190.00000 30.00000 45.00000 3.21560
195.00000 30.00000 45.00000 2.57618
200.00000 30.00000 45.00000 1.97582
205.00000 30.00000 45.00000 1.45499
210.00000 30.00000 45.00000 1.05057
215.00000 30.00000 45.00000 0.77117
220.00000 30.00000 45.00000 0.60058
225.00000 30.00000 45.00000 0.49525
230.00000 30.00000 45.00000 0.41491
235.00000 30.00000 45.00000 0.35368
240.00000 30.00000 45.00000 0.31607
245.00000 30.00000 45.00000 0.29712
250.00000 30.00000 45.00000 0.28835
255.00000 30.00000 45.00000 0.28385
260.00000 30.00000 45.00000 0.28067
265.00000 30.00000 45.00000 0.27911
270.00000 30.00000 45.00000 0.27880
275.00000 30.00000 45.00000 0.27791
280.00000 30.00000 45.00000 0.27793
285.00000 30.00000 45.00000 0.28065
290.00000 30.00000 45.00000 0.28452
295.00000 30.00000 45.00000 0.28833
300.00000 30.00000 45.00000 0.29462
305.00000 30.00000 45.00000 0.30964
310.00000 30.00000 45.00000 0.33842
315.00000 30.00000 45.00000 0.38190
320.00000 30.00000 45.00000 0.44701
325.00000 30.00000 45.00000 0.56286
330.00000 30.00000 45.00000 0.77057
335.00000 30.00000 45.00000 1.10980
340.00000 30.00000 45.00000 1.60808
345.00000 30.00000 45.00000 2.23085
350.00000 30.00000 45.00000 2.87443
355.00000 30.00000 45.00000 3.40622
0.00000 35.00000 45.00000 2.73080
5.00000 35.00000 45.00000 2.60019
10.00000 35.00000 45.00000 2.18901
15.00000 35.00000 45.00000 1.67414
20.00000 35.00000 45.00000 1.18795
25.00000 35.00000 45.00000 0.81144
30.00000 35.00000 45.00000 0.57081
35.00000 35.00000 45.00000 0.43379
40.00000 35.00000 45.00000 0.36022
45.00000 35.00000 45.00000 0.32279
50.00000 35.00000 45.00000 0.30238
55.00000 35.00000 45.00000 0.28920
60.00000 35.00000 45.00000 0.28140
65.00000 35.00000 45.00000 0.27777
70.00000 35.00000 45.00000 0.27651
75.00000 35.00000 45.00000 0.27588
80.00000 35.00000 45.00000 0.27505
85.00000 35.00000 45.00000 0.27490
90.00000 35.00000 45.00000 0.27501
95.00000 35.00000 45.00000 0.27422
100.00000 35.00000 45.00000 0.27503
105.00000 35.00000 45.00000 0.28024
110.00000 35.00000 45.00000 0.28854
115.00000 35.00000 45.00000 0.29736
120.00000 35.00000 45.00000 0.30707
125.00000 35.00000 45.00000 0.32374
130.00000 35.00000 45.00000 0.35703
135.00000 35.00000 45.00000 0.41332
140.00000 35.00000 45.00000 0.49960
145.00000 35.00000 45.00000 0.63189
150.00000 35.00000 45.00000 0.83713
155.00000 35.00000 45.00000 1.17159
160.00000 35.00000 45.00000 1.69697
165.00000 35.00000 45.00000 2.38134
170.00000 35.00000 45.00000 3.09434
175.00000 35.00000 45.00000 3.48389
180.00000 35.00000 45.00000 3.36662
185.00000 35.00000 45.00000 3.30537
190.00000 35.00000 45.00000 2.95862
195.00000 35.00000 45.00000 2.34325
200.00000 35.00000 45.00000 1.75283
205.00000 35.00000 45.00000 1.24670
210.00000 35.00000 45.00000 0.86198
215.00000 35.00000 45.00000 0.60761
220.00000 35.00000 45.00000 0.46660
225.00000 35.00000 45.00000 0.39552
230.00000 35.00000 45.00000 0.35306
235.00000 35.00000 45.00000 0.32404
240.00000 35.00000 45.00000 0.30575
245.00000 35.00000 45.00000 0.29485
250.00000 35.00000 45.00000 0.28810
255.00000 35.00000 45.00000 0.28313
260.00000 35.00000 45.00000 0.27913
265.00000 35.00000 45.00000 0.27724
270.00000 35.00000 45.00000 0.27699
275.00000 35.00000 45.00000 0.27631
280.00000 35.00000 45.00000 0.27664
285.00000 35.00000 45.00000 0.27955
290.00000 35.00000 45.00000 0.28305
295.00000 35.00000 45.00000 0.28499
300.00000 35.00000 45.00000 0.28637
305.00000 35.00000 45.00000 0.29032
310.00000 35.00000 45.00000 0.29965
315.00000 35.00000 45.00000 0.31636
320.00000 35.00000 45.00000 0.34782
325.00000 35.00000 45.00000 0.41649
330.00000 35.00000 45.00000 0.55602
335.00000 35.00000 45.00000 0.80116
340.00000 35.00000 45.00000 1.17591
345.00000 35.00000 45.00000 1.65083
350.00000 35.00000 45.00000 2.13531
355.00000 35.00000 45.00000 2.53477
0.00000 40.00000 45.00000 1.64041
5.00000 40.00000 45.00000 1.55492
10.00000 40.00000 45.00000 1.31073
15.00000 40.00000 45.00000 1.01773
20.00000 40.00000 45.00000 0.74833
25.00000 40.00000 45.00000 0.54377
30.00000 40.00000 45.00000 0.41718
35.00000 40.00000 45.00000 0.34706
40.00000 40.00000 45.00000 0.31141
45.00000 40.00000 45.00000 0.29631
50.00000 40.00000 45.00000 0.29086
55.00000 40.00000 45.00000 0.28884
60.00000 40.00000 45.00000 0.28772
65.00000 40.00000 45.00000 0.28628
70.00000 40.00000 45.00000 0.28431
75.00000 40.00000 45.00000 0.28183
80.00000 40.00000 45.00000 0.27895
85.00000 40.00000 45.00000 0.27759
90.00000 40.00000 45.00000 0.27750
95.00000 40.00000 45.00000 0.27677
100.00000 40.00000 45.00000 0.27803
105.00000 40.00000 45.00000 0.28427
110.00000 40.00000 45.00000 0.29312
115.00000 40.00000 45.00000 0.30103
120.00000 40.00000 45.00000 0.30651
125.00000 40.00000 45.00000 0.31171
130.00000 40.00000 45.00000 0.32218
135.00000 40.00000 45.00000 0.34464
140.00000 40.00000 45.00000 0.38698
145.00000 40.00000 45.00000 0.46340
150.00000 40.00000 45.00000 0.59161
155.00000 40.00000 45.00000 0.80611
160.00000 40.00000 45.00000 1.15644
165.00000 40.00000 45.00000 1.62976
170.00000 40.00000 45.00000 2.12557
175.00000 40.00000 45.00000 2.38401
180.00000 40.00000 45.00000 2.29848
185.00000 40.00000 45.00000 2.24835
190.00000 40.00000 45.00000 2.00910
195.00000 40.00000 45.00000 1.59427
200.00000 40.00000 45.00000 1.19322
205.00000 40.00000 45.00000 0.85609
210.00000 40.00000 45.00000 0.60835
215.00000 40.00000 45.00000 0.45114
220.00000 40.00000 45.00000 0.36982
225.00000 40.00000 45.00000 0.33576
230.00000 40.00000 45.00000 0.32135
235.00000 40.00000 45.00000 0.31393
240.00000 40.00000 45.00000 0.30896
245.00000 40.00000 45.00000 0.30342
250.00000 40.00000 45.00000 0.29709
255.00000 40.00000 45.00000 0.29085
260.00000 40.00000 45.00000 0.28532
265.00000 40.00000 45.00000 0.28242
270.00000 40.00000 45.00000 0.28219
275.00000 40.00000 45.00000 0.28147
280.00000 40.00000 45.00000 0.28309
285.00000 40.00000 45.00000 0.28753
290.00000 40.00000 45.00000 0.29202
295.00000 40.00000 45.00000 0.29378
300.00000 40.00000 45.00000 0.29275
305.00000 40.00000 45.00000 0.29067
310.00000 40.00000 45.00000 0.28998
315.00000 40.00000 45.00000 0.29273
320.00000 40.00000 45.00000 0.30331
325.00000 40.00000 45.00000 0.33382
330.00000 40.00000 45.00000 0.40243
335.00000 40.00000 45.00000 0.52985
340.00000 40.00000 45.00000 0.73515
345.00000 40.00000 45.00000 1.00569
350.00000 40.00000 45.00000 1.28501
355.00000 40.00000 45.00000 1.52147
0.00000 45.00000 45.00000 0.91287
5.00000 45.00000 45.00000 0.85761
10.00000 45.00000 45.00000 0.72233
15.00000 45.00000 45.00000 0.58909
20.00000 45.00000 45.00000 0.47542
25.00000 45.00000 45.00000 0.38889
30.00000 45.00000 45.00000 0.33756
35.00000 45.00000 45.00000 0.31021
40.00000 45.00000 45.00000 0.29836
45.00000 45.00000 45.00000 0.29765
50.00000 45.00000 45.00000 0.30332
55.00000 45.00000 45.00000 0.31122
60.00000 45.00000 45.00000 0.31632
65.00000 45.00000 45.00000 0.31394
70.00000 45.00000 45.00000 0.30624
75.00000 45.00000 45.00000 0.29844
80.00000 45.00000 45.00000 0.29004
85.00000 45.00000 45.00000 0.28517
90.00000 45.00000 45.00000 0.28422
95.00000 45.00000 45.00000 0.28385
100.00000 45.00000 45.00000 0.28694
105.00000 45.00000 45.00000 0.29634
110.00000 45.00000 45.00000 0.30794
115.00000 45.00000 45.00000 0.31926
120.00000 45.00000 45.00000 0.32526
125.00000 45.00000 45.00000 0.32390
130.00000 45.00000 45.00000 0.31994
135.00000 45.00000 45.00000 0.32101
140.00000 45.00000 45.00000 0.33234
145.00000 45.00000 45.00000 0.36131
150.00000 45.00000 45.00000 0.41583
155.00000 45.00000 45.00000 0.50918
160.00000 45.00000 45.00000 0.66582
165.00000 45.00000 45.00000 0.87839
170.00000 45.00000 45.00000 1.11399
175.00000 45.00000 45.00000 1.29928
180.00000 45.00000 45.00000 1.32257
185.00000 45.00000 45.00000 1.22005
190.00000 45.00000 45.00000 1.06553
195.00000 45.00000 45.00000 0.88020
200.00000 45.00000 45.00000 0.68853
205.00000 45.00000 45.00000 0.53195
210.00000 45.00000 45.00000 0.42386
215.00000 45.00000 45.00000 0.35749
220.00000 45.00000 45.00000 0.32602
225.00000 45.00000 45.00000 0.31803
230.00000 45.00000 45.00000 0.32108
235.00000 45.00000 45.00000 0.32761
240.00000 45.00000 45.00000 0.33198
245.00000 45.00000 45.00000 0.32887
250.00000 45.00000 45.00000 0.31896
255.00000 45.00000 45.00000 0.30832
260.00000 45.00000 45.00000 0.29900
265.00000 45.00000 45.00000 0.29226
270.00000 45.00000 45.00000 0.29104
275.00000 45.00000 45.00000 0.29203
280.00000 45.00000 45.00000 0.29816
285.00000 45.00000 45.00000 0.30711
290.00000 45.00000 45.00000 0.31646
295.00000 45.00000 45.00000 0.32252
300.00000 45.00000 45.00000 0.32160
305.00000 45.00000 45.00000 0.31417
310.00000 45.00000 45.00000 0.30497
315.00000 45.00000 45.00000 0.29845
320.00000 45.00000 45.00000 0.29706
325.00000 45.00000 45.00000 0.30600
330.00000 45.00000 45.00000 0.33217
335.00000 45.00000 45.00000 0.38279
340.00000 45.00000 45.00000 0.47029
345.00000 45.00000 45.00000 0.59165
350.00000 45.00000 45.00000 0.71348
355.00000 45.00000 45.00000 0.83383
0.00000 50.00000 45.00000 0.55183
5.00000 50.00000 45.00000 0.53156
10.00000 50.00000 45.00000 0.46026
15.00000 50.00000 45.00000 0.40069
20.00000 50.00000 45.00000 0.35807
25.00000 50.00000 45.00000 0.32663
30.00000 50.00000 45.00000 0.31114
35.00000 50.00000 45.00000 0.30458
40.00000 50.00000 45.00000 0.30723
45.00000 50.00000 45.00000 0.31924
50.00000 50.00000 45.00000 0.33943
55.00000 50.00000 45.00000 0.36354
60.00000 50.00000 45.00000 0.37571
65.00000 50.00000 45.00000 0.36409
70.00000 50.00000 45.00000 0.34267
75.00000 50.00000 45.00000 0.32510
80.00000 50.00000 45.00000 0.30839
85.00000 50.00000 45.00000 0.29849
90.00000 50.00000 45.00000 0.29524
95.00000 50.00000 45.00000 0.29563
100.00000 50.00000 45.00000 0.30139
105.00000 50.00000 45.00000 0.31463
110.00000 50.00000 45.00000 0.33093
115.00000 50.00000 45.00000 0.35169
120.00000 50.00000 45.00000 0.36608
125.00000 50.00000 45.00000 0.36064
130.00000 50.00000 45.00000 0.34251
135.00000 50.00000 45.00000 0.32745
140.00000 50.00000 45.00000 0.31994
145.00000 50.00000 45.00000 0.32213
150.00000 50.00000 45.00000 0.33627
155.00000 50.00000 45.00000 0.36341
160.00000 50.00000 45.00000 0.41445
165.00000 50.00000 45.00000 0.48480
170.00000 50.00000 45.00000 0.57703
175.00000 50.00000 45.00000 0.68039
180.00000 50.00000 45.00000 0.70909
185.00000 50.00000 45.00000 0.63585
190.00000 50.00000 45.00000 0.56380
195.00000 50.00000 45.00000 0.49815
200.00000 50.00000 45.00000 0.42336
205.00000 50.00000 45.00000 0.37073
210.00000 50.00000 45.00000 0.33904
215.00000 50.00000 45.00000 0.32037
220.00000 50.00000 45.00000 0.31541
225.00000 50.00000 45.00000 0.32391
230.00000 50.00000 45.00000 0.33956
235.00000 50.00000 45.00000 0.35908
240.00000 50.00000 45.00000 0.37386
245.00000 50.00000 45.00000 0.37057
250.00000 50.00000 45.00000 0.35108
255.00000 50.00000 45.00000 0.33047
260.00000 50.00000 45.00000 0.31515
265.00000 50.00000 45.00000 0.30447
270.00000 50.00000 45.00000 0.30175
275.00000 50.00000 45.00000 0.30622
280.00000 50.00000 45.00000 0.31781
285.00000 50.00000 45.00000 0.33475
290.00000 50.00000 45.00000 0.35730
295.00000 50.00000 45.00000 0.37681
300.00000 50.00000 45.00000 0.37972
305.00000 50.00000 45.00000 0.36332
310.00000 50.00000 45.00000 0.34098
315.00000 50.00000 45.00000 0.32291
320.00000 50.00000 45.00000 0.30958
325.00000 50.00000 45.00000 0.30550
330.00000 50.00000 45.00000 0.31116
335.00000 50.00000 45.00000 0.32509
340.00000 50.00000 45.00000 0.35411
345.00000 50.00000 45.00000 0.40211
350.00000 50.00000 45.00000 0.44741
355.00000 50.00000 45.00000 0.49982
0.00000 55.00000 45.00000 0.40902
5.00000 55.00000 45.00000 0.40297
10.00000 55.00000 45.00000 0.37116
15.00000 55.00000 45.00000 0.34195
20.00000 55.00000 45.00000 0.32277
25.00000 55.00000 45.00000 0.31196
30.00000 55.00000 45.00000 0.31075
35.00000 55.00000 45.00000 0.31635
40.00000 55.00000 45.00000 0.33237
45.00000 55.00000 45.00000 0.35920
50.00000 55.00000 45.00000 0.39939
55.00000 55.00000 45.00000 0.44311
60.00000 55.00000 45.00000 0.45485
65.00000 55.00000 45.00000 0.42541
70.00000 55.00000 45.00000 0.38984
75.00000 55.00000 45.00000 0.35925
80.00000 55.00000 45.00000 0.33074
85.00000 55.00000 45.00000 0.31571
90.00000 55.00000 45.00000 0.31028
95.00000 55.00000 45.00000 0.30923
100.00000 55.00000 45.00000 0.31628
105.00000 55.00000 45.00000 0.33585
110.00000 55.00000 45.00000 0.35951
115.00000 55.00000 45.00000 0.38892
120.00000 55.00000 45.00000 0.41532
125.00000 55.00000 45.00000 0.40917
130.00000 55.00000 45.00000 0.37536
135.00000 55.00000 45.00000 0.34427
140.00000 55.00000 45.00000 0.32376
145.00000 55.00000 45.00000 0.31178
150.00000 55.00000 45.00000 0.30954
155.00000 55.00000 45.00000 0.31398
160.00000 55.00000 45.00000 0.32827
165.00000 55.00000 45.00000 0.35294
170.00000 55.00000 45.00000 0.39022
175.00000 55.00000 45.00000 0.43097
180.00000 55.00000 45.00000 0.44283
185.00000 55.00000 45.00000 0.41584
190.00000 55.00000 45.00000 0.38202
195.00000 55.00000 45.00000 0.35320
200.00000 55.00000 45.00000 0.32682
205.00000 55.00000 45.00000 0.31318
210.00000 55.00000 45.00000 0.30863
215.00000 55.00000 45.00000 0.30820
220.00000 55.00000 45.00000 0.31559
225.00000 55.00000 45.00000 0.33528
230.00000 55.00000 45.00000 0.35890
235.00000 55.00000 45.00000 0.38829
240.00000 55.00000 45.00000 0.41459
245.00000 55.00000 45.00000 0.40802
250.00000 55.00000 45.00000 0.37420
255.00000 55.00000 45.00000 0.34373
260.00000 55.00000 45.00000 0.32372
265.00000 55.00000 45.00000 0.31225
270.00000 55.00000 45.00000 0.31062
275.00000 55.00000 45.00000 0.31563
280.00000 55.00000 45.00000 0.33113
285.00000 55.00000 45.00000 0.35748
290.00000 55.00000 45.00000 0.39720
295.00000 55.00000 45.00000 0.44160
300.00000 55.00000 45.00000 0.45459
305.00000 55.00000 45.00000 0.42567
310.00000 55.00000 45.00000 0.39030
315.00000 55.00000 45.00000 0.35961
320.00000 55.00000 45.00000 0.33081
325.00000 55.00000 45.00000 0.31554
330.00000 55.00000 45.00000 0.30979
335.00000 55.00000 45.00000 0.30831
340.00000 55.00000 45.00000 0.31462
345.00000 55.00000 45.00000 0.33293
350.00000 55.00000 45.00000 0.35561
355.00000 55.00000 45.00000 0.38412
0.00000 60.00000 45.00000 0.38983
5.00000 60.00000 45.00000 0.38434
10.00000 60.00000 45.00000 0.36280
15.00000 60.00000 45.00000 0.34298
20.00000 60.00000 45.00000 0.33175
25.00000 60.00000 45.00000 0.32860
30.00000 60.00000 45.00000 0.33514
35.00000 60.00000 45.00000 0.35147
40.00000 60.00000 45.00000 0.38252
45.00000 60.00000 45.00000 0.42805
50.00000 60.00000 45.00000 0.48287
55.00000 60.00000 45.00000 0.52256
60.00000 60.00000 45.00000 0.51938
65.00000 60.00000 45.00000 0.47607
70.00000 60.00000 45.00000 0.43147
75.00000 60.00000 45.00000 0.39654
80.00000 60.00000 45.00000 0.35838
85.00000 60.00000 45.00000 0.33114
90.00000 60.00000 45.00000 0.31954
95.00000 60.00000 45.00000 0.31925
100.00000 60.00000 45.00000 0.33270
105.00000 60.00000 45.00000 0.35846
110.00000 60.00000 45.00000 0.38437
115.00000 60.00000 45.00000 0.41554
120.00000 60.00000 45.00000 0.44417
125.00000 60.00000 45.00000 0.44098
130.00000 60.00000 45.00000 0.40492
135.00000 60.00000 45.00000 0.36324
140.00000 60.00000 45.00000 0.33257
145.00000 60.00000 45.00000 0.31284
150.00000 60.00000 45.00000 0.30447
155.00000 60.00000 45.00000 0.30365
160.00000 60.00000 45.00000 0.30967
165.00000 60.00000 45.00000 0.32260
170.00000 60.00000 45.00000 0.34219
175.00000 60.00000 45.00000 0.36192
180.00000 60.00000 45.00000 0.36915
185.00000 60.00000 45.00000 0.35811
190.00000 60.00000 45.00000 0.33752
195.00000 60.00000 45.00000 0.31943
200.00000 60.00000 45.00000 0.30581
205.00000 60.00000 45.00000 0.30006
210.00000 60.00000 45.00000 0.30146
215.00000 60.00000 45.00000 0.30765
220.00000 60.00000 45.00000 0.32158
225.00000 60.00000 45.00000 0.34871
230.00000 60.00000 45.00000 0.37633
235.00000 60.00000 45.00000 0.40587
240.00000 60.00000 45.00000 0.43070
245.00000 60.00000 45.00000 0.41488
250.00000 60.00000 45.00000 0.37762
255.00000 60.00000 45.00000 0.35064
260.00000 60.00000 45.00000 0.33158
265.00000 60.00000 45.00000 0.31777
270.00000 60.00000 45.00000 0.31571
275.00000 60.00000 45.00000 0.32243
280.00000 60.00000 45.00000 0.34401
285.00000 60.00000 45.00000 0.37592
290.00000 60.00000 45.00000 0.42299
295.00000 60.00000 45.00000 0.48740
300.00000 60.00000 45.00000 0.52159
305.00000 60.00000 45.00000 0.49485
310.00000 60.00000 45.00000 0.46023
315.00000 60.00000 45.00000 0.41882
320.00000 60.00000 45.00000 0.37222
325.00000 60.00000 45.00000 0.34371
330.00000 60.00000 45.00000 0.32738
335.00000 60.00000 45.00000 0.31817
340.00000 60.00000 45.00000 0.31852
345.00000 60.00000 45.00000 0.33171
350.00000 60.00000 45.00000 0.35271
355.00000 60.00000 45.00000 0.37565
0.00000 65.00000 45.00000 0.48448
5.00000 65.00000 45.00000 0.47448
10.00000 65.00000 45.00000 0.43531
15.00000 65.00000 45.00000 0.41151
20.00000 65.00000 45.00000 0.40888
25.00000 65.00000 45.00000 0.41690
30.00000 65.00000 45.00000 0.43433
35.00000 65.00000 45.00000 0.45827
40.00000 65.00000 45.00000 0.49893
45.00000 65.00000 45.00000 0.55041
50.00000 65.00000 45.00000 0.58709
55.00000 65.00000 45.00000 0.59190
60.00000 65.00000 45.00000 0.57752
65.00000 65.00000 45.00000 0.53156
70.00000 65.00000 45.00000 0.47409
75.00000 65.00000 45.00000 0.42579
80.00000 65.00000 45.00000 0.37804
85.00000 65.00000 45.00000 0.34468
90.00000 65.00000 45.00000 0.33120
95.00000 65.00000 45.00000 0.33020
100.00000 65.00000 45.00000 0.34618
105.00000 65.00000 45.00000 0.37717
110.00000 65.00000 45.00000 0.40908
115.00000 65.00000 45.00000 0.44003
120.00000 65.00000 45.00000 0.45629
125.00000 65.00000 45.00000 0.44632
130.00000 65.00000 45.00000 0.42199
135.00000 65.00000 45.00000 0.38687
140.00000 65.00000 45.00000 0.35301
145.00000 65.00000 45.00000 0.33090
150.00000 65.00000 45.00000 0.32291
155.00000 65.00000 45.00000 0.32279
160.00000 65.00000 45.00000 0.32984
165.00000 65.00000 45.00000 0.34336
170.00000 65.00000 45.00000 0.36597
175.00000 65.00000 45.00000 0.39159
180.00000 65.00000 45.00000 0.39914
185.00000 65.00000 45.00000 0.38906
190.00000 65.00000 45.00000 0.36661
195.00000 65.00000 45.00000 0.34110
200.00000 65.00000 45.00000 0.32494
205.00000 65.00000 45.00000 0.31956
210.00000 65.00000 45.00000 0.32166
215.00000 65.00000 45.00000 0.32902
220.00000 65.00000 45.00000 0.34492
225.00000 65.00000 45.00000 0.37229
230.00000 65.00000 45.00000 0.39999
235.00000 65.00000 45.00000 0.42504
240.00000 65.00000 45.00000 0.43841
245.00000 65.00000 45.00000 0.41893
250.00000 65.00000 45.00000 0.38765
255.00000 65.00000 45.00000 0.36378
260.00000 65.00000 45.00000 0.34594
265.00000 65.00000 45.00000 0.33243
270.00000 65.00000 45.00000 0.32889
275.00000 65.00000 45.00000 0.33798
280.00000 65.00000 45.00000 0.36321
285.00000 65.00000 45.00000 0.40552
290.00000 65.00000 45.00000 0.47187
295.00000 65.00000 45.00000 0.55657
300.00000 65.00000 45.00000 0.61127
305.00000 65.00000 45.00000 0.60344
310.00000 65.00000 45.00000 0.58513
315.00000 65.00000 45.00000 0.54391
320.00000 65.00000 45.00000 0.48620
325.00000 65.00000 45.00000 0.44138
330.00000 65.00000 45.00000 0.41063
335.00000 65.00000 45.00000 0.38835
340.00000 65.00000 45.00000 0.38158
345.00000 65.00000 45.00000 0.39776
350.00000 65.00000 45.00000 0.43262
355.00000 65.00000 45.00000 0.46548
0.00000 70.00000 45.00000 0.72031
5.00000 70.00000 45.00000 0.73603
10.00000 70.00000 45.00000 0.69626
15.00000 70.00000 45.00000 0.69109
20.00000 70.00000 45.00000 0.71768
25.00000 70.00000 45.00000 0.75576
30.00000 70.00000 45.00000 0.78898
35.00000 70.00000 45.00000 0.80183
40.00000 70.00000 45.00000 0.80587
45.00000 70.00000 45.00000 0.80124
50.00000 70.00000 45.00000 0.77508
55.00000 70.00000 45.00000 0.74017
60.00000 70.00000 45.00000 0.69829
65.00000 70.00000 45.00000 0.62039
70.00000 70.00000 45.00000 0.53627
75.00000 70.00000 45.00000 0.46773
80.00000 70.00000 45.00000 0.40826
85.00000 70.00000 45.00000 0.37231
90.00000 70.00000 45.00000 0.36102
95.00000 70.00000 45.00000 0.35771
100.00000 70.00000 45.00000 0.37543
105.00000 70.00000 45.00000 0.41360
110.00000 70.00000 45.00000 0.45279
115.00000 70.00000 45.00000 0.48646
120.00000 70.00000 45.00000 0.50124
125.00000 70.00000 45.00000 0.48730
130.00000 70.00000 45.00000 0.46892
135.00000 70.00000 45.00000 0.45150
140.00000 70.00000 45.00000 0.43193
145.00000 70.00000 45.00000 0.42037
150.00000 70.00000 45.00000 0.42169
155.00000 70.00000 45.00000 0.42986
160.00000 70.00000 45.00000 0.44660
165.00000 70.00000 45.00000 0.47124
170.00000 70.00000 45.00000 0.50170
175.00000 70.00000 45.00000 0.53301
180.00000 70.00000 45.00000 0.52578
185.00000 70.00000 45.00000 0.50932
190.00000 70.00000 45.00000 0.49108
195.00000 70.00000 45.00000 0.45800
200.00000 70.00000 45.00000 0.43411
205.00000 70.00000 45.00000 0.42160
210.00000 70.00000 45.00000 0.41920
215.00000 70.00000 45.00000 0.42180
220.00000 70.00000 45.00000 0.43015
225.00000 70.00000 45.00000 0.44326
230.00000 70.00000 45.00000 0.45418
235.00000 70.00000 45.00000 0.47035
240.00000 70.00000 45.00000 0.47352
245.00000 70.00000 45.00000 0.44859
250.00000 70.00000 45.00000 0.42229
255.00000 70.00000 45.00000 0.39983
260.00000 70.00000 45.00000 0.38089
265.00000 70.00000 45.00000 0.36717
270.00000 70.00000 45.00000 0.36071
275.00000 70.00000 45.00000 0.37397
280.00000 70.00000 45.00000 0.40625
285.00000 70.00000 45.00000 0.47005
290.00000 70.00000 45.00000 0.56898
295.00000 70.00000 45.00000 0.69106
300.00000 70.00000 45.00000 0.80146
305.00000 70.00000 45.00000 0.83255
310.00000 70.00000 45.00000 0.84282
315.00000 70.00000 45.00000 0.84753
320.00000 70.00000 45.00000 0.81732
325.00000 70.00000 45.00000 0.76924
330.00000 70.00000 45.00000 0.71547
335.00000 70.00000 45.00000 0.66523
340.00000 70.00000 45.00000 0.64259
345.00000 70.00000 45.00000 0.65001
350.00000 70.00000 45.00000 0.67944
355.00000 70.00000 45.00000 0.69304
0.00000 75.00000 45.00000 1.24596
5.00000 75.00000 45.00000 1.30381
10.00000 75.00000 45.00000 1.33391
15.00000 75.00000 45.00000 1.43412
20.00000 75.00000 45.00000 1.57224
25.00000 75.00000 45.00000 1.71170
30.00000 75.00000 45.00000 1.77835
35.00000 75.00000 45.00000 1.71658
40.00000 75.00000 45.00000 1.51128
45.00000 75.00000 45.00000 1.27407
50.00000 75.00000 45.00000 1.12056
55.00000 75.00000 45.00000 1.04326
60.00000 75.00000 45.00000 0.91917
65.00000 75.00000 45.00000 0.77469
70.00000 75.00000 45.00000 0.65657
75.00000 75.00000 45.00000 0.57115
80.00000 75.00000 45.00000 0.49389
85.00000 75.00000 45.00000 0.44020
90.00000 75.00000 45.00000 0.42302
95.00000 75.00000 45.00000 0.42342
100.00000 75.00000 45.00000 0.45854
105.00000 75.00000 45.00000 0.51409
110.00000 75.00000 45.00000 0.55956
115.00000 75.00000 45.00000 0.59806
120.00000 75.00000 45.00000 0.62776
125.00000 75.00000 45.00000 0.64246
130.00000 75.00000 45.00000 0.63828
135.00000 75.00000 45.00000 0.65312
140.00000 75.00000 45.00000 0.69874
145.00000 75.00000 45.00000 0.75671
150.00000 75.00000 45.00000 0.79763
155.00000 75.00000 45.00000 0.82016
160.00000 75.00000 45.00000 0.83760
165.00000 75.00000 45.00000 0.86664
170.00000 75.00000 45.00000 0.89080
175.00000 75.00000 45.00000 0.90629
180.00000 75.00000 45.00000 0.87390
185.00000 75.00000 45.00000 0.85310
190.00000 75.00000 45.00000 0.85109
195.00000 75.00000 45.00000 0.82634
200.00000 75.00000 45.00000 0.80151
205.00000 75.00000 45.00000 0.77478
210.00000 75.00000 45.00000 0.76199
215.00000 75.00000 45.00000 0.74742
220.00000 75.00000 45.00000 0.71228
225.00000 75.00000 45.00000 0.65018
230.00000 75.00000 45.00000 0.60488
235.00000 75.00000 45.00000 0.60592
240.00000 75.00000 45.00000 0.57530
245.00000 75.00000 45.00000 0.52744
250.00000 75.00000 45.00000 0.50697
255.00000 75.00000 45.00000 0.48568
260.00000 75.00000 45.00000 0.45975
265.00000 75.00000 45.00000 0.44509
270.00000 75.00000 45.00000 0.43898
275.00000 75.00000 45.00000 0.45534
280.00000 75.00000 45.00000 0.50214
285.00000 75.00000 45.00000 0.60632
290.00000 75.00000 45.00000 0.74650
295.00000 75.00000 45.00000 0.90574
300.00000 75.00000 45.00000 1.10984
305.00000 75.00000 45.00000 1.25201
310.00000 75.00000 45.00000 1.31931
315.00000 75.00000 45.00000 1.46730
320.00000 75.00000 45.00000 1.63341
325.00000 75.00000 45.00000 1.66781
330.00000 75.00000 45.00000 1.57937
335.00000 75.00000 45.00000 1.46512
340.00000 75.00000 45.00000 1.39429
345.00000 75.00000 45.00000 1.33597
350.00000 75.00000 45.00000 1.29603
355.00000 75.00000 45.00000 1.23877
0.00000 80.00000 45.00000 2.49806
5.00000 80.00000 45.00000 2.51030
10.00000 80.00000 45.00000 2.57672
15.00000 80.00000 45.00000 2.78913
20.00000 80.00000 45.00000 3.07632
25.00000 80.00000 45.00000 3.34038
30.00000 80.00000 45.00000 3.45962
35.00000 80.00000 45.00000 3.28657
40.00000 80.00000 45.00000 2.69567
45.00000 80.00000 45.00000 2.02295
50.00000 80.00000 45.00000 1.66800
55.00000 80.00000 45.00000 1.49442
60.00000 80.00000 45.00000 1.20780
65.00000 80.00000 45.00000 0.97240
70.00000 80.00000 45.00000 0.80552
75.00000 80.00000 45.00000 0.70723
80.00000 80.00000 45.00000 0.64335
85.00000 80.00000 45.00000 0.60149
90.00000 80.00000 45.00000 0.58375
95.00000 80.00000 45.00000 0.58045
100.00000 80.00000 45.00000 0.61267
105.00000 80.00000 45.00000 0.66869
110.00000 80.00000 45.00000 0.72628
115.00000 80.00000 45.00000 0.79348
120.00000 80.00000 45.00000 0.87508
125.00000 80.00000 45.00000 1.00191
130.00000 80.00000 45.00000 1.08380
135.00000 80.00000 45.00000 1.16215
140.00000 80.00000 45.00000 1.37715
145.00000 80.00000 45.00000 1.62229
150.00000 80.00000 45.00000 1.75731
155.00000 80.00000 45.00000 1.79337
160.00000 80.00000 45.00000 1.78743
165.00000 80.00000 45.00000 1.80813
170.00000 80.00000 45.00000 1.85100
175.00000 80.00000 45.00000 1.89079
180.00000 80.00000 45.00000 1.87819
185.00000 80.00000 45.00000 1.83130
190.00000 80.00000 45.00000 1.78689
195.00000 80.00000 45.00000 1.75479
200.00000 80.00000 45.00000 1.72682
205.00000 80.00000 45.00000 1.67901
210.00000 80.00000 45.00000 1.64052
215.00000 80.00000 45.00000 1.58880
220.00000 80.00000 45.00000 1.44665
225.00000 80.00000 45.00000 1.18394
230.00000 80.00000 45.00000 0.99060
235.00000 80.00000 45.00000 0.91726
240.00000 80.00000 45.00000 0.78405
245.00000 80.00000 45.00000 0.67127
250.00000 80.00000 45.00000 0.63763
255.00000 80.00000 45.00000 0.62087
260.00000 80.00000 45.00000 0.61258
265.00000 80.00000 45.00000 0.61932
270.00000 80.00000 45.00000 0.62338
275.00000 80.00000 45.00000 0.63115
280.00000 80.00000 45.00000 0.67084
285.00000 80.00000 45.00000 0.78322
290.00000 80.00000 45.00000 0.93738
295.00000 80.00000 45.00000 1.11587
300.00000 80.00000 45.00000 1.43225
305.00000 80.00000 45.00000 1.78669
310.00000 80.00000 45.00000 2.00543
315.00000 80.00000 45.00000 2.42022
320.00000 80.00000 45.00000 3.00483
325.00000 80.00000 45.00000 3.22682
330.00000 80.00000 45.00000 3.10395
335.00000 80.00000 45.00000 2.92011
340.00000 80.00000 45.00000 2.77420
345.00000 80.00000 45.00000 2.63618
350.00000 80.00000 45.00000 2.55116
355.00000 80.00000 45.00000 2.50654
0.00000 85.00000 45.00000 4.18632
5.00000 85.00000 45.00000 4.15295
10.00000 85.00000 45.00000 4.21634
15.00000 85.00000 45.00000 4.44462
20.00000 85.00000 45.00000 4.71271
25.00000 85.00000 45.00000 4.86592
30.00000 85.00000 45.00000 4.85575
35.00000 85.00000 45.00000 4.53832
40.00000 85.00000 45.00000 3.77477
45.00000 85.00000 45.00000 2.87499
50.00000 85.00000 45.00000 2.26369
55.00000 85.00000 45.00000 1.84062
60.00000 85.00000 45.00000 1.38987
65.00000 85.00000 45.00000 1.08639
70.00000 85.00000 45.00000 0.91172
75.00000 85.00000 45.00000 0.84839
80.00000 85.00000 45.00000 0.84733
85.00000 85.00000 45.00000 0.85220
90.00000 85.00000 45.00000 0.84298
95.00000 85.00000 45.00000 0.82840
100.00000 85.00000 45.00000 0.83559
105.00000 85.00000 45.00000 0.86416
110.00000 85.00000 45.00000 0.91447
115.00000 85.00000 45.00000 1.01331
120.00000 85.00000 45.00000 1.19594
125.00000 85.00000 45.00000 1.49972
130.00000 85.00000 45.00000 1.73822
135.00000 85.00000 45.00000 1.97724
140.00000 85.00000 45.00000 2.51219
145.00000 85.00000 45.00000 3.02850
150.00000 85.00000 45.00000 3.33149
155.00000 85.00000 45.00000 3.43673
160.00000 85.00000 45.00000 3.43981
165.00000 85.00000 45.00000 3.45938
170.00000 85.00000 45.00000 3.53456
175.00000 85.00000 45.00000 3.60278
180.00000 85.00000 45.00000 3.59718
185.00000 85.00000 45.00000 3.52754
190.00000 85.00000 45.00000 3.47034
195.00000 85.00000 45.00000 3.46883
200.00000 85.00000 45.00000 3.45034
205.00000 85.00000 45.00000 3.35268
210.00000 85.00000 45.00000 3.20994
215.00000 85.00000 45.00000 3.02810
220.00000 85.00000 45.00000 2.69819
225.00000 85.00000 45.00000 2.19033
230.00000 85.00000 45.00000 1.73063
235.00000 85.00000 45.00000 1.39442
240.00000 85.00000 45.00000 1.08513
245.00000 85.00000 45.00000 0.87575
250.00000 85.00000 45.00000 0.79676
255.00000 85.00000 45.00000 0.79619
260.00000 85.00000 45.00000 0.83372
265.00000 85.00000 45.00000 0.87038
270.00000 85.00000 45.00000 0.87959
275.00000 85.00000 45.00000 0.87344
280.00000 85.00000 45.00000 0.88832
285.00000 85.00000 45.00000 0.94927
290.00000 85.00000 45.00000 1.04958
295.00000 85.00000 45.00000 1.21576
300.00000 85.00000 45.00000 1.56681
305.00000 85.00000 45.00000 2.07295
310.00000 85.00000 45.00000 2.55342
315.00000 85.00000 45.00000 3.19321
320.00000 85.00000 45.00000 4.02652
325.00000 85.00000 45.00000 4.45738
330.00000 85.00000 45.00000 4.49794
335.00000 85.00000 45.00000 4.45150
340.00000 85.00000 45.00000 4.35445
345.00000 85.00000 45.00000 4.25099
350.00000 85.00000 45.00000 4.20681
355.00000 85.00000 45.00000 4.20686
0.00000 90.00000 45.00000 4.79622
5.00000 90.00000 45.00000 4.74012
10.00000 90.00000 45.00000 4.75681
15.00000 90.00000 45.00000 4.89155
20.00000 90.00000 45.00000 5.00248
25.00000 90.00000 45.00000 4.95560
30.00000 90.00000 45.00000 4.76129
35.00000 90.00000 45.00000 4.40041
40.00000 90.00000 45.00000 3.80210
45.00000 90.00000 45.00000 3.05438
50.00000 90.00000 45.00000 2.37665
55.00000 90.00000 45.00000 1.82013
60.00000 90.00000 45.00000 1.35978
65.00000 90.00000 45.00000 1.06394
70.00000 90.00000 45.00000 0.92531
75.00000 90.00000 45.00000 0.91039
80.00000 90.00000 45.00000 0.95646
85.00000 90.00000 45.00000 0.99543
90.00000 90.00000 45.00000 0.99799
95.00000 90.00000 45.00000 0.98100
100.00000 90.00000 45.00000 0.98020
105.00000 90.00000 45.00000 1.00402
110.00000 90.00000 45.00000 1.05896
115.00000 90.00000 45.00000 1.19416
120.00000 90.00000 45.00000 1.48678
125.00000 90.00000 45.00000 1.95101
130.00000 90.00000 45.00000 2.39713
135.00000 90.00000 45.00000 2.90188
140.00000 90.00000 45.00000 3.70095
145.00000 90.00000 45.00000 4.32259
150.00000 90.00000 45.00000 4.65287
155.00000 90.00000 45.00000 4.78709
160.00000 90.00000 45.00000 4.77908
165.00000 90.00000 45.00000 4.74939
170.00000 90.00000 45.00000 4.77945
175.00000 90.00000 45.00000 4.81841
180.00000 90.00000 45.00000 4.79622
185.00000 90.00000 45.00000 4.74012
190.00000 90.00000 45.00000 4.75681
195.00000 90.00000 45.00000 4.89155
200.00000 90.00000 45.00000 5.00248
205.00000 90.00000 45.00000 4.95560
210.00000 90.00000 45.00000 4.76129
215.00000 90.00000 45.00000 4.40041
220.00000 90.00000 45.00000 3.80210
225.00000 90.00000 45.00000 3.05438
230.00000 90.00000 45.00000 2.37665
235.00000 90.00000 45.00000 1.82013
240.00000 90.00000 45.00000 1.35978
245.00000 90.00000 45.00000 1.06394
250.00000 90.00000 45.00000 0.92531
255.00000 90.00000 45.00000 0.91039
260.00000 90.00000 45.00000 0.95646
265.00000 90.00000 45.00000 0.99543
270.00000 90.00000 45.00000 0.99799
275.00000 90.00000 45.00000 0.98100
280.00000 90.00000 45.00000 0.98020
285.00000 90.00000 45.00000 1.00402
290.00000 90.00000 45.00000 1.05896
295.00000 90.00000 45.00000 1.19416
300.00000 90.00000 45.00000 1.48678
305.00000 90.00000 45.00000 1.95101
310.00000 90.00000 45.00000 2.39713
315.00000 90.00000 45.00000 2.90188
320.00000 90.00000 45.00000 3.70095
325.00000 90.00000 45.00000 4.32259
330.00000 90.00000 45.00000 4.65287
335.00000 90.00000 45.00000 4.78709
340.00000 90.00000 45.00000 4.77908
345.00000 90.00000 45.00000 4.74939
350.00000 90.00000 45.00000 4.77945
355.00000 90.00000 45.00000 4.81841
0.00000 0.00000 50.00000 0.54641
5.00000 0.00000 50.00000 0.47081
10.00000 0.00000 50.00000 0.41292
15.00000 0.00000 50.00000 0.39105
20.00000 0.00000 50.00000 0.38546
25.00000 0.00000 50.00000 0.38361
30.00000 0.00000 50.00000 0.38832
35.00000 0.00000 50.00000 0.39978
40.00000 0.00000 50.00000 0.40177
45.00000 0.00000 50.00000 0.38220
50.00000 0.00000 50.00000 0.35700
55.00000 0.00000 50.00000 0.35101
60.00000 0.00000 50.00000 0.37178
65.00000 0.00000 50.00000 0.40854
70.00000 0.00000 50.00000 0.44692
75.00000 0.00000 50.00000 0.49143
80.00000 0.00000 50.00000 0.54557
85.00000 0.00000 50.00000 0.57547
90.00000 0.00000 50.00000 0.54641
95.00000 0.00000 50.00000 0.47081
100.00000 0.00000 50.00000 0.41292
105.00000 0.00000 50.00000 0.39105
110.00000 0.00000 50.00000 0.38546
115.00000 0.00000 50.00000 0.38361
120.00000 0.00000 50.00000 0.38832
125.00000 0.00000 50.00000 0.39978
130.00000 0.00000 50.00000 0.40177
135.00000 0.00000 50.00000 0.38220
140.00000 0.00000 50.00000 0.35700
145.00000 0.00000 50.00000 0.35101
150.00000 0.00000 50.00000 0.37178
155.00000 0.00000 50.00000 0.40854
160.00000 0.00000 50.00000 0.44692
165.00000 0.00000 50.00000 0.49143
170.00000 0.00000 50.00000 0.54557
175.00000 0.00000 50.00000 0.57547
180.00000 0.00000 50.00000 0.54641
185.00000 0.00000 50.00000 0.47081
190.00000 0.00000 50.00000 0.41292
195.00000 0.00000 50.00000 0.39105
200.00000 0.00000 50.00000 0.38546
205.00000 0.00000 50.00000 0.38361
210.00000 0.00000 50.00000 0.38832
215.00000 0.00000 50.00000 0.39978
220.00000 0.00000 50.00000 0.40177
225.00000 0.00000 50.00000 0.38220
230.00000 0.00000 50.00000 0.35700
235.00000 0.00000 50.00000 0.35101
240.00000 0.00000 50.00000 0.37178
245.00000 0.00000 50.00000 0.40854
250.00000 0.00000 50.00000 0.44692
255.00000 0.00000 50.00000 0.49143
260.00000 0.00000 50.00000 0.54557
265.00000 0.00000 50.00000 0.57547
270.00000 0.00000 50.00000 0.54641
275.00000 0.00000 50.00000 0.47081
280.00000 0.00000 50.00000 0.41292
285.00000 0.00000 50.00000 0.39105
290.00000 0.00000 50.00000 0.38546
295.00000 0.00000 50.00000 0.38361
300.00000 0.00000 50.00000 0.38832
305.00000 0.00000 50.00000 0.39978
310.00000 0.00000 50.00000 0.40177
315.00000 0.00000 50.00000 0.38220
320.00000 0.00000 50.00000 0.35700
325.00000 0.00000 50.00000 0.35101
330.00000 0.00000 50.00000 0.37178
335.00000 0.00000 50.00000 0.40854
340.00000 0.00000 50.00000 0.44692
345.00000 0.00000 50.00000 0.49143
350.00000 0.00000 50.00000 0.54557
355.00000 0.00000 50.00000 0.57547
0.00000 5.00000 50.00000 0.69006
5.00000 5.00000 50.00000 0.59406
10.00000 5.00000 50.00000 0.52747
15.00000 5.00000 50.00000 0.50718
20.00000 5.00000 50.00000 0.50680
25.00000 5.00000 50.00000 0.50666
30.00000 5.00000 50.00000 0.50677
35.00000 5.00000 50.00000 0.50708
40.00000 5.00000 50.00000 0.49060
45.00000 5.00000 50.00000 0.44835
50.00000 5.00000 50.00000 0.40208
55.00000 5.00000 50.00000 0.37940
60.00000 5.00000 50.00000 0.38569
65.00000 5.00000 50.00000 0.40837
70.00000 5.00000 50.00000 0.43486
75.00000 5.00000 50.00000 0.46975
80.00000 5.00000 50.00000 0.51679
85.00000 5.00000 50.00000 0.54216
90.00000 5.00000 50.00000 0.50918
95.00000 5.00000 50.00000 0.44033
100.00000 5.00000 50.00000 0.38991
105.00000 5.00000 50.00000 0.36923
110.00000 5.00000 50.00000 0.36198
115.00000 5.00000 50.00000 0.35856
120.00000 5.00000 50.00000 0.36126
125.00000 5.00000 50.00000 0.37132
130.00000 5.00000 50.00000 0.37776
135.00000 5.00000 50.00000 0.37015
140.00000 5.00000 50.00000 0.35726
145.00000 5.00000 50.00000 0.35803
150.00000 5.00000 50.00000 0.38111
155.00000 5.00000 50.00000 0.42045
160.00000 5.00000 50.00000 0.46571
165.00000 5.00000 50.00000 0.51830
170.00000 5.00000 50.00000 0.56313
175.00000 5.00000 50.00000 0.57583
180.00000 5.00000 50.00000 0.56827
185.00000 5.00000 50.00000 0.50375
190.00000 5.00000 50.00000 0.43655
195.00000 5.00000 50.00000 0.40391
200.00000 5.00000 50.00000 0.38897
205.00000 5.00000 50.00000 0.37954
210.00000 5.00000 50.00000 0.37909
215.00000 5.00000 50.00000 0.38856
220.00000 5.00000 50.00000 0.39200
225.00000 5.00000 50.00000 0.37456
230.00000 5.00000 50.00000 0.34825
235.00000 5.00000 50.00000 0.33686
240.00000 5.00000 50.00000 0.34928
245.00000 5.00000 50.00000 0.37758
250.00000 5.00000 50.00000 0.40964
255.00000 5.00000 50.00000 0.44675
260.00000 5.00000 50.00000 0.48767
265.00000 5.00000 50.00000 0.50903
270.00000 5.00000 50.00000 0.49181
275.00000 5.00000 50.00000 0.43572
280.00000 5.00000 50.00000 0.39185
285.00000 5.00000 50.00000 0.37965
290.00000 5.00000 50.00000 0.38533
295.00000 5.00000 50.00000 0.40007
300.00000 5.00000 50.00000 0.42730
305.00000 5.00000 50.00000 0.46509
310.00000 5.00000 50.00000 0.48912
315.00000 5.00000 50.00000 0.47823
320.00000 5.00000 50.00000 0.45201
325.00000 5.00000 50.00000 0.44765
330.00000 5.00000 50.00000 0.47691
335.00000 5.00000 50.00000 0.52394
340.00000 5.00000 50.00000 0.57116
345.00000 5.00000 50.00000 0.62713
350.00000 5.00000 50.00000 0.69740
355.00000 5.00000 50.00000 0.73471
0.00000 10.00000 50.00000 1.06332
5.00000 10.00000 50.00000 0.92708
10.00000 10.00000 50.00000 0.81665
15.00000 10.00000 50.00000 0.76809
20.00000 10.00000 50.00000 0.74386
25.00000 10.00000 50.00000 0.71405
30.00000 10.00000 50.00000 0.67873
35.00000 10.00000 50.00000 0.64423
40.00000 10.00000 50.00000 0.59631
45.00000 10.00000 50.00000 0.52406
50.00000 10.00000 50.00000 0.44780
55.00000 10.00000 50.00000 0.39751
60.00000 10.00000 50.00000 0.37904
65.00000 10.00000 50.00000 0.37996
70.00000 10.00000 50.00000 0.38947
75.00000 10.00000 50.00000 0.40866
80.00000 10.00000 50.00000 0.43787
85.00000 10.00000 50.00000 0.45282
90.00000 10.00000 50.00000 0.42739
95.00000 10.00000 50.00000 0.38102
100.00000 10.00000 50.00000 0.34880
105.00000 10.00000 50.00000 0.33624
110.00000 10.00000 50.00000 0.33484
115.00000 10.00000 50.00000 0.34133
120.00000 10.00000 50.00000 0.35950
125.00000 10.00000 50.00000 0.39070
130.00000 10.00000 50.00000 0.42306
135.00000 10.00000 50.00000 0.44112
140.00000 10.00000 50.00000 0.44950
145.00000 10.00000 50.00000 0.46926
150.00000 10.00000 50.00000 0.51128
155.00000 10.00000 50.00000 0.57062
160.00000 10.00000 50.00000 0.64168
165.00000 10.00000 50.00000 0.73151
170.00000 10.00000 50.00000 0.82254
175.00000 10.00000 50.00000 0.86468
180.00000 10.00000 50.00000 0.83850
185.00000 10.00000 50.00000 0.72717
190.00000 10.00000 50.00000 0.61831
195.00000 10.00000 50.00000 0.55827
200.00000 10.00000 50.00000 0.52403
205.00000 10.00000 50.00000 0.49819
210.00000 10.00000 50.00000 0.48467
215.00000 10.00000 50.00000 0.48307
220.00000 10.00000 50.00000 0.47076
225.00000 10.00000 50.00000 0.42967
230.00000 10.00000 50.00000 0.37702
235.00000 10.00000 50.00000 0.34242
240.00000 10.00000 50.00000 0.33432
245.00000 10.00000 50.00000 0.34415
250.00000 10.00000 50.00000 0.36194
255.00000 10.00000 50.00000 0.38587
260.00000 10.00000 50.00000 0.41029
265.00000 10.00000 50.00000 0.41932
270.00000 10.00000 50.00000 0.41009
275.00000 10.00000 50.00000 0.37905
280.00000 10.00000 50.00000 0.35502
285.00000 10.00000 50.00000 0.35351
290.00000 10.00000 50.00000 0.36952
295.00000 10.00000 50.00000 0.40177
300.00000 10.00000 50.00000 0.45677
305.00000 10.00000 50.00000 0.53357
310.00000 10.00000 50.00000 0.60372
315.00000 10.00000 50.00000 0.63394
320.00000 10.00000 50.00000 0.63732
325.00000 10.00000 50.00000 0.65959
330.00000 10.00000 50.00000 0.72118
335.00000 10.00000 50.00000 0.80630
340.00000 10.00000 50.00000 0.89664
345.00000 10.00000 50.00000 1.00155
350.00000 10.00000 50.00000 1.09720
355.00000 10.00000 50.00000 1.12026
0.00000 15.00000 50.00000 1.67006
5.00000 15.00000 50.00000 1.46827
10.00000 15.00000 50.00000 1.25365
15.00000 15.00000 50.00000 1.10704
20.00000 15.00000 50.00000 0.98982
25.00000 15.00000 50.00000 0.87655
30.00000 15.00000 50.00000 0.77536
35.00000 15.00000 50.00000 0.69638
40.00000 15.00000 50.00000 0.62232
45.00000 15.00000 50.00000 0.53366
50.00000 15.00000 50.00000 0.44380
55.00000 15.00000 50.00000 0.38124
60.00000 15.00000 50.00000 0.35145
65.00000 15.00000 50.00000 0.34205
70.00000 15.00000 50.00000 0.34280
75.00000 15.00000 50.00000 0.35196
80.00000 15.00000 50.00000 0.36773
85.00000 15.00000 50.00000 0.37568
90.00000 15.00000 50.00000 0.36087
95.00000 15.00000 50.00000 0.33560
100.00000 15.00000 50.00000 0.31920
105.00000 15.00000 50.00000 0.31458
110.00000 15.00000 50.00000 0.31909
115.00000 15.00000 50.00000 0.33599
120.00000 15.00000 50.00000 0.37449
125.00000 15.00000 50.00000 0.43931
130.00000 15.00000 50.00000 0.51372
135.00000 15.00000 50.00000 0.57157
140.00000 15.00000 50.00000 0.61718
145.00000 15.00000 50.00000 0.68191
150.00000 15.00000 50.00000 0.77775
155.00000 15.00000 50.00000 0.89071
160.00000 15.00000 50.00000 1.01514
165.00000 15.00000 50.00000 1.17329
170.00000 15.00000 50.00000 1.35786
175.00000 15.00000 50.00000 1.46590
180.00000 15.00000 50.00000 1.38998
185.00000 15.00000 50.00000 1.17924
190.00000 15.00000 50.00000 0.98835
195.00000 15.00000 50.00000 0.86660
200.00000 15.00000 50.00000 0.78023
205.00000 15.00000 50.00000 0.70932
210.00000 15.00000 50.00000 0.66058
215.00000 15.00000 50.00000 0.62882
220.00000 15.00000 50.00000 0.58162
225.00000 15.00000 50.00000 0.49931
230.00000 15.00000 50.00000 0.40995
235.00000 15.00000 50.00000 0.35003
240.00000 15.00000 50.00000 0.32439
245.00000 15.00000 50.00000 0.31984
250.00000 15.00000 50.00000 0.32575
255.00000 15.00000 50.00000 0.33842
260.00000 15.00000 50.00000 0.35217
265.00000 15.00000 50.00000 0.35591
270.00000 15.00000 50.00000 0.34941
275.00000 15.00000 50.00000 0.33408
280.00000 15.00000 50.00000 0.32447
285.00000 15.00000 50.00000 0.32900
290.00000 15.00000 50.00000 0.34696
295.00000 15.00000 50.00000 0.38318
300.00000 15.00000 50.00000 0.44979
305.00000 15.00000 50.00000 0.55172
310.00000 15.00000 50.00000 0.66495
315.00000 15.00000 50.00000 0.75446
320.00000 15.00000 50.00000 0.82438
325.00000 15.00000 50.00000 0.91308
330.00000 15.00000 50.00000 1.04643
335.00000 15.00000 50.00000 1.21925
340.00000 15.00000 50.00000 1.41709
345.00000 15.00000 50.00000 1.63435
350.00000 15.00000 50.00000 1.76793
355.00000 15.00000 50.00000 1.73913
0.00000 20.00000 50.00000 2.51970
5.00000 20.00000 50.00000 2.14562
10.00000 20.00000 50.00000 1.74513
15.00000 20.00000 50.00000 1.41156
20.00000 20.00000 50.00000 1.12916
25.00000 20.00000 50.00000 0.90075
30.00000 20.00000 50.00000 0.73723
35.00000 20.00000 50.00000 0.62961
40.00000 20.00000 50.00000 0.54732
45.00000 20.00000 50.00000 0.46533
50.00000 20.00000 50.00000 0.38951
55.00000 20.00000 50.00000 0.33931
60.00000 20.00000 50.00000 0.31591
65.00000 20.00000 50.00000 0.30814
70.00000 20.00000 50.00000 0.30785
75.00000 20.00000 50.00000 0.31241
80.00000 20.00000 50.00000 0.32058
85.00000 20.00000 50.00000 0.32526
90.00000 20.00000 50.00000 0.31887
95.00000 20.00000 50.00000 0.30820
100.00000 20.00000 50.00000 0.30366
105.00000 20.00000 50.00000 0.30588
110.00000 20.00000 50.00000 0.31470
115.00000 20.00000 50.00000 0.33756
120.00000 20.00000 50.00000 0.39028
125.00000 20.00000 50.00000 0.48409
130.00000 20.00000 50.00000 0.60040
135.00000 20.00000 50.00000 0.70476
140.00000 20.00000 50.00000 0.80289
145.00000 20.00000 50.00000 0.93898
150.00000 20.00000 50.00000 1.13175
155.00000 20.00000 50.00000 1.35440
160.00000 20.00000 50.00000 1.58559
165.00000 20.00000 50.00000 1.84727
170.00000 20.00000 50.00000 2.11523
175.00000 20.00000 50.00000 2.25815
180.00000 20.00000 50.00000 2.15363
185.00000 20.00000 50.00000 1.83234
190.00000 20.00000 50.00000 1.51264
195.00000 20.00000 50.00000 1.27165
200.00000 20.00000 50.00000 1.07413
205.00000 20.00000 50.00000 0.91239
210.00000 20.00000 50.00000 0.79624
215.00000 20.00000 50.00000 0.71320
220.00000 20.00000 50.00000 0.62569
225.00000 20.00000 50.00000 0.51480
230.00000 20.00000 50.00000 0.40943
235.00000 20.00000 50.00000 0.34223
240.00000 20.00000 50.00000 0.31167
245.00000 20.00000 50.00000 0.30164
250.00000 20.00000 50.00000 0.30130
255.00000 20.00000 50.00000 0.30604
260.00000 20.00000 50.00000 0.31302
265.00000 20.00000 50.00000 0.31631
270.00000 20.00000 50.00000 0.31218
275.00000 20.00000 50.00000 0.30533
280.00000 20.00000 50.00000 0.30477
285.00000 20.00000 50.00000 0.31217
290.00000 20.00000 50.00000 0.32694
295.00000 20.00000 50.00000 0.35593
300.00000 20.00000 50.00000 0.41504
305.00000 20.00000 50.00000 0.51425
310.00000 20.00000 50.00000 0.63772
315.00000 20.00000 50.00000 0.76153
320.00000 20.00000 50.00000 0.89537
325.00000 20.00000 50.00000 1.07220
330.00000 20.00000 50.00000 1.31613
335.00000 20.00000 50.00000 1.63542
340.00000 20.00000 50.00000 2.01456
345.00000 20.00000 50.00000 2.41993
350.00000 20.00000 50.00000 2.69528
355.00000 20.00000 50.00000 2.69471
0.00000 25.00000 50.00000 3.28580
5.00000 25.00000 50.00000 2.71878
10.00000 25.00000 50.00000 2.11946
15.00000 25.00000 50.00000 1.58437
20.00000 25.00000 50.00000 1.14210
25.00000 25.00000 50.00000 0.82523
30.00000 25.00000 50.00000 0.62942
35.00000 25.00000 50.00000 0.51516
40.00000 25.00000 50.00000 0.44000
45.00000 25.00000 50.00000 0.37925
50.00000 25.00000 50.00000 0.33073
55.00000 25.00000 50.00000 0.30139
60.00000 25.00000 50.00000 0.28900
65.00000 25.00000 50.00000 0.28576
70.00000 25.00000 50.00000 0.28655
75.00000 25.00000 50.00000 0.28945
80.00000 25.00000 50.00000 0.29409
85.00000 25.00000 50.00000 0.29723
90.00000 25.00000 50.00000 0.29544
95.00000 25.00000 50.00000 0.29333
100.00000 25.00000 50.00000 0.29660
105.00000 25.00000 50.00000 0.30476
110.00000 25.00000 50.00000 0.31737
115.00000 25.00000 50.00000 0.34201
120.00000 25.00000 50.00000 0.39614
125.00000 25.00000 50.00000 0.49561
130.00000 25.00000 50.00000 0.62871
135.00000 25.00000 50.00000 0.76739
140.00000 25.00000 50.00000 0.92034
145.00000 25.00000 50.00000 1.13298
150.00000 25.00000 50.00000 1.43784
155.00000 25.00000 50.00000 1.82169
160.00000 25.00000 50.00000 2.23974
165.00000 25.00000 50.00000 2.66654
170.00000 25.00000 50.00000 2.98538
175.00000 25.00000 50.00000 3.09162
180.00000 25.00000 50.00000 2.99235
185.00000 25.00000 50.00000 2.56522
190.00000 25.00000 50.00000 2.06792
195.00000 25.00000 50.00000 1.64847
200.00000 25.00000 50.00000 1.28822
205.00000 25.00000 50.00000 1.00346
210.00000 25.00000 50.00000 0.80413
215.00000 25.00000 50.00000 0.67014
220.00000 25.00000 50.00000 0.56366
225.00000 25.00000 50.00000 0.46032
230.00000 25.00000 50.00000 0.37332
235.00000 25.00000 50.00000 0.32062
240.00000 25.00000 50.00000 0.29658
245.00000 25.00000 50.00000 0.28759
250.00000 25.00000 50.00000 0.28522
255.00000 25.00000 50.00000 0.28569
260.00000 25.00000 50.00000 0.28802
265.00000 25.00000 50.00000 0.29006
270.00000 25.00000 50.00000 0.28916
275.00000 25.00000 50.00000 0.28873
280.00000 25.00000 50.00000 0.29343
285.00000 25.00000 50.00000 0.30221
290.00000 25.00000 50.00000 0.31359
295.00000 25.00000 50.00000 0.33342
300.00000 25.00000 50.00000 0.37542
305.00000 25.00000 50.00000 0.44946
310.00000 25.00000 50.00000 0.54687
315.00000 25.00000 50.00000 0.65854
320.00000 25.00000 50.00000 0.81059
325.00000 25.00000 50.00000 1.04622
330.00000 25.00000 50.00000 1.39274
335.00000 25.00000 50.00000 1.86045
340.00000 25.00000 50.00000 2.42277
345.00000 25.00000 50.00000 3.01072
350.00000 25.00000 50.00000 3.47074
355.00000 25.00000 50.00000 3.58345
0.00000 30.00000 50.00000 3.31373
5.00000 30.00000 50.00000 2.73986
10.00000 30.00000 50.00000 2.09410
15.00000 30.00000 50.00000 1.50356
20.00000 30.00000 50.00000 1.02575
25.00000 30.00000 50.00000 0.70211
30.00000 30.00000 50.00000 0.51547
35.00000 30.00000 50.00000 0.41408
40.00000 30.00000 50.00000 0.35623
45.00000 30.00000 50.00000 0.31900
50.00000 30.00000 50.00000 0.29423
55.00000 30.00000 50.00000 0.28062
60.00000 30.00000 50.00000 0.27543
65.00000 30.00000 50.00000 0.27471
70.00000 30.00000 50.00000 0.27604
75.00000 30.00000 50.00000 0.27852
80.00000 30.00000 50.00000 0.28194
85.00000 30.00000 50.00000 0.28457
90.00000 30.00000 50.00000 0.28455
95.00000 30.00000 50.00000 0.28588
100.00000 30.00000 50.00000 0.29346
105.00000 30.00000 50.00000 0.30613
110.00000 30.00000 50.00000 0.32168
115.00000 30.00000 50.00000 0.34401
120.00000 30.00000 50.00000 0.38647
125.00000 30.00000 50.00000 0.46457
130.00000 30.00000 50.00000 0.57822
135.00000 30.00000 50.00000 0.71838
140.00000 30.00000 50.00000 0.90014
145.00000 30.00000 50.00000 1.15939
150.00000 30.00000 50.00000 1.53798
155.00000 30.00000 50.00000 2.06142
160.00000 30.00000 50.00000 2.68464
165.00000 30.00000 50.00000 3.31828
170.00000 30.00000 50.00000 3.73726
175.00000 30.00000 50.00000 3.76178
180.00000 30.00000 50.00000 3.57606
185.00000 30.00000 50.00000 3.05945
190.00000 30.00000 50.00000 2.40956
195.00000 30.00000 50.00000 1.83198
200.00000 30.00000 50.00000 1.33612
205.00000 30.00000 50.00000 0.95649
210.00000 30.00000 50.00000 0.70204
215.00000 30.00000 50.00000 0.54736
220.00000 30.00000 50.00000 0.45172
225.00000 30.00000 50.00000 0.38101
230.00000 30.00000 50.00000 0.32875
235.00000 30.00000 50.00000 0.29846
240.00000 30.00000 50.00000 0.28440
245.00000 30.00000 50.00000 0.27852
250.00000 30.00000 50.00000 0.27601
255.00000 30.00000 50.00000 0.27514
260.00000 30.00000 50.00000 0.27596
265.00000 30.00000 50.00000 0.27777
270.00000 30.00000 50.00000 0.27885
275.00000 30.00000 50.00000 0.28116
280.00000 30.00000 50.00000 0.28793
285.00000 30.00000 50.00000 0.29721
290.00000 30.00000 50.00000 0.30624
295.00000 30.00000 50.00000 0.31814
300.00000 30.00000 50.00000 0.34131
305.00000 30.00000 50.00000 0.38234
310.00000 30.00000 50.00000 0.43796
315.00000 30.00000 50.00000 0.51018
320.00000 30.00000 50.00000 0.63165
325.00000 30.00000 50.00000 0.85389
330.00000 30.00000 50.00000 1.20997
335.00000 30.00000 50.00000 1.70643
340.00000 30.00000 50.00000 2.30577
345.00000 30.00000 50.00000 2.91693
350.00000 30.00000 50.00000 3.40388
355.00000 30.00000 50.00000 3.57564
0.00000 35.00000 50.00000 2.51578
5.00000 35.00000 50.00000 2.09861
10.00000 35.00000 50.00000 1.60883
15.00000 35.00000 50.00000 1.15780
20.00000 35.00000 50.00000 0.79491
25.00000 35.00000 50.00000 0.55257
30.00000 35.00000 50.00000 0.41586
35.00000 35.00000 50.00000 0.34478
40.00000 35.00000 50.00000 0.30887
45.00000 35.00000 50.00000 0.29027
50.00000 35.00000 50.00000 0.28000
55.00000 35.00000 50.00000 0.27476
60.00000 35.00000 50.00000 0.27294
65.00000 35.00000 50.00000 0.27310
70.00000 35.00000 50.00000 0.27452
75.00000 35.00000 50.00000 0.27673
80.00000 35.00000 50.00000 0.27950
85.00000 35.00000 50.00000 0.28195
90.00000 35.00000 50.00000 0.28267
95.00000 35.00000 50.00000 0.28519
100.00000 35.00000 50.00000 0.29472
105.00000 35.00000 50.00000 0.30983
110.00000 35.00000 50.00000 0.32584
115.00000 35.00000 50.00000 0.34280
120.00000 35.00000 50.00000 0.36799
125.00000 35.00000 50.00000 0.41225
130.00000 35.00000 50.00000 0.48298
135.00000 35.00000 50.00000 0.58620
140.00000 35.00000 50.00000 0.74183
145.00000 35.00000 50.00000 0.97649
150.00000 35.00000 50.00000 1.32571
155.00000 35.00000 50.00000 1.83853
160.00000 35.00000 50.00000 2.49572
165.00000 35.00000 50.00000 3.17802
170.00000 35.00000 50.00000 3.60392
175.00000 35.00000 50.00000 3.51842
180.00000 35.00000 50.00000 3.28200
185.00000 35.00000 50.00000 2.83269
190.00000 35.00000 50.00000 2.21342
195.00000 35.00000 50.00000 1.64325
200.00000 35.00000 50.00000 1.15528
205.00000 35.00000 50.00000 0.79066
210.00000 35.00000 50.00000 0.55687
215.00000 35.00000 50.00000 0.42699
220.00000 35.00000 50.00000 0.36082
225.00000 35.00000 50.00000 0.32310
230.00000 35.00000 50.00000 0.29920
235.00000 35.00000 50.00000 0.28593
240.00000 35.00000 50.00000 0.27938
245.00000 35.00000 50.00000 0.27586
250.00000 35.00000 50.00000 0.27366
255.00000 35.00000 50.00000 0.27251
260.00000 35.00000 50.00000 0.27325
265.00000 35.00000 50.00000 0.27564
270.00000 35.00000 50.00000 0.27770
275.00000 35.00000 50.00000 0.28106
280.00000 35.00000 50.00000 0.28890
285.00000 35.00000 50.00000 0.29879
290.00000 35.00000 50.00000 0.30628
295.00000 35.00000 50.00000 0.31187
300.00000 35.00000 50.00000 0.32023
305.00000 35.00000 50.00000 0.33478
310.00000 35.00000 50.00000 0.35588
315.00000 35.00000 50.00000 0.38879
320.00000 35.00000 50.00000 0.45849
325.00000 35.00000 50.00000 0.60555
330.00000 35.00000 50.00000 0.85874
335.00000 35.00000 50.00000 1.22534
340.00000 35.00000 50.00000 1.67604
345.00000 35.00000 50.00000 2.13611
350.00000 35.00000 50.00000 2.50834
355.00000 35.00000 50.00000 2.67146
0.00000 40.00000 50.00000 1.51705
5.00000 40.00000 50.00000 1.28114
10.00000 40.00000 50.00000 1.00743
15.00000 40.00000 50.00000 0.75793
20.00000 40.00000 50.00000 0.55584
25.00000 40.00000 50.00000 0.42128
30.00000 40.00000 50.00000 0.34651
35.00000 40.00000 50.00000 0.30862
40.00000 40.00000 50.00000 0.29182
45.00000 40.00000 50.00000 0.28577
50.00000 40.00000 50.00000 0.28409
55.00000 40.00000 50.00000 0.28400
60.00000 40.00000 50.00000 0.28414
65.00000 40.00000 50.00000 0.28406
70.00000 40.00000 50.00000 0.28433
75.00000 40.00000 50.00000 0.28431
80.00000 40.00000 50.00000 0.28467
85.00000 40.00000 50.00000 0.28690
90.00000 40.00000 50.00000 0.28839
95.00000 40.00000 50.00000 0.29101
100.00000 40.00000 50.00000 0.30143
105.00000 40.00000 50.00000 0.31821
110.00000 40.00000 50.00000 0.33444
115.00000 40.00000 50.00000 0.34710
120.00000 40.00000 50.00000 0.35826
125.00000 40.00000 50.00000 0.37323
130.00000 40.00000 50.00000 0.40086
135.00000 40.00000 50.00000 0.45179
140.00000 40.00000 50.00000 0.54153
145.00000 40.00000 50.00000 0.68737
150.00000 40.00000 50.00000 0.90814
155.00000 40.00000 50.00000 1.24496
160.00000 40.00000 50.00000 1.70148
165.00000 40.00000 50.00000 2.17817
170.00000 40.00000 50.00000 2.44764
175.00000 40.00000 50.00000 2.36625
180.00000 40.00000 50.00000 2.22426
185.00000 40.00000 50.00000 1.94499
190.00000 40.00000 50.00000 1.53801
195.00000 40.00000 50.00000 1.15064
200.00000 40.00000 50.00000 0.81811
205.00000 40.00000 50.00000 0.57632
210.00000 40.00000 50.00000 0.42769
215.00000 40.00000 50.00000 0.35002
220.00000 40.00000 50.00000 0.31554
225.00000 40.00000 50.00000 0.30033
230.00000 40.00000 50.00000 0.29252
235.00000 40.00000 50.00000 0.28846
240.00000 40.00000 50.00000 0.28579
245.00000 40.00000 50.00000 0.28293
250.00000 40.00000 50.00000 0.28015
255.00000 40.00000 50.00000 0.27791
260.00000 40.00000 50.00000 0.27742
265.00000 40.00000 50.00000 0.27999
270.00000 40.00000 50.00000 0.28277
275.00000 40.00000 50.00000 0.28725
280.00000 40.00000 50.00000 0.29681
285.00000 40.00000 50.00000 0.30817
290.00000 40.00000 50.00000 0.31637
295.00000 40.00000 50.00000 0.31896
300.00000 40.00000 50.00000 0.31816
305.00000 40.00000 50.00000 0.31694
310.00000 40.00000 50.00000 0.31805
315.00000 40.00000 50.00000 0.32581
320.00000 40.00000 50.00000 0.35307
325.00000 40.00000 50.00000 0.42104
330.00000 40.00000 50.00000 0.54532
335.00000 40.00000 50.00000 0.73507
340.00000 40.00000 50.00000 0.98252
345.00000 40.00000 50.00000 1.24523
350.00000 40.00000 50.00000 1.46744
355.00000 40.00000 50.00000 1.58891
0.00000 45.00000 50.00000 0.83857
5.00000 45.00000 50.00000 0.71393
10.00000 45.00000 50.00000 0.59058
15.00000 45.00000 50.00000 0.49022
20.00000 45.00000 50.00000 0.40398
25.00000 45.00000 50.00000 0.34610
30.00000 45.00000 50.00000 0.31479
35.00000 45.00000 50.00000 0.30050
40.00000 45.00000 50.00000 0.29848
45.00000 45.00000 50.00000 0.30430
50.00000 45.00000 50.00000 0.31449
55.00000 45.00000 50.00000 0.32403
60.00000 45.00000 50.00000 0.32638
65.00000 45.00000 50.00000 0.32108
70.00000 45.00000 50.00000 0.31432
75.00000 45.00000 50.00000 0.30606
80.00000 45.00000 50.00000 0.29909
85.00000 45.00000 50.00000 0.29770
90.00000 45.00000 50.00000 0.29798
95.00000 45.00000 50.00000 0.29978
100.00000 45.00000 50.00000 0.31133
105.00000 45.00000 50.00000 0.33161
110.00000 45.00000 50.00000 0.35202
115.00000 45.00000 50.00000 0.36481
120.00000 45.00000 50.00000 0.36812
125.00000 45.00000 50.00000 0.36323
130.00000 45.00000 50.00000 0.36105
135.00000 45.00000 50.00000 0.37206
140.00000 45.00000 50.00000 0.40325
145.00000 45.00000 50.00000 0.46179
150.00000 45.00000 50.00000 0.55378
155.00000 45.00000 50.00000 0.70016
160.00000 45.00000 50.00000 0.90894
165.00000 45.00000 50.00000 1.13378
170.00000 45.00000 50.00000 1.28236
175.00000 45.00000 50.00000 1.29904
180.00000 45.00000 50.00000 1.21767
185.00000 45.00000 50.00000 1.04776
190.00000 45.00000 50.00000 0.86676
195.00000 45.00000 50.00000 0.68836
200.00000 45.00000 50.00000 0.52839
205.00000 45.00000 50.00000 0.41659
210.00000 45.00000 50.00000 0.35127
215.00000 45.00000 50.00000 0.31897
220.00000 45.00000 50.00000 0.30881
225.00000 45.00000 50.00000 0.30901
230.00000 45.00000 50.00000 0.31266
235.00000 45.00000 50.00000 0.31634
240.00000 45.00000 50.00000 0.31593
245.00000 45.00000 50.00000 0.31026
250.00000 45.00000 50.00000 0.30235
255.00000 45.00000 50.00000 0.29481
260.00000 45.00000 50.00000 0.28888
265.00000 45.00000 50.00000 0.28841
270.00000 45.00000 50.00000 0.29093
275.00000 45.00000 50.00000 0.29695
280.00000 45.00000 50.00000 0.30811
285.00000 45.00000 50.00000 0.32195
290.00000 45.00000 50.00000 0.33551
295.00000 45.00000 50.00000 0.34071
300.00000 45.00000 50.00000 0.33531
305.00000 45.00000 50.00000 0.32463
310.00000 45.00000 50.00000 0.31413
315.00000 45.00000 50.00000 0.30858
320.00000 45.00000 50.00000 0.31313
325.00000 45.00000 50.00000 0.33495
330.00000 45.00000 50.00000 0.37904
335.00000 45.00000 50.00000 0.45113
340.00000 45.00000 50.00000 0.55684
345.00000 45.00000 50.00000 0.67384
350.00000 45.00000 50.00000 0.77899
355.00000 45.00000 50.00000 0.86611
0.00000 50.00000 50.00000 0.50679
5.00000 50.00000 50.00000 0.45030
10.00000 50.00000 50.00000 0.39892
15.00000 50.00000 50.00000 0.36589
20.00000 50.00000 50.00000 0.33545
25.00000 50.00000 50.00000 0.31730
30.00000 50.00000 50.00000 0.31082
35.00000 50.00000 50.00000 0.31470
40.00000 50.00000 50.00000 0.33020
45.00000 50.00000 50.00000 0.35427
50.00000 50.00000 50.00000 0.39100
55.00000 50.00000 50.00000 0.42419
60.00000 50.00000 50.00000 0.42438
65.00000 50.00000 50.00000 0.40189
70.00000 50.00000 50.00000 0.37810
75.00000 50.00000 50.00000 0.34842
80.00000 50.00000 50.00000 0.32643
85.00000 50.00000 50.00000 0.31537
90.00000 50.00000 50.00000 0.31004
95.00000 50.00000 50.00000 0.30998
100.00000 50.00000 50.00000 0.32095
105.00000 50.00000 50.00000 0.34103
110.00000 50.00000 50.00000 0.36426
115.00000 50.00000 50.00000 0.38154
120.00000 50.00000 50.00000 0.38379
125.00000 50.00000 50.00000 0.36838
130.00000 50.00000 50.00000 0.34968
135.00000 50.00000 50.00000 0.33965
140.00000 50.00000 50.00000 0.33978
145.00000 50.00000 50.00000 0.35215
150.00000 50.00000 50.00000 0.37713
155.00000 50.00000 50.00000 0.42174
160.00000 50.00000 50.00000 0.49155
165.00000 50.00000 50.00000 0.57728
170.00000 50.00000 50.00000 0.65478
175.00000 50.00000 50.00000 0.68179
180.00000 50.00000 50.00000 0.63380
185.00000 50.00000 50.00000 0.55483
190.00000 50.00000 50.00000 0.49683
195.00000 50.00000 50.00000 0.43469
200.00000 50.00000 50.00000 0.37620
205.00000 50.00000 50.00000 0.33959
210.00000 50.00000 50.00000 0.32162
215.00000 50.00000 50.00000 0.31799
220.00000 50.00000 50.00000 0.32827
225.00000 50.00000 50.00000 0.34470
230.00000 50.00000 50.00000 0.36350
235.00000 50.00000 50.00000 0.38338
240.00000 50.00000 50.00000 0.38951
245.00000 50.00000 50.00000 0.37373
250.00000 50.00000 50.00000 0.34698
255.00000 50.00000 50.00000 0.32403
260.00000 50.00000 50.00000 0.30784
265.00000 50.00000 50.00000 0.29992
270.00000 50.00000 50.00000 0.29961
275.00000 50.00000 50.00000 0.30542
280.00000 50.00000 50.00000 0.31702
285.00000 50.00000 50.00000 0.33411
290.00000 50.00000 50.00000 0.35386
295.00000 50.00000 50.00000 0.36485
300.00000 50.00000 50.00000 0.35927
305.00000 50.00000 50.00000 0.34188
310.00000 50.00000 50.00000 0.32341
315.00000 50.00000 50.00000 0.30967
320.00000 50.00000 50.00000 0.30327
325.00000 50.00000 50.00000 0.30626
330.00000 50.00000 50.00000 0.31701
335.00000 50.00000 50.00000 0.33708
340.00000 50.00000 50.00000 0.37489
345.00000 50.00000 50.00000 0.42103
350.00000 50.00000 50.00000 0.46079
355.00000 50.00000 50.00000 0.50811
0.00000 55.00000 50.00000 0.38300
5.00000 55.00000 50.00000 0.36251
10.00000 55.00000 50.00000 0.33927
15.00000 55.00000 50.00000 0.32442
20.00000 55.00000 50.00000 0.31615
25.00000 55.00000 50.00000 0.31868
30.00000 55.00000 50.00000 0.33036
35.00000 55.00000 50.00000 0.35690
40.00000 55.00000 50.00000 0.40111
45.00000 55.00000 50.00000 0.45875
50.00000 55.00000 50.00000 0.54336
55.00000 55.00000 50.00000 0.61256
60.00000 55.00000 50.00000 0.59049
65.00000 55.00000 50.00000 0.53021
70.00000 55.00000 50.00000 0.48189
75.00000 55.00000 50.00000 0.41868
80.00000 55.00000 50.00000 0.36932
85.00000 55.00000 50.00000 0.34094
90.00000 55.00000 50.00000 0.32349
95.00000 55.00000 50.00000 0.31556
100.00000 55.00000 50.00000 0.32083
105.00000 55.00000 50.00000 0.33613
110.00000 55.00000 50.00000 0.35694
115.00000 55.00000 50.00000 0.37712
120.00000 55.00000 50.00000 0.38248
125.00000 55.00000 50.00000 0.36653
130.00000 55.00000 50.00000 0.34357
135.00000 55.00000 50.00000 0.32635
140.00000 55.00000 50.00000 0.31469
145.00000 55.00000 50.00000 0.31063
150.00000 55.00000 50.00000 0.31473
155.00000 55.00000 50.00000 0.32748
160.00000 55.00000 50.00000 0.34885
165.00000 55.00000 50.00000 0.37914
170.00000 55.00000 50.00000 0.41189
175.00000 55.00000 50.00000 0.42653
180.00000 55.00000 50.00000 0.41075
185.00000 55.00000 50.00000 0.38050
190.00000 55.00000 50.00000 0.35497
195.00000 55.00000 50.00000 0.33203
200.00000 55.00000 50.00000 0.31601
205.00000 55.00000 50.00000 0.31185
210.00000 55.00000 50.00000 0.31626
215.00000 55.00000 50.00000 0.33094
220.00000 55.00000 50.00000 0.36256
225.00000 55.00000 50.00000 0.40060
230.00000 55.00000 50.00000 0.43764
235.00000 55.00000 50.00000 0.48649
240.00000 55.00000 50.00000 0.50476
245.00000 55.00000 50.00000 0.46283
250.00000 55.00000 50.00000 0.40386
255.00000 55.00000 50.00000 0.35998
260.00000 55.00000 50.00000 0.32888
265.00000 55.00000 50.00000 0.31187
270.00000 55.00000 50.00000 0.30525
275.00000 55.00000 50.00000 0.30571
280.00000 55.00000 50.00000 0.31498
285.00000 55.00000 50.00000 0.33247
290.00000 55.00000 50.00000 0.35588
295.00000 55.00000 50.00000 0.37351
300.00000 55.00000 50.00000 0.37037
305.00000 55.00000 50.00000 0.34955
310.00000 55.00000 50.00000 0.32949
315.00000 55.00000 50.00000 0.31270
320.00000 55.00000 50.00000 0.30078
325.00000 55.00000 50.00000 0.29662
330.00000 55.00000 50.00000 0.29707
335.00000 55.00000 50.00000 0.30173
340.00000 55.00000 50.00000 0.31478
345.00000 55.00000 50.00000 0.33348
350.00000 55.00000 50.00000 0.35446
355.00000 55.00000 50.00000 0.37844
0.00000 60.00000 50.00000 0.36454
5.00000 60.00000 50.00000 0.35333
10.00000 60.00000 50.00000 0.33967
15.00000 60.00000 50.00000 0.33351
20.00000 60.00000 50.00000 0.33833
25.00000 60.00000 50.00000 0.35776
30.00000 60.00000 50.00000 0.39363
35.00000 60.00000 50.00000 0.45613
40.00000 60.00000 50.00000 0.55306
45.00000 60.00000 50.00000 0.67121
50.00000 60.00000 50.00000 0.79007
55.00000 60.00000 50.00000 0.84978
60.00000 60.00000 50.00000 0.79787
65.00000 60.00000 50.00000 0.68962
70.00000 60.00000 50.00000 0.60348
75.00000 60.00000 50.00000 0.51170
80.00000 60.00000 50.00000 0.42464
85.00000 60.00000 50.00000 0.36566
90.00000 60.00000 50.00000 0.33156
95.00000 60.00000 50.00000 0.31606
100.00000 60.00000 50.00000 0.31655
105.00000 60.00000 50.00000 0.32625
110.00000 60.00000 50.00000 0.33980
115.00000 60.00000 50.00000 0.35370
120.00000 60.00000 50.00000 0.35816
125.00000 60.00000 50.00000 0.34769
130.00000 60.00000 50.00000 0.32982
135.00000 60.00000 50.00000 0.31401
140.00000 60.00000 50.00000 0.30172
145.00000 60.00000 50.00000 0.29562
150.00000 60.00000 50.00000 0.29620
155.00000 60.00000 50.00000 0.30254
160.00000 60.00000 50.00000 0.31415
165.00000 60.00000 50.00000 0.32950
170.00000 60.00000 50.00000 0.34651
175.00000 60.00000 50.00000 0.35550
180.00000 60.00000 50.00000 0.34990
185.00000 60.00000 50.00000 0.33425
190.00000 60.00000 50.00000 0.31825
195.00000 60.00000 50.00000 0.30688
200.00000 60.00000 50.00000 0.30268
205.00000 60.00000 50.00000 0.30896
210.00000 60.00000 50.00000 0.32594
215.00000 60.00000 50.00000 0.35688
220.00000 60.00000 50.00000 0.41069
225.00000 60.00000 50.00000 0.47560
230.00000 60.00000 50.00000 0.53265
235.00000 60.00000 50.00000 0.60145
240.00000 60.00000 50.00000 0.60873
245.00000 60.00000 50.00000 0.53191
250.00000 60.00000 50.00000 0.45437
255.00000 60.00000 50.00000 0.40123
260.00000 60.00000 50.00000 0.35471
265.00000 60.00000 50.00000 0.32385
270.00000 60.00000 50.00000 0.30871
275.00000 60.00000 50.00000 0.30409
280.00000 60.00000 50.00000 0.31039
285.00000 60.00000 50.00000 0.32482
290.00000 60.00000 50.00000 0.34658
295.00000 60.00000 50.00000 0.36683
300.00000 60.00000 50.00000 0.36923
305.00000 60.00000 50.00000 0.35386
310.00000 60.00000 50.00000 0.33748
315.00000 60.00000 50.00000 0.32015
320.00000 60.00000 50.00000 0.30592
325.00000 60.00000 50.00000 0.29960
330.00000 60.00000 50.00000 0.29769
335.00000 60.00000 50.00000 0.29919
340.00000 60.00000 50.00000 0.30934
345.00000 60.00000 50.00000 0.32653
350.00000 60.00000 50.00000 0.34612
355.00000 60.00000 50.00000 0.36185
0.00000 65.00000 50.00000 0.44184
5.00000 65.00000 50.00000 0.43193
10.00000 65.00000 50.00000 0.41971
15.00000 65.00000 50.00000 0.42628
20.00000 65.00000 50.00000 0.45534
25.00000 65.00000 50.00000 0.50878
30.00000 65.00000 50.00000 0.58476
35.00000 65.00000 50.00000 0.69633
40.00000 65.00000 50.00000 0.85244
45.00000 65.00000 50.00000 1.00971
50.00000 65.00000 50.00000 1.08553
55.00000 65.00000 50.00000 1.07602
60.00000 65.00000 50.00000 1.01732
65.00000 65.00000 50.00000 0.87422
70.00000 65.00000 50.00000 0.72870
75.00000 65.00000 50.00000 0.59396
80.00000 65.00000 50.00000 0.47152
85.00000 65.00000 50.00000 0.38853
90.00000 65.00000 50.00000 0.34267
95.00000 65.00000 50.00000 0.32087
100.00000 65.00000 50.00000 0.31706
105.00000 65.00000 50.00000 0.32160
110.00000 65.00000 50.00000 0.32753
115.00000 65.00000 50.00000 0.33267
120.00000 65.00000 50.00000 0.33227
125.00000 65.00000 50.00000 0.32560
130.00000 65.00000 50.00000 0.31595
135.00000 65.00000 50.00000 0.30600
140.00000 65.00000 50.00000 0.29830
145.00000 65.00000 50.00000 0.29739
150.00000 65.00000 50.00000 0.30125
155.00000 65.00000 50.00000 0.30863
160.00000 65.00000 50.00000 0.32225
165.00000 65.00000 50.00000 0.34071
170.00000 65.00000 50.00000 0.36400
175.00000 65.00000 50.00000 0.37920
180.00000 65.00000 50.00000 0.37596
185.00000 65.00000 50.00000 0.36249
190.00000 65.00000 50.00000 0.34484
195.00000 65.00000 50.00000 0.33183
200.00000 65.00000 50.00000 0.32964
205.00000 65.00000 50.00000 0.34398
210.00000 65.00000 50.00000 0.37559
215.00000 65.00000 50.00000 0.42509
220.00000 65.00000 50.00000 0.49740
225.00000 65.00000 50.00000 0.58088
230.00000 65.00000 50.00000 0.65124
235.00000 65.00000 50.00000 0.71018
240.00000 65.00000 50.00000 0.69461
245.00000 65.00000 50.00000 0.60617
250.00000 65.00000 50.00000 0.51775
255.00000 65.00000 50.00000 0.44898
260.00000 65.00000 50.00000 0.38811
265.00000 65.00000 50.00000 0.34419
270.00000 65.00000 50.00000 0.32056
275.00000 65.00000 50.00000 0.31174
280.00000 65.00000 50.00000 0.31477
285.00000 65.00000 50.00000 0.32783
290.00000 65.00000 50.00000 0.34917
295.00000 65.00000 50.00000 0.37089
300.00000 65.00000 50.00000 0.38121
305.00000 65.00000 50.00000 0.37817
310.00000 65.00000 50.00000 0.37015
315.00000 65.00000 50.00000 0.35632
320.00000 65.00000 50.00000 0.34261
325.00000 65.00000 50.00000 0.33705
330.00000 65.00000 50.00000 0.33500
335.00000 65.00000 50.00000 0.33404
340.00000 65.00000 50.00000 0.34573
345.00000 65.00000 50.00000 0.37475
350.00000 65.00000 50.00000 0.40903
355.00000 65.00000 50.00000 0.43171
0.00000 70.00000 50.00000 0.66304
5.00000 70.00000 50.00000 0.68005
10.00000 70.00000 50.00000 0.69213
15.00000 70.00000 50.00000 0.74477
20.00000 70.00000 50.00000 0.83994
25.00000 70.00000 50.00000 0.97087
30.00000 70.00000 50.00000 1.11177
35.00000 70.00000 50.00000 1.26329
40.00000 70.00000 50.00000 1.42426
45.00000 70.00000 50.00000 1.51549
50.00000 70.00000 50.00000 1.47374
55.00000 70.00000 50.00000 1.38719
60.00000 70.00000 50.00000 1.26338
65.00000 70.00000 50.00000 1.04507
70.00000 70.00000 50.00000 0.83816
75.00000 70.00000 50.00000 0.66333
80.00000 70.00000 50.00000 0.51781
85.00000 70.00000 50.00000 0.42377
90.00000 70.00000 50.00000 0.37221
95.00000 70.00000 50.00000 0.34460
100.00000 70.00000 50.00000 0.33682
105.00000 70.00000 50.00000 0.33673
110.00000 70.00000 50.00000 0.33549
115.00000 70.00000 50.00000 0.33375
120.00000 70.00000 50.00000 0.33035
125.00000 70.00000 50.00000 0.32573
130.00000 70.00000 50.00000 0.32207
135.00000 70.00000 50.00000 0.32063
140.00000 70.00000 50.00000 0.32479
145.00000 70.00000 50.00000 0.33772
150.00000 70.00000 50.00000 0.35423
155.00000 70.00000 50.00000 0.37439
160.00000 70.00000 50.00000 0.40570
165.00000 70.00000 50.00000 0.44249
170.00000 70.00000 50.00000 0.47997
175.00000 70.00000 50.00000 0.50621
180.00000 70.00000 50.00000 0.50306
185.00000 70.00000 50.00000 0.49477
190.00000 70.00000 50.00000 0.47909
195.00000 70.00000 50.00000 0.46357
200.00000 70.00000 50.00000 0.46566
205.00000 70.00000 50.00000 0.49666
210.00000 70.00000 50.00000 0.55410
215.00000 70.00000 50.00000 0.62544
220.00000 70.00000 50.00000 0.70571
225.00000 70.00000 50.00000 0.77461
230.00000 70.00000 50.00000 0.81031
235.00000 70.00000 50.00000 0.83696
240.00000 70.00000 50.00000 0.79174
245.00000 70.00000 50.00000 0.68794
250.00000 70.00000 50.00000 0.59202
255.00000 70.00000 50.00000 0.51086
260.00000 70.00000 50.00000 0.43942
265.00000 70.00000 50.00000 0.38497
270.00000 70.00000 50.00000 0.35307
275.00000 70.00000 50.00000 0.34079
280.00000 70.00000 50.00000 0.34200
285.00000 70.00000 50.00000 0.35844
290.00000 70.00000 50.00000 0.38512
295.00000 70.00000 50.00000 0.41602
300.00000 70.00000 50.00000 0.44513
305.00000 70.00000 50.00000 0.46534
310.00000 70.00000 50.00000 0.48078
315.00000 70.00000 50.00000 0.48780
320.00000 70.00000 50.00000 0.48996
325.00000 70.00000 50.00000 0.49823
330.00000 70.00000 50.00000 0.49814
335.00000 70.00000 50.00000 0.49627
340.00000 70.00000 50.00000 0.51657
345.00000 70.00000 50.00000 0.55628
350.00000 70.00000 50.00000 0.59881
355.00000 70.00000 50.00000 0.62518
0.00000 75.00000 50.00000 1.17042
5.00000 75.00000 50.00000 1.24550
10.00000 75.00000 50.00000 1.33605
15.00000 75.00000 50.00000 1.50230
20.00000 75.00000 50.00000 1.73210
25.00000 75.00000 50.00000 1.99540
30.00000 75.00000 50.00000 2.21113
35.00000 75.00000 50.00000 2.33578
40.00000 75.00000 50.00000 2.34577
45.00000 75.00000 50.00000 2.17321
50.00000 75.00000 50.00000 1.93057
55.00000 75.00000 50.00000 1.74794
60.00000 75.00000 50.00000 1.48175
65.00000 75.00000 50.00000 1.18400
70.00000 75.00000 50.00000 0.94601
75.00000 75.00000 50.00000 0.76027
80.00000 75.00000 50.00000 0.60209
85.00000 75.00000 50.00000 0.49564
90.00000 75.00000 50.00000 0.43797
95.00000 75.00000 50.00000 0.40652
100.00000 75.00000 50.00000 0.39775
105.00000 75.00000 50.00000 0.39350
110.00000 75.00000 50.00000 0.38453
115.00000 75.00000 50.00000 0.37749
120.00000 75.00000 50.00000 0.37668
125.00000 75.00000 50.00000 0.38233
130.00000 75.00000 50.00000 0.38718
135.00000 75.00000 50.00000 0.40248
140.00000 75.00000 50.00000 0.45213
145.00000 75.00000 50.00000 0.52199
150.00000 75.00000 50.00000 0.57439
155.00000 75.00000 50.00000 0.62182
160.00000 75.00000 50.00000 0.68085
165.00000 75.00000 50.00000 0.75023
170.00000 75.00000 50.00000 0.81025
175.00000 75.00000 50.00000 0.85614
180.00000 75.00000 50.00000 0.87119
185.00000 75.00000 50.00000 0.88622
190.00000 75.00000 50.00000 0.89302
195.00000 75.00000 50.00000 0.89514
200.00000 75.00000 50.00000 0.91924
205.00000 75.00000 50.00000 0.98344
210.00000 75.00000 50.00000 1.07696
215.00000 75.00000 50.00000 1.16094
220.00000 75.00000 50.00000 1.20679
225.00000 75.00000 50.00000 1.15668
230.00000 75.00000 50.00000 1.07561
235.00000 75.00000 50.00000 1.04746
240.00000 75.00000 50.00000 0.92599
245.00000 75.00000 50.00000 0.78407
250.00000 75.00000 50.00000 0.69180
255.00000 75.00000 50.00000 0.60996
260.00000 75.00000 50.00000 0.53166
265.00000 75.00000 50.00000 0.47126
270.00000 75.00000 50.00000 0.43153
275.00000 75.00000 50.00000 0.41234
280.00000 75.00000 50.00000 0.41316
285.00000 75.00000 50.00000 0.44080
290.00000 75.00000 50.00000 0.48093
295.00000 75.00000 50.00000 0.53206
300.00000 75.00000 50.00000 0.60957
305.00000 75.00000 50.00000 0.69771
310.00000 75.00000 50.00000 0.77861
315.00000 75.00000 50.00000 0.87760
320.00000 75.00000 50.00000 0.99973
325.00000 75.00000 50.00000 1.06263
330.00000 75.00000 50.00000 1.04321
335.00000 75.00000 50.00000 1.02097
340.00000 75.00000 50.00000 1.04374
345.00000 75.00000 50.00000 1.06696
350.00000 75.00000 50.00000 1.08963
355.00000 75.00000 50.00000 1.10445
0.00000 80.00000 50.00000 2.21900
5.00000 80.00000 50.00000 2.30027
10.00000 80.00000 50.00000 2.44740
15.00000 80.00000 50.00000 2.71641
20.00000 80.00000 50.00000 3.06121
25.00000 80.00000 50.00000 3.40792
30.00000 80.00000 50.00000 3.63986
35.00000 80.00000 50.00000 3.64144
40.00000 80.00000 50.00000 3.34399
45.00000 80.00000 50.00000 2.76752
50.00000 80.00000 50.00000 2.32700
55.00000 80.00000 50.00000 2.03592
60.00000 80.00000 50.00000 1.62544
65.00000 80.00000 50.00000 1.27405
70.00000 80.00000 50.00000 1.02071
75.00000 80.00000 50.00000 0.85142
80.00000 80.00000 50.00000 0.72414
85.00000 80.00000 50.00000 0.63607
90.00000 80.00000 50.00000 0.58033
95.00000 80.00000 50.00000 0.54186
100.00000 80.00000 50.00000 0.52260
105.00000 80.00000 50.00000 0.50831
110.00000 80.00000 50.00000 0.49401
115.00000 80.00000 50.00000 0.49135
120.00000 80.00000 50.00000 0.51206
125.00000 80.00000 50.00000 0.56615
130.00000 80.00000 50.00000 0.61620
135.00000 80.00000 50.00000 0.68491
140.00000 80.00000 50.00000 0.84794
145.00000 80.00000 50.00000 1.04989
150.00000 80.00000 50.00000 1.17338
155.00000 80.00000 50.00000 1.26022
160.00000 80.00000 50.00000 1.35051
165.00000 80.00000 50.00000 1.46780
170.00000 80.00000 50.00000 1.59468
175.00000 80.00000 50.00000 1.71558
180.00000 80.00000 50.00000 1.79740
185.00000 80.00000 50.00000 1.84526
190.00000 80.00000 50.00000 1.88451
195.00000 80.00000 50.00000 1.93990
200.00000 80.00000 50.00000 2.01719
205.00000 80.00000 50.00000 2.11877
210.00000 80.00000 50.00000 2.21870
215.00000 80.00000 50.00000 2.25829
220.00000 80.00000 50.00000 2.15852
225.00000 80.00000 50.00000 1.79477
230.00000 80.00000 50.00000 1.49253
235.00000 80.00000 50.00000 1.38615
240.00000 80.00000 50.00000 1.13068
245.00000 80.00000 50.00000 0.91116
250.00000 80.00000 50.00000 0.80450
255.00000 80.00000 50.00000 0.73161
260.00000 80.00000 50.00000 0.67425
265.00000 80.00000 50.00000 0.63200
270.00000 80.00000 50.00000 0.59392
275.00000 80.00000 50.00000 0.56228
280.00000 80.00000 50.00000 0.55373
285.00000 80.00000 50.00000 0.58394
290.00000 80.00000 50.00000 0.63732
295.00000 80.00000 50.00000 0.72014
300.00000 80.00000 50.00000 0.88802
305.00000 80.00000 50.00000 1.12778
310.00000 80.00000 50.00000 1.38111
315.00000 80.00000 50.00000 1.72682
320.00000 80.00000 50.00000 2.15357
325.00000 80.00000 50.00000 2.29224
330.00000 80.00000 50.00000 2.19572
335.00000 80.00000 50.00000 2.10759
340.00000 80.00000 50.00000 2.09433
345.00000 80.00000 50.00000 2.08479
350.00000 80.00000 50.00000 2.10424
355.00000 80.00000 50.00000 2.14820
0.00000 85.00000 50.00000 3.52056
5.00000 85.00000 50.00000 3.53231
10.00000 85.00000 50.00000 3.62746
15.00000 85.00000 50.00000 3.84553
20.00000 85.00000 50.00000 4.10134
25.00000 85.00000 50.00000 4.29815
30.00000 85.00000 50.00000 4.36518
35.00000 85.00000 50.00000 4.20322
40.00000 85.00000 50.00000 3.72175
45.00000 85.00000 50.00000 2.97089
50.00000 85.00000 50.00000 2.39617
55.00000 85.00000 50.00000 1.97642
60.00000 85.00000 50.00000 1.51805
65.00000 85.00000 50.00000 1.18992
70.00000 85.00000 50.00000 0.98798
75.00000 85.00000 50.00000 0.89053
80.00000 85.00000 50.00000 0.84692
85.00000 85.00000 50.00000 0.81678
90.00000 85.00000 50.00000 0.78275
95.00000 85.00000 50.00000 0.74475
100.00000 85.00000 50.00000 0.71634
105.00000 85.00000 50.00000 0.69450
110.00000 85.00000 50.00000 0.68219
115.00000 85.00000 50.00000 0.70479
120.00000 85.00000 50.00000 0.79107
125.00000 85.00000 50.00000 0.95558
130.00000 85.00000 50.00000 1.13134
135.00000 85.00000 50.00000 1.33901
140.00000 85.00000 50.00000 1.67970
145.00000 85.00000 50.00000 2.05414
150.00000 85.00000 50.00000 2.32288
155.00000 85.00000 50.00000 2.50028
160.00000 85.00000 50.00000 2.63600
165.00000 85.00000 50.00000 2.78050
170.00000 85.00000 50.00000 2.95726
175.00000 85.00000 50.00000 3.13154
180.00000 85.00000 50.00000 3.25277
185.00000 85.00000 50.00000 3.32693
190.00000 85.00000 50.00000 3.42344
195.00000 85.00000 50.00000 3.58329
200.00000 85.00000 50.00000 3.75036
205.00000 85.00000 50.00000 3.85654
210.00000 85.00000 50.00000 3.85490
215.00000 85.00000 50.00000 3.70951
220.00000 85.00000 50.00000 3.35247
225.00000 85.00000 50.00000 2.69548
230.00000 85.00000 50.00000 2.10811
235.00000 85.00000 50.00000 1.73061
240.00000 85.00000 50.00000 1.30878
245.00000 85.00000 50.00000 1.00864
250.00000 85.00000 50.00000 0.87375
255.00000 85.00000 50.00000 0.82995
260.00000 85.00000 50.00000 0.82608
265.00000 85.00000 50.00000 0.82369
270.00000 85.00000 50.00000 0.80080
275.00000 85.00000 50.00000 0.76614
280.00000 85.00000 50.00000 0.75056
285.00000 85.00000 50.00000 0.77301
290.00000 85.00000 50.00000 0.83394
295.00000 85.00000 50.00000 0.96078
300.00000 85.00000 50.00000 1.22648
305.00000 85.00000 50.00000 1.65049
310.00000 85.00000 50.00000 2.13936
315.00000 85.00000 50.00000 2.72404
320.00000 85.00000 50.00000 3.40813
325.00000 85.00000 50.00000 3.68184
330.00000 85.00000 50.00000 3.63933
335.00000 85.00000 50.00000 3.57898
340.00000 85.00000 50.00000 3.52960
345.00000 85.00000 50.00000 3.48568
350.00000 85.00000 50.00000 3.48127
355.00000 85.00000 50.00000 3.50609
0.00000 90.00000 50.00000 3.98405
5.00000 90.00000 50.00000 3.87447
10.00000 90.00000 50.00000 3.81428
15.00000 90.00000 50.00000 3.84056
20.00000 90.00000 50.00000 3.86557
25.00000 90.00000 50.00000 3.80494
30.00000 90.00000 50.00000 3.66079
35.00000 90.00000 50.00000 3.42576
40.00000 90.00000 50.00000 3.02608
45.00000 90.00000 50.00000 2.45878
50.00000 90.00000 50.00000 1.93731
55.00000 90.00000 50.00000 1.52170
60.00000 90.00000 50.00000 1.17777
65.00000 90.00000 50.00000 0.95258
70.00000 90.00000 50.00000 0.84335
75.00000 90.00000 50.00000 0.82757
80.00000 90.00000 50.00000 0.85884
85.00000 90.00000 50.00000 0.88995
90.00000 90.00000 50.00000 0.89635
95.00000 90.00000 50.00000 0.88298
100.00000 90.00000 50.00000 0.87567
105.00000 90.00000 50.00000 0.88407
110.00000 90.00000 50.00000 0.91422
115.00000 90.00000 50.00000 1.00377
120.00000 90.00000 50.00000 1.20947
125.00000 90.00000 50.00000 1.54207
130.00000 90.00000 50.00000 1.91992
135.00000 90.00000 50.00000 2.35680
140.00000 90.00000 50.00000 2.89236
145.00000 90.00000 50.00000 3.37171
150.00000 90.00000 50.00000 3.71558
155.00000 90.00000 50.00000 3.91934
160.00000 90.00000 50.00000 3.99523
165.00000 90.00000 50.00000 4.02071
170.00000 90.00000 50.00000 4.08842
175.00000 90.00000 50.00000 4.18662
180.00000 90.00000 50.00000 4.25084
185.00000 90.00000 50.00000 4.29219
190.00000 90.00000 50.00000 4.40796
195.00000 90.00000 50.00000 4.65430
200.00000 90.00000 50.00000 4.91065
205.00000 90.00000 50.00000 5.00871
210.00000 90.00000 50.00000 4.87690
215.00000 90.00000 50.00000 4.49638
220.00000 90.00000 50.00000 3.86830
225.00000 90.00000 50.00000 3.10719
230.00000 90.00000 50.00000 2.39708
235.00000 90.00000 50.00000 1.79639
240.00000 90.00000 50.00000 1.30333
245.00000 90.00000 50.00000 0.99193
250.00000 90.00000 50.00000 0.84854
255.00000 90.00000 50.00000 0.82343
260.00000 90.00000 50.00000 0.85575
265.00000 90.00000 50.00000 0.88728
270.00000 90.00000 50.00000 0.88886
275.00000 90.00000 50.00000 0.87071
280.00000 90.00000 50.00000 0.87026
285.00000 90.00000 50.00000 0.90796
290.00000 90.00000 50.00000 0.99323
295.00000 90.00000 50.00000 1.16439
300.00000 90.00000 50.00000 1.48740
305.00000 90.00000 50.00000 1.98982
310.00000 90.00000 50.00000 2.50506
315.00000 90.00000 50.00000 3.05426
320.00000 90.00000 50.00000 3.81282
325.00000 90.00000 50.00000 4.30039
330.00000 90.00000 50.00000 4.47161
335.00000 90.00000 50.00000 4.45776
340.00000 90.00000 50.00000 4.32749
345.00000 90.00000 50.00000 4.19227
350.00000 90.00000 50.00000 4.11818
355.00000 90.00000 50.00000 4.06795
0.00000 0.00000 55.00000 0.47081
5.00000 0.00000 55.00000 0.41292
10.00000 0.00000 55.00000 0.39105
15.00000 0.00000 55.00000 0.38546
20.00000 0.00000 55.00000 0.38361
25.00000 0.00000 55.00000 0.38832
30.00000 0.00000 55.00000 0.39978
35.00000 0.00000 55.00000 0.40177
40.00000 0.00000 55.00000 0.38220
45.00000 0.00000 55.00000 0.35700
50.00000 0.00000 55.00000 0.35101
55.00000 0.00000 55.00000 0.37178
60.00000 0.00000 55.00000 0.40854
65.00000 0.00000 55.00000 0.44692
70.00000 0.00000 55.00000 0.49143
75.00000 0.00000 55.00000 0.54557
80.00000 0.00000 55.00000 0.57547
85.00000 0.00000 55.00000 0.54641
90.00000 0.00000 55.00000 0.47081
95.00000 0.00000 55.00000 0.41292
100.00000 0.00000 55.00000 0.39105
105.00000 0.00000 55.00000 0.38546
110.00000 0.00000 55.00000 0.38361
115.00000 0.00000 55.00000 0.38832
120.00000 0.00000 55.00000 0.39978
125.00000 0.00000 55.00000 0.40177
130.00000 0.00000 55.00000 0.38220
135.00000 0.00000 55.00000 0.35700
140.00000 0.00000 55.00000 0.35101
145.00000 0.00000 55.00000 0.37178
150.00000 0.00000 55.00000 0.40854
155.00000 0.00000 55.00000 0.44692
160.00000 0.00000 55.00000 0.49143
165.00000 0.00000 55.00000 0.54557
170.00000 0.00000 55.00000 0.57547
175.00000 0.00000 55.00000 0.54641
180.00000 0.00000 55.00000 0.47081
185.00000 0.00000 55.00000 0.41292
190.00000 0.00000 55.00000 0.39105
195.00000 0.00000 55.00000 0.38546
200.00000 0.00000 55.00000 0.38361
205.00000 0.00000 55.00000 0.38832
210.00000 0.00000 55.00000 0.39978
215.00000 0.00000 55.00000 0.40177
220.00000 0.00000 55.00000 0.38220
225.00000 0.00000 55.00000 0.35700
230.00000 0.00000 55.00000 0.35101
235.00000 0.00000 55.00000 0.37178
240.00000 0.00000 55.00000 0.40854
245.00000 0.00000 55.00000 0.44692
250.00000 0.00000 55.00000 0.49143
255.00000 0.00000 55.00000 0.54557
260.00000 0.00000 55.00000 0.57547
265.00000 0.00000 55.00000 0.54641
270.00000 0.00000 55.00000 0.47081
275.00000 0.00000 55.00000 0.41292
280.00000 0.00000 55.00000 0.39105
285.00000 0.00000 55.00000 0.38546
290.00000 0.00000 55.00000 0.38361
295.00000 0.00000 55.00000 0.38832
300.00000 0.00000 55.00000 0.39978
305.00000 0.00000 55.00000 0.40177
310.00000 0.00000 55.00000 0.38220
315.00000 0.00000 55.00000 0.35700
320.00000 0.00000 55.00000 0.35101
325.00000 0.00000 55.00000 0.37178
330.00000 0.00000 55.00000 0.40854
335.00000 0.00000 55.00000 0.44692
340.00000 0.00000 55.00000 0.49143
345.00000 0.00000 55.00000 0.54557
350.00000 0.00000 55.00000 0.57547
355.00000 0.00000 55.00000 0.54641
0.00000 5.00000 55.00000 0.59042
5.00000 5.00000 55.00000 0.52489
10.00000 5.00000 55.00000 0.50567
15.00000 5.00000 55.00000 0.50692
20.00000 5.00000 55.00000 0.50902
25.00000 5.00000 55.00000 0.51174
30.00000 5.00000 55.00000 0.51454
35.00000 5.00000 55.00000 0.49943
40.00000 5.00000 55.00000 0.45695
45.00000 5.00000 55.00000 0.40963
50.00000 5.00000 55.00000 0.38632
55.00000 5.00000 55.00000 0.39259
60.00000 5.00000 55.00000 0.41533
65.00000 5.00000 55.00000 0.44162
70.00000 5.00000 55.00000 0.47648
75.00000 5.00000 55.00000 0.52417
80.00000 5.00000 55.00000 0.54993
85.00000 5.00000 55.00000 0.51530
90.00000 5.00000 55.00000 0.44495
95.00000 5.00000 55.00000 0.39412
100.00000 5.00000 55.00000 0.37340
105.00000 5.00000 55.00000 0.36594
110.00000 5.00000 55.00000 0.36180
115.00000 5.00000 55.00000 0.36344
120.00000 5.00000 55.00000 0.37216
125.00000 5.00000 55.00000 0.37726
130.00000 5.00000 55.00000 0.36867
135.00000 5.00000 55.00000 0.35541
140.00000 5.00000 55.00000 0.35619
145.00000 5.00000 55.00000 0.37929
150.00000 5.00000 55.00000 0.41864
155.00000 5.00000 55.00000 0.46389
160.00000 5.00000 55.00000 0.51665
165.00000 5.00000 55.00000 0.56257
170.00000 5.00000 55.00000 0.57625
175.00000 5.00000 55.00000 0.56778
180.00000 5.00000 55.00000 0.50284
185.00000 5.00000 55.00000 0.43586
190.00000 5.00000 55.00000 0.40347
195.00000 5.00000 55.00000 0.38892
200.00000 5.00000 55.00000 0.37990
205.00000 5.00000 55.00000 0.37971
210.00000 5.00000 55.00000 0.38930
215.00000 5.00000 55.00000 0.39278
220.00000 5.00000 55.00000 0.37538
225.00000 5.00000 55.00000 0.34887
230.00000 5.00000 55.00000 0.33710
235.00000 5.00000 55.00000 0.34906
240.00000 5.00000 55.00000 0.37689
245.00000 5.00000 55.00000 0.40865
250.00000 5.00000 55.00000 0.44553
255.00000 5.00000 55.00000 0.48551
260.00000 5.00000 55.00000 0.50599
265.00000 5.00000 55.00000 0.48964
270.00000 5.00000 55.00000 0.43391
275.00000 5.00000 55.00000 0.38956
280.00000 5.00000 55.00000 0.37640
285.00000 5.00000 55.00000 0.38064
290.00000 5.00000 55.00000 0.39371
295.00000 5.00000 55.00000 0.41930
300.00000 5.00000 55.00000 0.45597
305.00000 5.00000 55.00000 0.48003
310.00000 5.00000 55.00000 0.47027
315.00000 5.00000 55.00000 0.44530
320.00000 5.00000 55.00000 0.44157
325.00000 5.00000 55.00000 0.47101
330.00000 5.00000 55.00000 0.51831
335.00000 5.00000 55.00000 0.56580
340.00000 5.00000 55.00000 0.62156
345.00000 5.00000 55.00000 0.69064
350.00000 5.00000 55.00000 0.72706
355.00000 5.00000 55.00000 0.68440
0.00000 10.00000 55.00000 0.90395
5.00000 10.00000 55.00000 0.79710
10.00000 10.00000 55.00000 0.75210
15.00000 10.00000 55.00000 0.73330
20.00000 10.00000 55.00000 0.71052
25.00000 10.00000 55.00000 0.68288
30.00000 10.00000 55.00000 0.65515
35.00000 10.00000 55.00000 0.61151
40.00000 10.00000 55.00000 0.54038
45.00000 10.00000 55.00000 0.46329
50.00000 10.00000 55.00000 0.41188
55.00000 10.00000 55.00000 0.39277
60.00000 10.00000 55.00000 0.39312
65.00000 10.00000 55.00000 0.40201
70.00000 10.00000 55.00000 0.42114
75.00000 10.00000 55.00000 0.45086
80.00000 10.00000 55.00000 0.46563
85.00000 10.00000 55.00000 0.43808
90.00000 10.00000 55.00000 0.38966
95.00000 10.00000 55.00000 0.35637
100.00000 10.00000 55.00000 0.34308
105.00000 10.00000 55.00000 0.34000
110.00000 10.00000 55.00000 0.34344
115.00000 10.00000 55.00000 0.35772
120.00000 10.00000 55.00000 0.38474
125.00000 10.00000 55.00000 0.41344
130.00000 10.00000 55.00000 0.42927
135.00000 10.00000 55.00000 0.43704
140.00000 10.00000 55.00000 0.45705
145.00000 10.00000 55.00000 0.49958
150.00000 10.00000 55.00000 0.55912
155.00000 10.00000 55.00000 0.62994
160.00000 10.00000 55.00000 0.71951
165.00000 10.00000 55.00000 0.81125
170.00000 10.00000 55.00000 0.85404
175.00000 10.00000 55.00000 0.82734
180.00000 10.00000 55.00000 0.71763
185.00000 10.00000 55.00000 0.61140
190.00000 10.00000 55.00000 0.55435
195.00000 10.00000 55.00000 0.52373
200.00000 10.00000 55.00000 0.50162
205.00000 10.00000 55.00000 0.49145
210.00000 10.00000 55.00000 0.49278
215.00000 10.00000 55.00000 0.48235
220.00000 10.00000 55.00000 0.44069
225.00000 10.00000 55.00000 0.38534
230.00000 10.00000 55.00000 0.34791
235.00000 10.00000 55.00000 0.33784
240.00000 10.00000 55.00000 0.34631
245.00000 10.00000 55.00000 0.36316
250.00000 10.00000 55.00000 0.38664
255.00000 10.00000 55.00000 0.41147
260.00000 10.00000 55.00000 0.42150
265.00000 10.00000 55.00000 0.41087
270.00000 10.00000 55.00000 0.37796
275.00000 10.00000 55.00000 0.35277
280.00000 10.00000 55.00000 0.34995
285.00000 10.00000 55.00000 0.36351
290.00000 10.00000 55.00000 0.39222
295.00000 10.00000 55.00000 0.44342
300.00000 10.00000 55.00000 0.51739
305.00000 10.00000 55.00000 0.58710
310.00000 10.00000 55.00000 0.61886
315.00000 10.00000 55.00000 0.62342
320.00000 10.00000 55.00000 0.64525
325.00000 10.00000 55.00000 0.70582
330.00000 10.00000 55.00000 0.79012
335.00000 10.00000 55.00000 0.87915
340.00000 10.00000 55.00000 0.98078
345.00000 10.00000 55.00000 1.06874
350.00000 10.00000 55.00000 1.08371
355.00000 10.00000 55.00000 1.03220
0.00000 15.00000 55.00000 1.39079
5.00000 15.00000 55.00000 1.18527
10.00000 15.00000 55.00000 1.04898
15.00000 15.00000 55.00000 0.94453
20.00000 15.00000 55.00000 0.84488
25.00000 15.00000 55.00000 0.75777
30.00000 15.00000 55.00000 0.69114
35.00000 15.00000 55.00000 0.62596
40.00000 15.00000 55.00000 0.54289
45.00000 15.00000 55.00000 0.45580
50.00000 15.00000 55.00000 0.39402
55.00000 15.00000 55.00000 0.36411
60.00000 15.00000 55.00000 0.35416
65.00000 15.00000 55.00000 0.35455
70.00000 15.00000 55.00000 0.36410
75.00000 15.00000 55.00000 0.38122
80.00000 15.00000 55.00000 0.38967
85.00000 15.00000 55.00000 0.37336
90.00000 15.00000 55.00000 0.34603
95.00000 15.00000 55.00000 0.32882
100.00000 15.00000 55.00000 0.32331
105.00000 15.00000 55.00000 0.32528
110.00000 15.00000 55.00000 0.33755
115.00000 15.00000 55.00000 0.37020
120.00000 15.00000 55.00000 0.42870
125.00000 15.00000 55.00000 0.49746
130.00000 15.00000 55.00000 0.55115
135.00000 15.00000 55.00000 0.59452
140.00000 15.00000 55.00000 0.65860
145.00000 15.00000 55.00000 0.75479
150.00000 15.00000 55.00000 0.86695
155.00000 15.00000 55.00000 0.98808
160.00000 15.00000 55.00000 1.14091
165.00000 15.00000 55.00000 1.32048
170.00000 15.00000 55.00000 1.42222
175.00000 15.00000 55.00000 1.34344
180.00000 15.00000 55.00000 1.13676
185.00000 15.00000 55.00000 0.95445
190.00000 15.00000 55.00000 0.84352
195.00000 15.00000 55.00000 0.76837
200.00000 15.00000 55.00000 0.70742
205.00000 15.00000 55.00000 0.66734
210.00000 15.00000 55.00000 0.64331
215.00000 15.00000 55.00000 0.60066
220.00000 15.00000 55.00000 0.51773
225.00000 15.00000 55.00000 0.42328
230.00000 15.00000 55.00000 0.35821
235.00000 15.00000 55.00000 0.32926
240.00000 15.00000 55.00000 0.32273
245.00000 15.00000 55.00000 0.32751
250.00000 15.00000 55.00000 0.33979
255.00000 15.00000 55.00000 0.35479
260.00000 15.00000 55.00000 0.36027
265.00000 15.00000 55.00000 0.35190
270.00000 15.00000 55.00000 0.33424
275.00000 15.00000 55.00000 0.32432
280.00000 15.00000 55.00000 0.32884
285.00000 15.00000 55.00000 0.34570
290.00000 15.00000 55.00000 0.37954
295.00000 15.00000 55.00000 0.44433
300.00000 15.00000 55.00000 0.54709
305.00000 15.00000 55.00000 0.66410
310.00000 15.00000 55.00000 0.75696
315.00000 15.00000 55.00000 0.82649
320.00000 15.00000 55.00000 0.91215
325.00000 15.00000 55.00000 1.04021
330.00000 15.00000 55.00000 1.20618
335.00000 15.00000 55.00000 1.39282
340.00000 15.00000 55.00000 1.59562
345.00000 15.00000 55.00000 1.70840
350.00000 15.00000 55.00000 1.65147
355.00000 15.00000 55.00000 1.57941
0.00000 20.00000 55.00000 1.98543
5.00000 20.00000 55.00000 1.60484
10.00000 20.00000 55.00000 1.29976
15.00000 20.00000 55.00000 1.04456
20.00000 20.00000 55.00000 0.83763
25.00000 20.00000 55.00000 0.69298
30.00000 20.00000 55.00000 0.60188
35.00000 20.00000 55.00000 0.53163
40.00000 20.00000 55.00000 0.45870
45.00000 20.00000 55.00000 0.38981
50.00000 20.00000 55.00000 0.34356
55.00000 20.00000 55.00000 0.32193
60.00000 20.00000 55.00000 0.31467
65.00000 20.00000 55.00000 0.31474
70.00000 20.00000 55.00000 0.32102
75.00000 20.00000 55.00000 0.33195
80.00000 20.00000 55.00000 0.33852
85.00000 20.00000 55.00000 0.33183
90.00000 20.00000 55.00000 0.32020
95.00000 20.00000 55.00000 0.31561
100.00000 20.00000 55.00000 0.31792
105.00000 20.00000 55.00000 0.32530
110.00000 20.00000 55.00000 0.34524
115.00000 20.00000 55.00000 0.39450
120.00000 20.00000 55.00000 0.48525
125.00000 20.00000 55.00000 0.59914
130.00000 20.00000 55.00000 0.70042
135.00000 20.00000 55.00000 0.79615
140.00000 20.00000 55.00000 0.93237
145.00000 20.00000 55.00000 1.12516
150.00000 20.00000 55.00000 1.34165
155.00000 20.00000 55.00000 1.55571
160.00000 20.00000 55.00000 1.79537
165.00000 20.00000 55.00000 2.03591
170.00000 20.00000 55.00000 2.14468
175.00000 20.00000 55.00000 2.02980
180.00000 20.00000 55.00000 1.71764
185.00000 20.00000 55.00000 1.41503
190.00000 20.00000 55.00000 1.19822
195.00000 20.00000 55.00000 1.02446
200.00000 20.00000 55.00000 0.88135
205.00000 20.00000 55.00000 0.78120
210.00000 20.00000 55.00000 0.71071
215.00000 20.00000 55.00000 0.63075
220.00000 20.00000 55.00000 0.52218
225.00000 20.00000 55.00000 0.41504
230.00000 20.00000 55.00000 0.34518
235.00000 20.00000 55.00000 0.31296
240.00000 20.00000 55.00000 0.30189
245.00000 20.00000 55.00000 0.30099
250.00000 20.00000 55.00000 0.30614
255.00000 20.00000 55.00000 0.31445
260.00000 20.00000 55.00000 0.31895
265.00000 20.00000 55.00000 0.31461
270.00000 20.00000 55.00000 0.30755
275.00000 20.00000 55.00000 0.30835
280.00000 20.00000 55.00000 0.31830
285.00000 20.00000 55.00000 0.33523
290.00000 20.00000 55.00000 0.36636
295.00000 20.00000 55.00000 0.43030
300.00000 20.00000 55.00000 0.54043
305.00000 20.00000 55.00000 0.67812
310.00000 20.00000 55.00000 0.81139
315.00000 20.00000 55.00000 0.94730
320.00000 20.00000 55.00000 1.12277
325.00000 20.00000 55.00000 1.36146
330.00000 20.00000 55.00000 1.66442
335.00000 20.00000 55.00000 2.01405
340.00000 20.00000 55.00000 2.38150
345.00000 20.00000 55.00000 2.60885
350.00000 20.00000 55.00000 2.54821
355.00000 20.00000 55.00000 2.34857
0.00000 25.00000 55.00000 2.50017
5.00000 25.00000 55.00000 1.93477
10.00000 25.00000 55.00000 1.45275
15.00000 25.00000 55.00000 1.05390
20.00000 25.00000 55.00000 0.76217
25.00000 25.00000 55.00000 0.58415
30.00000 25.00000 55.00000 0.48441
35.00000 25.00000 55.00000 0.41921
40.00000 25.00000 55.00000 0.36589
45.00000 25.00000 55.00000 0.32424
50.00000 25.00000 55.00000 0.29962
55.00000 25.00000 55.00000 0.28966
60.00000 25.00000 55.00000 0.28758
65.00000 25.00000 55.00000 0.28968
70.00000 25.00000 55.00000 0.29540
75.00000 25.00000 55.00000 0.30398
80.00000 25.00000 55.00000 0.31045
85.00000 25.00000 55.00000 0.30950
90.00000 25.00000 55.00000 0.30742
95.00000 25.00000 55.00000 0.31249
100.00000 25.00000 55.00000 0.32316
105.00000 25.00000 55.00000 0.33794
110.00000 25.00000 55.00000 0.36478
115.00000 25.00000 55.00000 0.42294
120.00000 25.00000 55.00000 0.52936
125.00000 25.00000 55.00000 0.67084
130.00000 25.00000 55.00000 0.81543
135.00000 25.00000 55.00000 0.97401
140.00000 25.00000 55.00000 1.19618
145.00000 25.00000 55.00000 1.50579
150.00000 25.00000 55.00000 1.87292
155.00000 25.00000 55.00000 2.24788
160.00000 25.00000 55.00000 2.61751
165.00000 25.00000 55.00000 2.85765
170.00000 25.00000 55.00000 2.87063
175.00000 25.00000 55.00000 2.76389
180.00000 25.00000 55.00000 2.36322
185.00000 25.00000 55.00000 1.89280
190.00000 25.00000 55.00000 1.51319
195.00000 25.00000 55.00000 1.19185
200.00000 25.00000 55.00000 0.93675
205.00000 25.00000 55.00000 0.76179
210.00000 25.00000 55.00000 0.64391
215.00000 25.00000 55.00000 0.54607
220.00000 25.00000 55.00000 0.44868
225.00000 25.00000 55.00000 0.36579
230.00000 25.00000 55.00000 0.31546
235.00000 25.00000 55.00000 0.29293
240.00000 25.00000 55.00000 0.28467
245.00000 25.00000 55.00000 0.28285
250.00000 25.00000 55.00000 0.28456
255.00000 25.00000 55.00000 0.28868
260.00000 25.00000 55.00000 0.29242
265.00000 25.00000 55.00000 0.29262
270.00000 25.00000 55.00000 0.29338
275.00000 25.00000 55.00000 0.30146
280.00000 25.00000 55.00000 0.31566
285.00000 25.00000 55.00000 0.33296
290.00000 25.00000 55.00000 0.35976
295.00000 25.00000 55.00000 0.41343
300.00000 25.00000 55.00000 0.50686
305.00000 25.00000 55.00000 0.62661
310.00000 25.00000 55.00000 0.75358
315.00000 25.00000 55.00000 0.91302
320.00000 25.00000 55.00000 1.15665
325.00000 25.00000 55.00000 1.50836
330.00000 25.00000 55.00000 1.95984
335.00000 25.00000 55.00000 2.47886
340.00000 25.00000 55.00000 3.00852
345.00000 25.00000 55.00000 3.39434
350.00000 25.00000 55.00000 3.42131
355.00000 25.00000 55.00000 3.07121
0.00000 30.00000 55.00000 2.53996
5.00000 30.00000 55.00000 1.93550
10.00000 30.00000 55.00000 1.40858
15.00000 30.00000 55.00000 0.97731
20.00000 30.00000 55.00000 0.67208
25.00000 30.00000 55.00000 0.49451
30.00000 30.00000 55.00000 0.40003
35.00000 30.00000 55.00000 0.34565
40.00000 30.00000 55.00000 0.31097
45.00000 30.00000 55.00000 0.28935
50.00000 30.00000 55.00000 0.27846
55.00000 30.00000 55.00000 0.27493
60.00000 30.00000 55.00000 0.27545
65.00000 30.00000 55.00000 0.27891
70.00000 30.00000 55.00000 0.28516
75.00000 30.00000 55.00000 0.29342
80.00000 30.00000 55.00000 0.29990
85.00000 30.00000 55.00000 0.30132
90.00000 30.00000 55.00000 0.30365
95.00000 30.00000 55.00000 0.31503
100.00000 30.00000 55.00000 0.33425
105.00000 30.00000 55.00000 0.35703
110.00000 30.00000 55.00000 0.38781
115.00000 30.00000 55.00000 0.44199
120.00000 30.00000 55.00000 0.53632
125.00000 30.00000 55.00000 0.66955
130.00000 30.00000 55.00000 0.82917
135.00000 30.00000 55.00000 1.03220
140.00000 30.00000 55.00000 1.31915
145.00000 30.00000 55.00000 1.71414
150.00000 30.00000 55.00000 2.21400
155.00000 30.00000 55.00000 2.77237
160.00000 30.00000 55.00000 3.31541
165.00000 30.00000 55.00000 3.63924
170.00000 30.00000 55.00000 3.59397
175.00000 30.00000 55.00000 3.36842
180.00000 30.00000 55.00000 2.83527
185.00000 30.00000 55.00000 2.20900
190.00000 30.00000 55.00000 1.68074
195.00000 30.00000 55.00000 1.23152
200.00000 30.00000 55.00000 0.88694
205.00000 30.00000 55.00000 0.65975
210.00000 30.00000 55.00000 0.51983
215.00000 30.00000 55.00000 0.42991
220.00000 30.00000 55.00000 0.36369
225.00000 30.00000 55.00000 0.31615
230.00000 30.00000 55.00000 0.28960
235.00000 30.00000 55.00000 0.27823
240.00000 30.00000 55.00000 0.27396
245.00000 30.00000 55.00000 0.27282
250.00000 30.00000 55.00000 0.27358
255.00000 30.00000 55.00000 0.27645
260.00000 30.00000 55.00000 0.28054
265.00000 30.00000 55.00000 0.28368
270.00000 30.00000 55.00000 0.28860
275.00000 30.00000 55.00000 0.30046
280.00000 30.00000 55.00000 0.31789
285.00000 30.00000 55.00000 0.33597
290.00000 30.00000 55.00000 0.35765
295.00000 30.00000 55.00000 0.39473
300.00000 30.00000 55.00000 0.45489
305.00000 30.00000 55.00000 0.53107
310.00000 30.00000 55.00000 0.61746
315.00000 30.00000 55.00000 0.74829
320.00000 30.00000 55.00000 0.98535
325.00000 30.00000 55.00000 1.35872
330.00000 30.00000 55.00000 1.84815
335.00000 30.00000 55.00000 2.40613
340.00000 30.00000 55.00000 2.95835
345.00000 30.00000 55.00000 3.36947
350.00000 30.00000 55.00000 3.45138
355.00000 30.00000 55.00000 3.12398
0.00000 35.00000 55.00000 1.97057
5.00000 35.00000 55.00000 1.52058
10.00000 35.00000 55.00000 1.12444
15.00000 35.00000 55.00000 0.79494
20.00000 35.00000 55.00000 0.55912
25.00000 35.00000 55.00000 0.42161
30.00000 35.00000 55.00000 0.34929
35.00000 35.00000 55.00000 0.31118
40.00000 35.00000 55.00000 0.29114
45.00000 35.00000 55.00000 0.28084
50.00000 35.00000 55.00000 0.27625
55.00000 35.00000 55.00000 0.27526
60.00000 35.00000 55.00000 0.27705
65.00000 35.00000 55.00000 0.28185
70.00000 35.00000 55.00000 0.28897
75.00000 35.00000 55.00000 0.29630
80.00000 35.00000 55.00000 0.30252
85.00000 35.00000 55.00000 0.30547
90.00000 35.00000 55.00000 0.30966
95.00000 35.00000 55.00000 0.32507
100.00000 35.00000 55.00000 0.35045
105.00000 35.00000 55.00000 0.37796
110.00000 35.00000 55.00000 0.40714
115.00000 35.00000 55.00000 0.44679
120.00000 35.00000 55.00000 0.50840
125.00000 35.00000 55.00000 0.59961
130.00000 35.00000 55.00000 0.72756
135.00000 35.00000 55.00000 0.91391
140.00000 35.00000 55.00000 1.18790
145.00000 35.00000 55.00000 1.56207
150.00000 35.00000 55.00000 2.05322
155.00000 35.00000 55.00000 2.64680
160.00000 35.00000 55.00000 3.24081
165.00000 35.00000 55.00000 3.61402
170.00000 35.00000 55.00000 3.54712
175.00000 35.00000 55.00000 3.20617
180.00000 35.00000 55.00000 2.67141
185.00000 35.00000 55.00000 2.06826
190.00000 35.00000 55.00000 1.54262
195.00000 35.00000 55.00000 1.09311
200.00000 35.00000 55.00000 0.75375
205.00000 35.00000 55.00000 0.53859
210.00000 35.00000 55.00000 0.41658
215.00000 35.00000 55.00000 0.35096
220.00000 35.00000 55.00000 0.31320
225.00000 35.00000 55.00000 0.29008
230.00000 35.00000 55.00000 0.27799
235.00000 35.00000 55.00000 0.27287
240.00000 35.00000 55.00000 0.27081
245.00000 35.00000 55.00000 0.27026
250.00000 35.00000 55.00000 0.27111
255.00000 35.00000 55.00000 0.27402
260.00000 35.00000 55.00000 0.27918
265.00000 35.00000 55.00000 0.28456
270.00000 35.00000 55.00000 0.29179
275.00000 35.00000 55.00000 0.30648
280.00000 35.00000 55.00000 0.32676
285.00000 35.00000 55.00000 0.34531
290.00000 35.00000 55.00000 0.36104
295.00000 35.00000 55.00000 0.38004
300.00000 35.00000 55.00000 0.40630
305.00000 35.00000 55.00000 0.43782
310.00000 35.00000 55.00000 0.47741
315.00000 35.00000 55.00000 0.55193
320.00000 35.00000 55.00000 0.70997
325.00000 35.00000 55.00000 0.97827
330.00000 35.00000 55.00000 1.33902
335.00000 35.00000 55.00000 1.75525
340.00000 35.00000 55.00000 2.16709
345.00000 35.00000 55.00000 2.48070
350.00000 35.00000 55.00000 2.57923
355.00000 35.00000 55.00000 2.38461
0.00000 40.00000 55.00000 1.21965
5.00000 40.00000 55.00000 0.97728
10.00000 40.00000 55.00000 0.76205
15.00000 40.00000 55.00000 0.57798
20.00000 40.00000 55.00000 0.44314
25.00000 40.00000 55.00000 0.36343
30.00000 40.00000 55.00000 0.32180
35.00000 40.00000 55.00000 0.30162
40.00000 40.00000 55.00000 0.29400
45.00000 40.00000 55.00000 0.29261
50.00000 40.00000 55.00000 0.29378
55.00000 40.00000 55.00000 0.29602
60.00000 40.00000 55.00000 0.29940
65.00000 40.00000 55.00000 0.30454
70.00000 40.00000 55.00000 0.30949
75.00000 40.00000 55.00000 0.31191
80.00000 40.00000 55.00000 0.31737
85.00000 40.00000 55.00000 0.32335
90.00000 40.00000 55.00000 0.32749
95.00000 40.00000 55.00000 0.34220
100.00000 40.00000 55.00000 0.36990
105.00000 40.00000 55.00000 0.39997
110.00000 40.00000 55.00000 0.42561
115.00000 40.00000 55.00000 0.45035
120.00000 40.00000 55.00000 0.47687
125.00000 40.00000 55.00000 0.51428
130.00000 40.00000 55.00000 0.58037
135.00000 40.00000 55.00000 0.69314
140.00000 40.00000 55.00000 0.86852
145.00000 40.00000 55.00000 1.10725
150.00000 40.00000 55.00000 1.42517
155.00000 40.00000 55.00000 1.83510
160.00000 40.00000 55.00000 2.24920
165.00000 40.00000 55.00000 2.47319
170.00000 40.00000 55.00000 2.39714
175.00000 40.00000 55.00000 2.19642
180.00000 40.00000 55.00000 1.87060
185.00000 40.00000 55.00000 1.47424
190.00000 40.00000 55.00000 1.11574
195.00000 40.00000 55.00000 0.80349
200.00000 40.00000 55.00000 0.57166
205.00000 40.00000 55.00000 0.43014
210.00000 40.00000 55.00000 0.35402
215.00000 40.00000 55.00000 0.31741
220.00000 40.00000 55.00000 0.29972
225.00000 40.00000 55.00000 0.28956
230.00000 40.00000 55.00000 0.28378
235.00000 40.00000 55.00000 0.28068
240.00000 40.00000 55.00000 0.27881
245.00000 40.00000 55.00000 0.27784
250.00000 40.00000 55.00000 0.27793
255.00000 40.00000 55.00000 0.27961
260.00000 40.00000 55.00000 0.28500
265.00000 40.00000 55.00000 0.29236
270.00000 40.00000 55.00000 0.30127
275.00000 40.00000 55.00000 0.31804
280.00000 40.00000 55.00000 0.34013
285.00000 40.00000 55.00000 0.36014
290.00000 40.00000 55.00000 0.37341
295.00000 40.00000 55.00000 0.37889
300.00000 40.00000 55.00000 0.38083
305.00000 40.00000 55.00000 0.38159
310.00000 40.00000 55.00000 0.38703
315.00000 40.00000 55.00000 0.41168
320.00000 40.00000 55.00000 0.48029
325.00000 40.00000 55.00000 0.60697
330.00000 40.00000 55.00000 0.78424
335.00000 40.00000 55.00000 1.00117
340.00000 40.00000 55.00000 1.22816
345.00000 40.00000 55.00000 1.40839
350.00000 40.00000 55.00000 1.49704
355.00000 40.00000 55.00000 1.43277
0.00000 45.00000 55.00000 0.69064
5.00000 45.00000 55.00000 0.58418
10.00000 45.00000 55.00000 0.49679
15.00000 45.00000 55.00000 0.42152
20.00000 45.00000 55.00000 0.36385
25.00000 45.00000 55.00000 0.33013
30.00000 45.00000 55.00000 0.31469
35.00000 45.00000 55.00000 0.31206
40.00000 45.00000 55.00000 0.32018
45.00000 45.00000 55.00000 0.33651
50.00000 45.00000 55.00000 0.35534
55.00000 45.00000 55.00000 0.36810
60.00000 45.00000 55.00000 0.37033
65.00000 45.00000 55.00000 0.36778
70.00000 45.00000 55.00000 0.36013
75.00000 45.00000 55.00000 0.34929
80.00000 45.00000 55.00000 0.34527
85.00000 45.00000 55.00000 0.34555
90.00000 45.00000 55.00000 0.34456
95.00000 45.00000 55.00000 0.35357
100.00000 45.00000 55.00000 0.38153
105.00000 45.00000 55.00000 0.41832
110.00000 45.00000 55.00000 0.44567
115.00000 45.00000 55.00000 0.46231
120.00000 45.00000 55.00000 0.46148
125.00000 45.00000 55.00000 0.45271
130.00000 45.00000 55.00000 0.46359
135.00000 45.00000 55.00000 0.50145
140.00000 45.00000 55.00000 0.56903
145.00000 45.00000 55.00000 0.66338
150.00000 45.00000 55.00000 0.79259
155.00000 45.00000 55.00000 0.97227
160.00000 45.00000 55.00000 1.16089
165.00000 45.00000 55.00000 1.25883
170.00000 45.00000 55.00000 1.24099
175.00000 45.00000 55.00000 1.18463
180.00000 45.00000 55.00000 1.03101
185.00000 45.00000 55.00000 0.84621
190.00000 45.00000 55.00000 0.68075
195.00000 45.00000 55.00000 0.52995
200.00000 45.00000 55.00000 0.42193
205.00000 45.00000 55.00000 0.35979
210.00000 45.00000 55.00000 0.32751
215.00000 45.00000 55.00000 0.31626
220.00000 45.00000 55.00000 0.31629
225.00000 45.00000 55.00000 0.31877
230.00000 45.00000 55.00000 0.32115
235.00000 45.00000 55.00000 0.32054
240.00000 45.00000 55.00000 0.31578
245.00000 45.00000 55.00000 0.30925
250.00000 45.00000 55.00000 0.30239
255.00000 45.00000 55.00000 0.29689
260.00000 45.00000 55.00000 0.29699
265.00000 45.00000 55.00000 0.30226
270.00000 45.00000 55.00000 0.30993
275.00000 45.00000 55.00000 0.32435
280.00000 45.00000 55.00000 0.34369
285.00000 45.00000 55.00000 0.36803
290.00000 45.00000 55.00000 0.38767
295.00000 45.00000 55.00000 0.38855
300.00000 45.00000 55.00000 0.37749
305.00000 45.00000 55.00000 0.36119
310.00000 45.00000 55.00000 0.34735
315.00000 45.00000 55.00000 0.34469
320.00000 45.00000 55.00000 0.36078
325.00000 45.00000 55.00000 0.39871
330.00000 45.00000 55.00000 0.45745
335.00000 45.00000 55.00000 0.53905
340.00000 45.00000 55.00000 0.63624
345.00000 45.00000 55.00000 0.71875
350.00000 45.00000 55.00000 0.78432
355.00000 45.00000 55.00000 0.78327
0.00000 50.00000 55.00000 0.42824
5.00000 50.00000 55.00000 0.39085
10.00000 50.00000 55.00000 0.36507
15.00000 50.00000 55.00000 0.34347
20.00000 50.00000 55.00000 0.32764
25.00000 50.00000 55.00000 0.32346
30.00000 50.00000 55.00000 0.33141
35.00000 50.00000 55.00000 0.35455
40.00000 50.00000 55.00000 0.39080
45.00000 50.00000 55.00000 0.44775
50.00000 50.00000 55.00000 0.51467
55.00000 50.00000 55.00000 0.54575
60.00000 50.00000 55.00000 0.53075
65.00000 50.00000 55.00000 0.50870
70.00000 50.00000 55.00000 0.46626
75.00000 50.00000 55.00000 0.41962
80.00000 50.00000 55.00000 0.38813
85.00000 50.00000 55.00000 0.36790
90.00000 50.00000 55.00000 0.35498
95.00000 50.00000 55.00000 0.35658
100.00000 50.00000 55.00000 0.37802
105.00000 50.00000 55.00000 0.41204
110.00000 50.00000 55.00000 0.43948
115.00000 50.00000 55.00000 0.45207
120.00000 50.00000 55.00000 0.43632
125.00000 50.00000 55.00000 0.40416
130.00000 50.00000 55.00000 0.38718
135.00000 50.00000 55.00000 0.38638
140.00000 50.00000 55.00000 0.39658
145.00000 50.00000 55.00000 0.41686
150.00000 50.00000 55.00000 0.44904
155.00000 50.00000 55.00000 0.50166
160.00000 50.00000 55.00000 0.56510
165.00000 50.00000 55.00000 0.61007
170.00000 50.00000 55.00000 0.61815
175.00000 50.00000 55.00000 0.59750
180.00000 50.00000 55.00000 0.53970
185.00000 50.00000 55.00000 0.48087
190.00000 50.00000 55.00000 0.42972
195.00000 50.00000 55.00000 0.37776
200.00000 50.00000 55.00000 0.34261
205.00000 50.00000 55.00000 0.32759
210.00000 50.00000 55.00000 0.32679
215.00000 50.00000 55.00000 0.34265
220.00000 50.00000 55.00000 0.36850
225.00000 50.00000 55.00000 0.39360
230.00000 50.00000 55.00000 0.41918
235.00000 50.00000 55.00000 0.43020
240.00000 50.00000 55.00000 0.41912
245.00000 50.00000 55.00000 0.39267
250.00000 50.00000 55.00000 0.35975
255.00000 50.00000 55.00000 0.33232
260.00000 50.00000 55.00000 0.31642
265.00000 50.00000 55.00000 0.31194
270.00000 50.00000 55.00000 0.31383
275.00000 50.00000 55.00000 0.32244
280.00000 50.00000 55.00000 0.33723
285.00000 50.00000 55.00000 0.36028
290.00000 50.00000 55.00000 0.38126
295.00000 50.00000 55.00000 0.38396
300.00000 50.00000 55.00000 0.37183
305.00000 50.00000 55.00000 0.34937
310.00000 50.00000 55.00000 0.32813
315.00000 50.00000 55.00000 0.31580
320.00000 50.00000 55.00000 0.31352
325.00000 50.00000 55.00000 0.31876
330.00000 50.00000 55.00000 0.33051
335.00000 50.00000 55.00000 0.35297
340.00000 50.00000 55.00000 0.38755
345.00000 50.00000 55.00000 0.41861
350.00000 50.00000 55.00000 0.44877
355.00000 50.00000 55.00000 0.45830
0.00000 55.00000 55.00000 0.33617
5.00000 55.00000 55.00000 0.32477
10.00000 55.00000 55.00000 0.31782
15.00000 55.00000 55.00000 0.31621
20.00000 55.00000 55.00000 0.32396
25.00000 55.00000 55.00000 0.34547
30.00000 55.00000 55.00000 0.38756
35.00000 55.00000 55.00000 0.46186
40.00000 55.00000 55.00000 0.55847
45.00000 55.00000 55.00000 0.68846
50.00000 55.00000 55.00000 0.83524
55.00000 55.00000 55.00000 0.87667
60.00000 55.00000 55.00000 0.81040
65.00000 55.00000 55.00000 0.75024
70.00000 55.00000 55.00000 0.64880
75.00000 55.00000 55.00000 0.53637
80.00000 55.00000 55.00000 0.45401
85.00000 55.00000 55.00000 0.39668
90.00000 55.00000 55.00000 0.35929
95.00000 55.00000 55.00000 0.34465
100.00000 55.00000 55.00000 0.35046
105.00000 55.00000 55.00000 0.36753
110.00000 55.00000 55.00000 0.38541
115.00000 55.00000 55.00000 0.39475
120.00000 55.00000 55.00000 0.38392
125.00000 55.00000 55.00000 0.35953
130.00000 55.00000 55.00000 0.34069
135.00000 55.00000 55.00000 0.32902
140.00000 55.00000 55.00000 0.32208
145.00000 55.00000 55.00000 0.32196
150.00000 55.00000 55.00000 0.32666
155.00000 55.00000 55.00000 0.33992
160.00000 55.00000 55.00000 0.35755
165.00000 55.00000 55.00000 0.37437
170.00000 55.00000 55.00000 0.38237
175.00000 55.00000 55.00000 0.37705
180.00000 55.00000 55.00000 0.35997
185.00000 55.00000 55.00000 0.34152
190.00000 55.00000 55.00000 0.32627
195.00000 55.00000 55.00000 0.31375
200.00000 55.00000 55.00000 0.31066
205.00000 55.00000 55.00000 0.32051
210.00000 55.00000 55.00000 0.34640
215.00000 55.00000 55.00000 0.39712
220.00000 55.00000 55.00000 0.46437
225.00000 55.00000 55.00000 0.52682
230.00000 55.00000 55.00000 0.59584
235.00000 55.00000 55.00000 0.63788
240.00000 55.00000 55.00000 0.61254
245.00000 55.00000 55.00000 0.54082
250.00000 55.00000 55.00000 0.45912
255.00000 55.00000 55.00000 0.39133
260.00000 55.00000 55.00000 0.34600
265.00000 55.00000 55.00000 0.32275
270.00000 55.00000 55.00000 0.31192
275.00000 55.00000 55.00000 0.31063
280.00000 55.00000 55.00000 0.31804
285.00000 55.00000 55.00000 0.33169
290.00000 55.00000 55.00000 0.34552
295.00000 55.00000 55.00000 0.35066
300.00000 55.00000 55.00000 0.34346
305.00000 55.00000 55.00000 0.32750
310.00000 55.00000 55.00000 0.31144
315.00000 55.00000 55.00000 0.29870
320.00000 55.00000 55.00000 0.29299
325.00000 55.00000 55.00000 0.29126
330.00000 55.00000 55.00000 0.29169
335.00000 55.00000 55.00000 0.29719
340.00000 55.00000 55.00000 0.30870
345.00000 55.00000 55.00000 0.32124
350.00000 55.00000 55.00000 0.33531
355.00000 55.00000 55.00000 0.34266
0.00000 60.00000 55.00000 0.32171
5.00000 60.00000 55.00000 0.31842
10.00000 60.00000 55.00000 0.32079
15.00000 60.00000 55.00000 0.33398
20.00000 60.00000 55.00000 0.36585
25.00000 60.00000 55.00000 0.42443
30.00000 60.00000 55.00000 0.52527
35.00000 60.00000 55.00000 0.69274
40.00000 60.00000 55.00000 0.91571
45.00000 60.00000 55.00000 1.15939
50.00000 60.00000 55.00000 1.33920
55.00000 60.00000 55.00000 1.34809
60.00000 60.00000 55.00000 1.24135
65.00000 60.00000 55.00000 1.08200
70.00000 60.00000 55.00000 0.88750
75.00000 60.00000 55.00000 0.69075
80.00000 60.00000 55.00000 0.53230
85.00000 60.00000 55.00000 0.42340
90.00000 60.00000 55.00000 0.35712
95.00000 60.00000 55.00000 0.32639
100.00000 60.00000 55.00000 0.31889
105.00000 60.00000 55.00000 0.32201
110.00000 60.00000 55.00000 0.32823
115.00000 60.00000 55.00000 0.33183
120.00000 60.00000 55.00000 0.32791
125.00000 60.00000 55.00000 0.31774
130.00000 60.00000 55.00000 0.30732
135.00000 60.00000 55.00000 0.29815
140.00000 60.00000 55.00000 0.29196
145.00000 60.00000 55.00000 0.29097
150.00000 60.00000 55.00000 0.29200
155.00000 60.00000 55.00000 0.29825
160.00000 60.00000 55.00000 0.30695
165.00000 60.00000 55.00000 0.31576
170.00000 60.00000 55.00000 0.32095
175.00000 60.00000 55.00000 0.31932
180.00000 60.00000 55.00000 0.31186
185.00000 60.00000 55.00000 0.30317
190.00000 60.00000 55.00000 0.29737
195.00000 60.00000 55.00000 0.29701
200.00000 60.00000 55.00000 0.30764
205.00000 60.00000 55.00000 0.33645
210.00000 60.00000 55.00000 0.39157
215.00000 60.00000 55.00000 0.48567
220.00000 60.00000 55.00000 0.61267
225.00000 60.00000 55.00000 0.73835
230.00000 60.00000 55.00000 0.86214
235.00000 60.00000 55.00000 0.93343
240.00000 60.00000 55.00000 0.86747
245.00000 60.00000 55.00000 0.72759
250.00000 60.00000 55.00000 0.59119
255.00000 60.00000 55.00000 0.47446
260.00000 60.00000 55.00000 0.38754
265.00000 60.00000 55.00000 0.33665
270.00000 60.00000 55.00000 0.30966
275.00000 60.00000 55.00000 0.29818
280.00000 60.00000 55.00000 0.29767
285.00000 60.00000 55.00000 0.30320
290.00000 60.00000 55.00000 0.31062
295.00000 60.00000 55.00000 0.31495
300.00000 60.00000 55.00000 0.31209
305.00000 60.00000 55.00000 0.30458
310.00000 60.00000 55.00000 0.29693
315.00000 60.00000 55.00000 0.28879
320.00000 60.00000 55.00000 0.28452
325.00000 60.00000 55.00000 0.28370
330.00000 60.00000 55.00000 0.28331
335.00000 60.00000 55.00000 0.28673
340.00000 60.00000 55.00000 0.29615
345.00000 60.00000 55.00000 0.30743
350.00000 60.00000 55.00000 0.31813
355.00000 60.00000 55.00000 0.32333
0.00000 65.00000 55.00000 0.37524
5.00000 65.00000 55.00000 0.38324
10.00000 65.00000 55.00000 0.40373
15.00000 65.00000 55.00000 0.44787
20.00000 65.00000 55.00000 0.52912
25.00000 65.00000 55.00000 0.65785
30.00000 65.00000 55.00000 0.84996
35.00000 65.00000 55.00000 1.13837
40.00000 65.00000 55.00000 1.50135
45.00000 65.00000 55.00000 1.82224
50.00000 65.00000 55.00000 1.92153
55.00000 65.00000 55.00000 1.83883
60.00000 65.00000 55.00000 1.69070
65.00000 65.00000 55.00000 1.41060
70.00000 65.00000 55.00000 1.10768
75.00000 65.00000 55.00000 0.82700
80.00000 65.00000 55.00000 0.59874
85.00000 65.00000 55.00000 0.44721
90.00000 65.00000 55.00000 0.36115
95.00000 65.00000 55.00000 0.31995
100.00000 65.00000 55.00000 0.30387
105.00000 65.00000 55.00000 0.29773
110.00000 65.00000 55.00000 0.29525
115.00000 65.00000 55.00000 0.29391
120.00000 65.00000 55.00000 0.29164
125.00000 65.00000 55.00000 0.28821
130.00000 65.00000 55.00000 0.28478
135.00000 65.00000 55.00000 0.28188
140.00000 65.00000 55.00000 0.28157
145.00000 65.00000 55.00000 0.28493
150.00000 65.00000 55.00000 0.28856
155.00000 65.00000 55.00000 0.29640
160.00000 65.00000 55.00000 0.30891
165.00000 65.00000 55.00000 0.32248
170.00000 65.00000 55.00000 0.33172
175.00000 65.00000 55.00000 0.33301
180.00000 65.00000 55.00000 0.32870
185.00000 65.00000 55.00000 0.32284
190.00000 65.00000 55.00000 0.31943
195.00000 65.00000 55.00000 0.32427
200.00000 65.00000 55.00000 0.34926
205.00000 65.00000 55.00000 0.40819
210.00000 65.00000 55.00000 0.50925
215.00000 65.00000 55.00000 0.65756
220.00000 65.00000 55.00000 0.84317
225.00000 65.00000 55.00000 1.02605
230.00000 65.00000 55.00000 1.17303
235.00000 65.00000 55.00000 1.22799
240.00000 65.00000 55.00000 1.11669
245.00000 65.00000 55.00000 0.92112
250.00000 65.00000 55.00000 0.73144
255.00000 65.00000 55.00000 0.56707
260.00000 65.00000 55.00000 0.43904
265.00000 65.00000 55.00000 0.35981
270.00000 65.00000 55.00000 0.31771
275.00000 65.00000 55.00000 0.29788
280.00000 65.00000 55.00000 0.29149
285.00000 65.00000 55.00000 0.29189
290.00000 65.00000 55.00000 0.29490
295.00000 65.00000 55.00000 0.29773
300.00000 65.00000 55.00000 0.29820
305.00000 65.00000 55.00000 0.29726
310.00000 65.00000 55.00000 0.29607
315.00000 65.00000 55.00000 0.29367
320.00000 65.00000 55.00000 0.29324
325.00000 65.00000 55.00000 0.29567
330.00000 65.00000 55.00000 0.29697
335.00000 65.00000 55.00000 0.30192
340.00000 65.00000 55.00000 0.31740
345.00000 65.00000 55.00000 0.33822
350.00000 65.00000 55.00000 0.35618
355.00000 65.00000 55.00000 0.36791
0.00000 70.00000 55.00000 0.55207
5.00000 70.00000 55.00000 0.59646
10.00000 70.00000 55.00000 0.66714
15.00000 70.00000 55.00000 0.78538
20.00000 70.00000 55.00000 0.97029
25.00000 70.00000 55.00000 1.22109
30.00000 70.00000 55.00000 1.52705
35.00000 70.00000 55.00000 1.90226
40.00000 70.00000 55.00000 2.30093
45.00000 70.00000 55.00000 2.55806
50.00000 70.00000 55.00000 2.52862
55.00000 70.00000 55.00000 2.32048
60.00000 70.00000 55.00000 1.99815
65.00000 70.00000 55.00000 1.58934
70.00000 70.00000 55.00000 1.22067
75.00000 70.00000 55.00000 0.89966
80.00000 70.00000 55.00000 0.64300
85.00000 70.00000 55.00000 0.47662
90.00000 70.00000 55.00000 0.38319
95.00000 70.00000 55.00000 0.33469
100.00000 70.00000 55.00000 0.31030
105.00000 70.00000 55.00000 0.29597
110.00000 70.00000 55.00000 0.28679
115.00000 70.00000 55.00000 0.28176
120.00000 70.00000 55.00000 0.27932
125.00000 70.00000 55.00000 0.27871
130.00000 70.00000 55.00000 0.27962
135.00000 70.00000 55.00000 0.28231
140.00000 70.00000 55.00000 0.28883
145.00000 70.00000 55.00000 0.29955
150.00000 70.00000 55.00000 0.31132
155.00000 70.00000 55.00000 0.33007
160.00000 70.00000 55.00000 0.35886
165.00000 70.00000 55.00000 0.38890
170.00000 70.00000 55.00000 0.41292
175.00000 70.00000 55.00000 0.42820
180.00000 70.00000 55.00000 0.43673
185.00000 70.00000 55.00000 0.44221
190.00000 70.00000 55.00000 0.44727
195.00000 70.00000 55.00000 0.46608
200.00000 70.00000 55.00000 0.52494
205.00000 70.00000 55.00000 0.64642
210.00000 70.00000 55.00000 0.82129
215.00000 70.00000 55.00000 1.02829
220.00000 70.00000 55.00000 1.24695
225.00000 70.00000 55.00000 1.42544
230.00000 70.00000 55.00000 1.51303
235.00000 70.00000 55.00000 1.48142
240.00000 70.00000 55.00000 1.29343
245.00000 70.00000 55.00000 1.05165
250.00000 70.00000 55.00000 0.83719
255.00000 70.00000 55.00000 0.65109
260.00000 70.00000 55.00000 0.49995
265.00000 70.00000 55.00000 0.40065
270.00000 70.00000 55.00000 0.34593
275.00000 70.00000 55.00000 0.31734
280.00000 70.00000 55.00000 0.30445
285.00000 70.00000 55.00000 0.30101
290.00000 70.00000 55.00000 0.30210
295.00000 70.00000 55.00000 0.30545
300.00000 70.00000 55.00000 0.31123
305.00000 70.00000 55.00000 0.32087
310.00000 70.00000 55.00000 0.33223
315.00000 70.00000 55.00000 0.33959
320.00000 70.00000 55.00000 0.34664
325.00000 70.00000 55.00000 0.35775
330.00000 70.00000 55.00000 0.36309
335.00000 70.00000 55.00000 0.37600
340.00000 70.00000 55.00000 0.40677
345.00000 70.00000 55.00000 0.44492
350.00000 70.00000 55.00000 0.48009
355.00000 70.00000 55.00000 0.51368
0.00000 75.00000 55.00000 0.95447
5.00000 75.00000 55.00000 1.06328
10.00000 75.00000 55.00000 1.21741
15.00000 75.00000 55.00000 1.44766
20.00000 75.00000 55.00000 1.77179
25.00000 75.00000 55.00000 2.16593
30.00000 75.00000 55.00000 2.55402
35.00000 75.00000 55.00000 2.89948
40.00000 75.00000 55.00000 3.14495
45.00000 75.00000 55.00000 3.14599
50.00000 75.00000 55.00000 2.89556
55.00000 75.00000 55.00000 2.50915
60.00000 75.00000 55.00000 2.02396
65.00000 75.00000 55.00000 1.56698
70.00000 75.00000 55.00000 1.20838
75.00000 75.00000 55.00000 0.91371
80.00000 75.00000 55.00000 0.67935
85.00000 75.00000 55.00000 0.52566
90.00000 75.00000 55.00000 0.43469
95.00000 75.00000 55.00000 0.37874
100.00000 75.00000 55.00000 0.34328
105.00000 75.00000 55.00000 0.31806
110.00000 75.00000 55.00000 0.30050
115.00000 75.00000 55.00000 0.29100
120.00000 75.00000 55.00000 0.28875
125.00000 75.00000 55.00000 0.29234
130.00000 75.00000 55.00000 0.29958
135.00000 75.00000 55.00000 0.31238
140.00000 75.00000 55.00000 0.33863
145.00000 75.00000 55.00000 0.37253
150.00000 75.00000 55.00000 0.40412
155.00000 75.00000 55.00000 0.44757
160.00000 75.00000 55.00000 0.50940
165.00000 75.00000 55.00000 0.57703
170.00000 75.00000 55.00000 0.64020
175.00000 75.00000 55.00000 0.70063
180.00000 75.00000 55.00000 0.75608
185.00000 75.00000 55.00000 0.80416
190.00000 75.00000 55.00000 0.84680
195.00000 75.00000 55.00000 0.90920
200.00000 75.00000 55.00000 1.03779
205.00000 75.00000 55.00000 1.25887
210.00000 75.00000 55.00000 1.52375
215.00000 75.00000 55.00000 1.76766
220.00000 75.00000 55.00000 1.95036
225.00000 75.00000 55.00000 1.98076
230.00000 75.00000 55.00000 1.89567
235.00000 75.00000 55.00000 1.70985
240.00000 75.00000 55.00000 1.39291
245.00000 75.00000 55.00000 1.10493
250.00000 75.00000 55.00000 0.89651
255.00000 75.00000 55.00000 0.72205
260.00000 75.00000 55.00000 0.57366
265.00000 75.00000 55.00000 0.47021
270.00000 75.00000 55.00000 0.40689
275.00000 75.00000 55.00000 0.36719
280.00000 75.00000 55.00000 0.34532
285.00000 75.00000 55.00000 0.33833
290.00000 75.00000 55.00000 0.34033
295.00000 75.00000 55.00000 0.35046
300.00000 75.00000 55.00000 0.37381
305.00000 75.00000 55.00000 0.41539
310.00000 75.00000 55.00000 0.46893
315.00000 75.00000 55.00000 0.52081
320.00000 75.00000 55.00000 0.56664
325.00000 75.00000 55.00000 0.59229
330.00000 75.00000 55.00000 0.59473
335.00000 75.00000 55.00000 0.61862
340.00000 75.00000 55.00000 0.67362
345.00000 75.00000 55.00000 0.73199
350.00000 75.00000 55.00000 0.79146
355.00000 75.00000 55.00000 0.86239
0.00000 80.00000 55.00000 1.62731
5.00000 80.00000 55.00000 1.76583
10.00000 80.00000 55.00000 1.95979
15.00000 80.00000 55.00000 2.24257
20.00000 80.00000 55.00000 2.62124
25.00000 80.00000 55.00000 3.05083
30.00000 80.00000 55.00000 3.40129
35.00000 80.00000 55.00000 3.58388
40.00000 80.00000 55.00000 3.55654
45.00000 80.00000 55.00000 3.25131
50.00000 80.00000 55.00000 2.80523
55.00000 80.00000 55.00000 2.31260
60.00000 80.00000 55.00000 1.79723
65.00000 80.00000 55.00000 1.38501
70.00000 80.00000 55.00000 1.09381
75.00000 80.00000 55.00000 0.87790
80.00000 80.00000 55.00000 0.71238
85.00000 80.00000 55.00000 0.60045
90.00000 80.00000 55.00000 0.52386
95.00000 80.00000 55.00000 0.46287
100.00000 80.00000 55.00000 0.41484
105.00000 80.00000 55.00000 0.37710
110.00000 80.00000 55.00000 0.35015
115.00000 80.00000 55.00000 0.33766
120.00000 80.00000 55.00000 0.34153
125.00000 80.00000 55.00000 0.36120
130.00000 80.00000 55.00000 0.39201
135.00000 80.00000 55.00000 0.43827
140.00000 80.00000 55.00000 0.51564
145.00000 80.00000 55.00000 0.60617
150.00000 80.00000 55.00000 0.68256
155.00000 80.00000 55.00000 0.77179
160.00000 80.00000 55.00000 0.88460
165.00000 80.00000 55.00000 1.01083
170.00000 80.00000 55.00000 1.14427
175.00000 80.00000 55.00000 1.28953
180.00000 80.00000 55.00000 1.43235
185.00000 80.00000 55.00000 1.55855
190.00000 80.00000 55.00000 1.68077
195.00000 80.00000 55.00000 1.83593
200.00000 80.00000 55.00000 2.06876
205.00000 80.00000 55.00000 2.38258
210.00000 80.00000 55.00000 2.67708
215.00000 80.00000 55.00000 2.86428
220.00000 80.00000 55.00000 2.84955
225.00000 80.00000 55.00000 2.45649
230.00000 80.00000 55.00000 2.11506
235.00000 80.00000 55.00000 1.85617
240.00000 80.00000 55.00000 1.43213
245.00000 80.00000 55.00000 1.10058
250.00000 80.00000 55.00000 0.90415
255.00000 80.00000 55.00000 0.76372
260.00000 80.00000 55.00000 0.65025
265.00000 80.00000 55.00000 0.56808
270.00000 80.00000 55.00000 0.50844
275.00000 80.00000 55.00000 0.45989
280.00000 80.00000 55.00000 0.42843
285.00000 80.00000 55.00000 0.41988
290.00000 80.00000 55.00000 0.43021
295.00000 80.00000 55.00000 0.46209
300.00000 80.00000 55.00000 0.53313
305.00000 80.00000 55.00000 0.65866
310.00000 80.00000 55.00000 0.82782
315.00000 80.00000 55.00000 1.01803
320.00000 80.00000 55.00000 1.18188
325.00000 80.00000 55.00000 1.22436
330.00000 80.00000 55.00000 1.20211
335.00000 80.00000 55.00000 1.21646
340.00000 80.00000 55.00000 1.27361
345.00000 80.00000 55.00000 1.33276
350.00000 80.00000 55.00000 1.40609
355.00000 80.00000 55.00000 1.50604
0.00000 85.00000 55.00000 2.33406
5.00000 85.00000 55.00000 2.38794
10.00000 85.00000 55.00000 2.48458
15.00000 85.00000 55.00000 2.65761
20.00000 85.00000 55.00000 2.89791
25.00000 85.00000 55.00000 3.15515
30.00000 85.00000 55.00000 3.31764
35.00000 85.00000 55.00000 3.30901
40.00000 85.00000 55.00000 3.10228
45.00000 85.00000 55.00000 2.68343
50.00000 85.00000 55.00000 2.21399
55.00000 85.00000 55.00000 1.76805
60.00000 85.00000 55.00000 1.36414
65.00000 85.00000 55.00000 1.07620
70.00000 85.00000 55.00000 0.89632
75.00000 85.00000 55.00000 0.78760
80.00000 85.00000 55.00000 0.71789
85.00000 85.00000 55.00000 0.67183
90.00000 85.00000 55.00000 0.62964
95.00000 85.00000 55.00000 0.57893
100.00000 85.00000 55.00000 0.53021
105.00000 85.00000 55.00000 0.49194
110.00000 85.00000 55.00000 0.46850
115.00000 85.00000 55.00000 0.46929
120.00000 85.00000 55.00000 0.50388
125.00000 85.00000 55.00000 0.57584
130.00000 85.00000 55.00000 0.67764
135.00000 85.00000 55.00000 0.81161
140.00000 85.00000 55.00000 0.98510
145.00000 85.00000 55.00000 1.16796
150.00000 85.00000 55.00000 1.32908
155.00000 85.00000 55.00000 1.48663
160.00000 85.00000 55.00000 1.64146
165.00000 85.00000 55.00000 1.78767
170.00000 85.00000 55.00000 1.94855
175.00000 85.00000 55.00000 2.13863
180.00000 85.00000 55.00000 2.33185
185.00000 85.00000 55.00000 2.51103
190.00000 85.00000 55.00000 2.70990
195.00000 85.00000 55.00000 2.97228
200.00000 85.00000 55.00000 3.30153
205.00000 85.00000 55.00000 3.62230
210.00000 85.00000 55.00000 3.79439
215.00000 85.00000 55.00000 3.76926
220.00000 85.00000 55.00000 3.46732
225.00000 85.00000 55.00000 2.72388
230.00000 85.00000 55.00000 2.15718
235.00000 85.00000 55.00000 1.80483
240.00000 85.00000 55.00000 1.33947
245.00000 85.00000 55.00000 1.00631
250.00000 85.00000 55.00000 0.83399
255.00000 85.00000 55.00000 0.74423
260.00000 85.00000 55.00000 0.69102
265.00000 85.00000 55.00000 0.65572
270.00000 85.00000 55.00000 0.62088
275.00000 85.00000 55.00000 0.57902
280.00000 85.00000 55.00000 0.54986
285.00000 85.00000 55.00000 0.55226
290.00000 85.00000 55.00000 0.58988
295.00000 85.00000 55.00000 0.67367
300.00000 85.00000 55.00000 0.83642
305.00000 85.00000 55.00000 1.10941
310.00000 85.00000 55.00000 1.46939
315.00000 85.00000 55.00000 1.86396
320.00000 85.00000 55.00000 2.19846
325.00000 85.00000 55.00000 2.31099
330.00000 85.00000 55.00000 2.29282
335.00000 85.00000 55.00000 2.26792
340.00000 85.00000 55.00000 2.24661
345.00000 85.00000 55.00000 2.22639
350.00000 85.00000 55.00000 2.23409
355.00000 85.00000 55.00000 2.27893
0.00000 90.00000 55.00000 2.57544
5.00000 90.00000 55.00000 2.46368
10.00000 90.00000 55.00000 2.37221
15.00000 90.00000 55.00000 2.34433
20.00000 90.00000 55.00000 2.36366
25.00000 90.00000 55.00000 2.37951
30.00000 90.00000 55.00000 2.33929
35.00000 90.00000 55.00000 2.22526
40.00000 90.00000 55.00000 2.01945
45.00000 90.00000 55.00000 1.70787
50.00000 90.00000 55.00000 1.37826
55.00000 90.00000 55.00000 1.09540
60.00000 90.00000 55.00000 0.87497
65.00000 90.00000 55.00000 0.73298
70.00000 90.00000 55.00000 0.66240
75.00000 90.00000 55.00000 0.64372
80.00000 90.00000 55.00000 0.65424
85.00000 90.00000 55.00000 0.67548
90.00000 90.00000 55.00000 0.68512
95.00000 90.00000 55.00000 0.67085
100.00000 90.00000 55.00000 0.65299
105.00000 90.00000 55.00000 0.65261
110.00000 90.00000 55.00000 0.67664
115.00000 90.00000 55.00000 0.73864
120.00000 90.00000 55.00000 0.85967
125.00000 90.00000 55.00000 1.04838
130.00000 90.00000 55.00000 1.29553
135.00000 90.00000 55.00000 1.59609
140.00000 90.00000 55.00000 1.90934
145.00000 90.00000 55.00000 2.17071
150.00000 90.00000 55.00000 2.37343
155.00000 90.00000 55.00000 2.52981
160.00000 90.00000 55.00000 2.61499
165.00000 90.00000 55.00000 2.63434
170.00000 90.00000 55.00000 2.66675
175.00000 90.00000 55.00000 2.75925
180.00000 90.00000 55.00000 2.87743
185.00000 90.00000 55.00000 2.99230
190.00000 90.00000 55.00000 3.15146
195.00000 90.00000 55.00000 3.41460
200.00000 90.00000 55.00000 3.73383
205.00000 90.00000 55.00000 3.95046
210.00000 90.00000 55.00000 3.92005
215.00000 90.00000 55.00000 3.65361
220.00000 90.00000 55.00000 3.17492
225.00000 90.00000 55.00000 2.51493
230.00000 90.00000 55.00000 1.94720
235.00000 90.00000 55.00000 1.48027
240.00000 90.00000 55.00000 1.06700
245.00000 90.00000 55.00000 0.80754
250.00000 90.00000 55.00000 0.68444
255.00000 90.00000 55.00000 0.64372
260.00000 90.00000 55.00000 0.64483
265.00000 90.00000 55.00000 0.65979
270.00000 90.00000 55.00000 0.66591
275.00000 90.00000 55.00000 0.65483
280.00000 90.00000 55.00000 0.65338
285.00000 90.00000 55.00000 0.69406
290.00000 90.00000 55.00000 0.79028
295.00000 90.00000 55.00000 0.95891
300.00000 90.00000 55.00000 1.23843
305.00000 90.00000 55.00000 1.66318
310.00000 90.00000 55.00000 2.18366
315.00000 90.00000 55.00000 2.71908
320.00000 90.00000 55.00000 3.17992
325.00000 90.00000 55.00000 3.39420
330.00000 90.00000 55.00000 3.40878
335.00000 90.00000 55.00000 3.28926
340.00000 90.00000 55.00000 3.08664
345.00000 90.00000 55.00000 2.88735
350.00000 90.00000 55.00000 2.75028
355.00000 90.00000 55.00000 2.66392
0.00000 0.00000 60.00000 0.41292
5.00000 0.00000 60.00000 0.39105
10.00000 0.00000 60.00000 0.38546
15.00000 0.00000 60.00000 0.38361
20.00000 0.00000 60.00000 0.38832
25.00000 0.00000 60.00000 0.39978
30.00000 0.00000 60.00000 0.40177
35.00000 0.00000 60.00000 0.38220
40.00000 0.00000 60.00000 0.35700
45.00000 0.00000 60.00000 0.35101
50.00000 0.00000 60.00000 0.37178
55.00000 0.00000 60.00000 0.40854
60.00000 0.00000 60.00000 0.44692
65.00000 0.00000 60.00000 0.49143
70.00000 0.00000 60.00000 0.54557
75.00000 0.00000 60.00000 0.57547
80.00000 0.00000 60.00000 0.54641
85.00000 0.00000 60.00000 0.47081
90.00000 0.00000 60.00000 0.41292
95.00000 0.00000 60.00000 0.39105
100.00000 0.00000 60.00000 0.38546
105.00000 0.00000 60.00000 0.38361
110.00000 0.00000 60.00000 0.38832
115.00000 0.00000 60.00000 0.39978
120.00000 0.00000 60.00000 0.40177
125.00000 0.00000 60.00000 0.38220
130.00000 0.00000 60.00000 0.35700
135.00000 0.00000 60.00000 0.35101
140.00000 0.00000 60.00000 0.37178
145.00000 0.00000 60.00000 0.40854
150.00000 0.00000 60.00000 0.44692
155.00000 0.00000 60.00000 0.49143
160.00000 0.00000 60.00000 0.54557
165.00000 0.00000 60.00000 0.57547
170.00000 0.00000 60.00000 0.54641
175.00000 0.00000 60.00000 0.47081
180.00000 0.00000 60.00000 0.41292
185.00000 0.00000 60.00000 0.39105
190.00000 0.00000 60.00000 0.38546
195.00000 0.00000 60.00000 0.38361
200.00000 0.00000 60.00000 0.38832
205.00000 0.00000 60.00000 0.39978
210.00000 0.00000 60.00000 0.40177
215.00000 0.00000 60.00000 0.38220
220.00000 0.00000 60.00000 0.35700
225.00000 0.00000 60.00000 0.35101
230.00000 0.00000 60.00000 0.37178
235.00000 0.00000 60.00000 0.40854
240.00000 0.00000 60.00000 0.44692
245.00000 0.00000 60.00000 0.49143
250.00000 0.00000 60.00000 0.54557
255.00000 0.00000 60.00000 0.57547
260.00000 0.00000 60.00000 0.54641
265.00000 0.00000 60.00000 0.47081
270.00000 0.00000 60.00000 0.41292
275.00000 0.00000 60.00000 0.39105
280.00000 0.00000 60.00000 0.38546
285.00000 0.00000 60.00000 0.38361
290.00000 0.00000 60.00000 0.38832
295.00000 0.00000 60.00000 0.39978
300.00000 0.00000 60.00000 0.40177
305.00000 0.00000 60.00000 0.38220
310.00000 0.00000 60.00000 0.35700
315.00000 0.00000 60.00000 0.35101
320.00000 0.00000 60.00000 0.37178
325.00000 0.00000 60.00000 0.40854
330.00000 0.00000 60.00000 0.44692
335.00000 0.00000 60.00000 0.49143
340.00000 0.00000 60.00000 0.54557
345.00000 0.00000 60.00000 0.57547
350.00000 0.00000 60.00000 0.54641
355.00000 0.00000 60.00000 0.47081
0.00000 5.00000 60.00000 0.52034
5.00000 5.00000 60.00000 0.50228
10.00000 5.00000 60.00000 0.50521
15.00000 5.00000 60.00000 0.50969
20.00000 5.00000 60.00000 0.51524
25.00000 5.00000 60.00000 0.52085
30.00000 5.00000 60.00000 0.50756
35.00000 5.00000 60.00000 0.46523
40.00000 5.00000 60.00000 0.41727
45.00000 5.00000 60.00000 0.39361
50.00000 5.00000 60.00000 0.40012
55.00000 5.00000 60.00000 0.42318
60.00000 5.00000 60.00000 0.44960
65.00000 5.00000 60.00000 0.48466
70.00000 5.00000 60.00000 0.53325
75.00000 5.00000 60.00000 0.55952
80.00000 5.00000 60.00000 0.52326
85.00000 5.00000 60.00000 0.45105
90.00000 5.00000 60.00000 0.39962
95.00000 5.00000 60.00000 0.37880
100.00000 5.00000 60.00000 0.37108
105.00000 5.00000 60.00000 0.36621
110.00000 5.00000 60.00000 0.36667
115.00000 5.00000 60.00000 0.37396
120.00000 5.00000 60.00000 0.37748
125.00000 5.00000 60.00000 0.36763
130.00000 5.00000 60.00000 0.35368
135.00000 5.00000 60.00000 0.35413
140.00000 5.00000 60.00000 0.37701
145.00000 5.00000 60.00000 0.41606
150.00000 5.00000 60.00000 0.46102
155.00000 5.00000 60.00000 0.51363
160.00000 5.00000 60.00000 0.56048
165.00000 5.00000 60.00000 0.57523
170.00000 5.00000 60.00000 0.56570
175.00000 5.00000 60.00000 0.50054
180.00000 5.00000 60.00000 0.43406
185.00000 5.00000 60.00000 0.40216
190.00000 5.00000 60.00000 0.38817
195.00000 5.00000 60.00000 0.37979
200.00000 5.00000 60.00000 0.38005
205.00000 5.00000 60.00000 0.38993
210.00000 5.00000 60.00000 0.39372
215.00000 5.00000 60.00000 0.37653
220.00000 5.00000 60.00000 0.35005
225.00000 5.00000 60.00000 0.33803
230.00000 5.00000 60.00000 0.34965
235.00000 5.00000 60.00000 0.37723
240.00000 5.00000 60.00000 0.40891
245.00000 5.00000 60.00000 0.44568
250.00000 5.00000 60.00000 0.48476
255.00000 5.00000 60.00000 0.50433
260.00000 5.00000 60.00000 0.48890
265.00000 5.00000 60.00000 0.43338
270.00000 5.00000 60.00000 0.38829
275.00000 5.00000 60.00000 0.37407
280.00000 5.00000 60.00000 0.37678
285.00000 5.00000 60.00000 0.38803
290.00000 5.00000 60.00000 0.41180
295.00000 5.00000 60.00000 0.44697
300.00000 5.00000 60.00000 0.47064
305.00000 5.00000 60.00000 0.46173
310.00000 5.00000 60.00000 0.43780
315.00000 5.00000 60.00000 0.43443
320.00000 5.00000 60.00000 0.46376
325.00000 5.00000 60.00000 0.51094
330.00000 5.00000 60.00000 0.55840
335.00000 5.00000 60.00000 0.61364
340.00000 5.00000 60.00000 0.68112
345.00000 5.00000 60.00000 0.71646
350.00000 5.00000 60.00000 0.67596
355.00000 5.00000 60.00000 0.58456
0.00000 10.00000 60.00000 0.76934
5.00000 10.00000 60.00000 0.72897
10.00000 10.00000 60.00000 0.71642
15.00000 10.00000 60.00000 0.70171
20.00000 10.00000 60.00000 0.68284
25.00000 10.00000 60.00000 0.66324
30.00000 10.00000 60.00000 0.62525
35.00000 10.00000 60.00000 0.55653
40.00000 10.00000 60.00000 0.47963
45.00000 10.00000 60.00000 0.42795
50.00000 10.00000 60.00000 0.40890
55.00000 10.00000 60.00000 0.40940
60.00000 10.00000 60.00000 0.41826
65.00000 10.00000 60.00000 0.43796
70.00000 10.00000 60.00000 0.46909
75.00000 10.00000 60.00000 0.48414
80.00000 10.00000 60.00000 0.45422
85.00000 10.00000 60.00000 0.40280
90.00000 10.00000 60.00000 0.36806
95.00000 10.00000 60.00000 0.35374
100.00000 10.00000 60.00000 0.34887
105.00000 10.00000 60.00000 0.34905
110.00000 10.00000 60.00000 0.35910
115.00000 10.00000 60.00000 0.38157
120.00000 10.00000 60.00000 0.40584
125.00000 10.00000 60.00000 0.41837
130.00000 10.00000 60.00000 0.42421
135.00000 10.00000 60.00000 0.44295
140.00000 10.00000 60.00000 0.48437
145.00000 10.00000 60.00000 0.54277
150.00000 10.00000 60.00000 0.61175
155.00000 10.00000 60.00000 0.69906
160.00000 10.00000 60.00000 0.78967
165.00000 10.00000 60.00000 0.83237
170.00000 10.00000 60.00000 0.80574
175.00000 10.00000 60.00000 0.69941
180.00000 10.00000 60.00000 0.59780
185.00000 10.00000 60.00000 0.54497
190.00000 10.00000 60.00000 0.51896
195.00000 10.00000 60.00000 0.50171
200.00000 10.00000 60.00000 0.49591
205.00000 10.00000 60.00000 0.50116
210.00000 10.00000 60.00000 0.49360
215.00000 10.00000 60.00000 0.45251
220.00000 10.00000 60.00000 0.39531
225.00000 10.00000 60.00000 0.35542
230.00000 10.00000 60.00000 0.34367
235.00000 10.00000 60.00000 0.35119
240.00000 10.00000 60.00000 0.36749
245.00000 10.00000 60.00000 0.39083
250.00000 10.00000 60.00000 0.41606
255.00000 10.00000 60.00000 0.42685
260.00000 10.00000 60.00000 0.41519
265.00000 10.00000 60.00000 0.37992
270.00000 10.00000 60.00000 0.35311
275.00000 10.00000 60.00000 0.34858
280.00000 10.00000 60.00000 0.35958
285.00000 10.00000 60.00000 0.38450
290.00000 10.00000 60.00000 0.43123
295.00000 10.00000 60.00000 0.50125
300.00000 10.00000 60.00000 0.56897
305.00000 10.00000 60.00000 0.60092
310.00000 10.00000 60.00000 0.60568
315.00000 10.00000 60.00000 0.62587
320.00000 10.00000 60.00000 0.68368
325.00000 10.00000 60.00000 0.76546
330.00000 10.00000 60.00000 0.85134
335.00000 10.00000 60.00000 0.94793
340.00000 10.00000 60.00000 1.02744
345.00000 10.00000 60.00000 1.03510
350.00000 10.00000 60.00000 0.98940
355.00000 10.00000 60.00000 0.87061
0.00000 15.00000 60.00000 1.10064
5.00000 15.00000 60.00000 0.97908
10.00000 15.00000 60.00000 0.89105
15.00000 15.00000 60.00000 0.80806
20.00000 15.00000 60.00000 0.73668
25.00000 15.00000 60.00000 0.68409
30.00000 15.00000 60.00000 0.62955
35.00000 15.00000 60.00000 0.55328
40.00000 15.00000 60.00000 0.46987
45.00000 15.00000 60.00000 0.40961
50.00000 15.00000 60.00000 0.38039
55.00000 15.00000 60.00000 0.37071
60.00000 15.00000 60.00000 0.37133
65.00000 15.00000 60.00000 0.38236
70.00000 15.00000 60.00000 0.40197
75.00000 15.00000 60.00000 0.41184
80.00000 15.00000 60.00000 0.39382
85.00000 15.00000 60.00000 0.36362
90.00000 15.00000 60.00000 0.34486
95.00000 15.00000 60.00000 0.33825
100.00000 15.00000 60.00000 0.33745
105.00000 15.00000 60.00000 0.34470
110.00000 15.00000 60.00000 0.37088
115.00000 15.00000 60.00000 0.42227
120.00000 15.00000 60.00000 0.48371
125.00000 15.00000 60.00000 0.53075
130.00000 15.00000 60.00000 0.56835
135.00000 15.00000 60.00000 0.62739
140.00000 15.00000 60.00000 0.71914
145.00000 15.00000 60.00000 0.82647
150.00000 15.00000 60.00000 0.93976
155.00000 15.00000 60.00000 1.08222
160.00000 15.00000 60.00000 1.25034
165.00000 15.00000 60.00000 1.34401
170.00000 15.00000 60.00000 1.26590
175.00000 15.00000 60.00000 1.07008
180.00000 15.00000 60.00000 0.90165
185.00000 15.00000 60.00000 0.80528
190.00000 15.00000 60.00000 0.74509
195.00000 15.00000 60.00000 0.69791
200.00000 15.00000 60.00000 0.66956
205.00000 15.00000 60.00000 0.65554
210.00000 15.00000 60.00000 0.61976
215.00000 15.00000 60.00000 0.53804
220.00000 15.00000 60.00000 0.43988
225.00000 15.00000 60.00000 0.36985
230.00000 15.00000 60.00000 0.33769
235.00000 15.00000 60.00000 0.32938
240.00000 15.00000 60.00000 0.33313
245.00000 15.00000 60.00000 0.34539
250.00000 15.00000 60.00000 0.36172
255.00000 15.00000 60.00000 0.36896
260.00000 15.00000 60.00000 0.35881
265.00000 15.00000 60.00000 0.33832
270.00000 15.00000 60.00000 0.32715
275.00000 15.00000 60.00000 0.33134
280.00000 15.00000 60.00000 0.34698
285.00000 15.00000 60.00000 0.37812
290.00000 15.00000 60.00000 0.43967
295.00000 15.00000 60.00000 0.54103
300.00000 15.00000 60.00000 0.65909
305.00000 15.00000 60.00000 0.75301
310.00000 15.00000 60.00000 0.82019
315.00000 15.00000 60.00000 0.89901
320.00000 15.00000 60.00000 1.01791
325.00000 15.00000 60.00000 1.17137
330.00000 15.00000 60.00000 1.34196
335.00000 15.00000 60.00000 1.52457
340.00000 15.00000 60.00000 1.61889
345.00000 15.00000 60.00000 1.54342
350.00000 15.00000 60.00000 1.46696
355.00000 15.00000 60.00000 1.29209
0.00000 20.00000 60.00000 1.44425
5.00000 20.00000 60.00000 1.17628
10.00000 20.00000 60.00000 0.95702
15.00000 20.00000 60.00000 0.77715
20.00000 20.00000 60.00000 0.65304
25.00000 20.00000 60.00000 0.57875
30.00000 20.00000 60.00000 0.52109
35.00000 20.00000 60.00000 0.45690
40.00000 20.00000 60.00000 0.39403
45.00000 20.00000 60.00000 0.35147
50.00000 20.00000 60.00000 0.33177
55.00000 20.00000 60.00000 0.32564
60.00000 20.00000 60.00000 0.32703
65.00000 20.00000 60.00000 0.33594
70.00000 20.00000 60.00000 0.35153
75.00000 20.00000 60.00000 0.36177
80.00000 20.00000 60.00000 0.35490
85.00000 20.00000 60.00000 0.34164
90.00000 20.00000 60.00000 0.33673
95.00000 20.00000 60.00000 0.33873
100.00000 20.00000 60.00000 0.34407
105.00000 20.00000 60.00000 0.36025
110.00000 20.00000 60.00000 0.40508
115.00000 20.00000 60.00000 0.49088
120.00000 20.00000 60.00000 0.59887
125.00000 20.00000 60.00000 0.69236
130.00000 20.00000 60.00000 0.77856
135.00000 20.00000 60.00000 0.90561
140.00000 20.00000 60.00000 1.08913
145.00000 20.00000 60.00000 1.29087
150.00000 20.00000 60.00000 1.47999
155.00000 20.00000 60.00000 1.68685
160.00000 20.00000 60.00000 1.89539
165.00000 20.00000 60.00000 1.97201
170.00000 20.00000 60.00000 1.85007
175.00000 20.00000 60.00000 1.56020
180.00000 20.00000 60.00000 1.28635
185.00000 20.00000 60.00000 1.10219
190.00000 20.00000 60.00000 0.96047
195.00000 20.00000 60.00000 0.84383
200.00000 20.00000 60.00000 0.76451
205.00000 20.00000 60.00000 0.71006
210.00000 20.00000 60.00000 0.63960
215.00000 20.00000 60.00000 0.53430
220.00000 20.00000 60.00000 0.42562
225.00000 20.00000 60.00000 0.35261
230.00000 20.00000 60.00000 0.31823
235.00000 20.00000 60.00000 0.30595
240.00000 20.00000 60.00000 0.30447
245.00000 20.00000 60.00000 0.31002
250.00000 20.00000 60.00000 0.31994
255.00000 20.00000 60.00000 0.32621
260.00000 20.00000 60.00000 0.32159
265.00000 20.00000 60.00000 0.31360
270.00000 20.00000 60.00000 0.31533
275.00000 20.00000 60.00000 0.32786
280.00000 20.00000 60.00000 0.34733
285.00000 20.00000 60.00000 0.38031
290.00000 20.00000 60.00000 0.44813
295.00000 20.00000 60.00000 0.56711
300.00000 20.00000 60.00000 0.71760
305.00000 20.00000 60.00000 0.85952
310.00000 20.00000 60.00000 0.99498
315.00000 20.00000 60.00000 1.16330
320.00000 20.00000 60.00000 1.38804
325.00000 20.00000 60.00000 1.66494
330.00000 20.00000 60.00000 1.97292
335.00000 20.00000 60.00000 2.29032
340.00000 20.00000 60.00000 2.46566
345.00000 20.00000 60.00000 2.35686
350.00000 20.00000 60.00000 2.13956
355.00000 20.00000 60.00000 1.79400
0.00000 25.00000 60.00000 1.72937
5.00000 25.00000 60.00000 1.31124
10.00000 25.00000 60.00000 0.96819
15.00000 25.00000 60.00000 0.70993
20.00000 25.00000 60.00000 0.55151
25.00000 25.00000 60.00000 0.46559
30.00000 25.00000 60.00000 0.40906
35.00000 25.00000 60.00000 0.36114
40.00000 25.00000 60.00000 0.32364
45.00000 25.00000 60.00000 0.30230
50.00000 25.00000 60.00000 0.29440
55.00000 25.00000 60.00000 0.29392
60.00000 25.00000 60.00000 0.29831
65.00000 25.00000 60.00000 0.30859
70.00000 25.00000 60.00000 0.32411
75.00000 25.00000 60.00000 0.33649
80.00000 25.00000 60.00000 0.33753
85.00000 25.00000 60.00000 0.33505
90.00000 25.00000 60.00000 0.34148
95.00000 25.00000 60.00000 0.35487
100.00000 25.00000 60.00000 0.37118
105.00000 25.00000 60.00000 0.39980
110.00000 25.00000 60.00000 0.46107
115.00000 25.00000 60.00000 0.57221
120.00000 25.00000 60.00000 0.71771
125.00000 25.00000 60.00000 0.86182
130.00000 25.00000 60.00000 1.01556
135.00000 25.00000 60.00000 1.23429
140.00000 25.00000 60.00000 1.53698
145.00000 25.00000 60.00000 1.87645
150.00000 25.00000 60.00000 2.19425
155.00000 25.00000 60.00000 2.49098
160.00000 25.00000 60.00000 2.66425
165.00000 25.00000 60.00000 2.59581
170.00000 25.00000 60.00000 2.46308
175.00000 25.00000 60.00000 2.10700
180.00000 25.00000 60.00000 1.68499
185.00000 25.00000 60.00000 1.35923
190.00000 25.00000 60.00000 1.08994
195.00000 25.00000 60.00000 0.87435
200.00000 25.00000 60.00000 0.72841
205.00000 25.00000 60.00000 0.62931
210.00000 25.00000 60.00000 0.54006
215.00000 25.00000 60.00000 0.44659
220.00000 25.00000 60.00000 0.36549
225.00000 25.00000 60.00000 0.31569
230.00000 25.00000 60.00000 0.29334
235.00000 25.00000 60.00000 0.28526
240.00000 25.00000 60.00000 0.28378
245.00000 25.00000 60.00000 0.28663
250.00000 25.00000 60.00000 0.29295
255.00000 25.00000 60.00000 0.29916
260.00000 25.00000 60.00000 0.30077
265.00000 25.00000 60.00000 0.30273
270.00000 25.00000 60.00000 0.31444
275.00000 25.00000 60.00000 0.33556
280.00000 25.00000 60.00000 0.36066
285.00000 25.00000 60.00000 0.39603
290.00000 25.00000 60.00000 0.46316
295.00000 25.00000 60.00000 0.57821
300.00000 25.00000 60.00000 0.72405
305.00000 25.00000 60.00000 0.87032
310.00000 25.00000 60.00000 1.03749
315.00000 25.00000 60.00000 1.28366
320.00000 25.00000 60.00000 1.63120
325.00000 25.00000 60.00000 2.05467
330.00000 25.00000 60.00000 2.51367
335.00000 25.00000 60.00000 2.96512
340.00000 25.00000 60.00000 3.25699
345.00000 25.00000 60.00000 3.19496
350.00000 25.00000 60.00000 2.80757
355.00000 25.00000 60.00000 2.24889
0.00000 30.00000 60.00000 1.76045
5.00000 30.00000 60.00000 1.30526
10.00000 30.00000 60.00000 0.93296
15.00000 30.00000 60.00000 0.65700
20.00000 30.00000 60.00000 0.49060
25.00000 30.00000 60.00000 0.40165
30.00000 30.00000 60.00000 0.34854
35.00000 30.00000 60.00000 0.31335
40.00000 30.00000 60.00000 0.29209
45.00000 30.00000 60.00000 0.28219
50.00000 30.00000 60.00000 0.27980
55.00000 30.00000 60.00000 0.28227
60.00000 30.00000 60.00000 0.28965
65.00000 30.00000 60.00000 0.30312
70.00000 30.00000 60.00000 0.32082
75.00000 30.00000 60.00000 0.33533
80.00000 30.00000 60.00000 0.33961
85.00000 30.00000 60.00000 0.34239
90.00000 30.00000 60.00000 0.35775
95.00000 30.00000 60.00000 0.38454
100.00000 30.00000 60.00000 0.41601
105.00000 30.00000 60.00000 0.45680
110.00000 30.00000 60.00000 0.52437
115.00000 30.00000 60.00000 0.63571
120.00000 30.00000 60.00000 0.78690
125.00000 30.00000 60.00000 0.96235
130.00000 30.00000 60.00000 1.17944
135.00000 30.00000 60.00000 1.48487
140.00000 30.00000 60.00000 1.89086
145.00000 30.00000 60.00000 2.35955
150.00000 30.00000 60.00000 2.83097
155.00000 30.00000 60.00000 3.25687
160.00000 30.00000 60.00000 3.47074
165.00000 30.00000 60.00000 3.32871
170.00000 30.00000 60.00000 3.06032
175.00000 30.00000 60.00000 2.55694
180.00000 30.00000 60.00000 1.98457
185.00000 30.00000 60.00000 1.52124
190.00000 30.00000 60.00000 1.13514
195.00000 30.00000 60.00000 0.83453
200.00000 30.00000 60.00000 0.63678
205.00000 30.00000 60.00000 0.51229
210.00000 30.00000 60.00000 0.42592
215.00000 30.00000 60.00000 0.36022
220.00000 30.00000 60.00000 0.31327
225.00000 30.00000 60.00000 0.28730
230.00000 30.00000 60.00000 0.27658
235.00000 30.00000 60.00000 0.27304
240.00000 30.00000 60.00000 0.27289
245.00000 30.00000 60.00000 0.27537
250.00000 30.00000 60.00000 0.28083
255.00000 30.00000 60.00000 0.28830
260.00000 30.00000 60.00000 0.29483
265.00000 30.00000 60.00000 0.30323
270.00000 30.00000 60.00000 0.32207
275.00000 30.00000 60.00000 0.35098
280.00000 30.00000 60.00000 0.38291
285.00000 30.00000 60.00000 0.41988
290.00000 30.00000 60.00000 0.47718
295.00000 30.00000 60.00000 0.56491
300.00000 30.00000 60.00000 0.67041
305.00000 30.00000 60.00000 0.77984
310.00000 30.00000 60.00000 0.92473
315.00000 30.00000 60.00000 1.17632
320.00000 30.00000 60.00000 1.56469
325.00000 30.00000 60.00000 2.04336
330.00000 30.00000 60.00000 2.54820
335.00000 30.00000 60.00000 3.02084
340.00000 30.00000 60.00000 3.32693
345.00000 30.00000 60.00000 3.30136
350.00000 30.00000 60.00000 2.90991
355.00000 30.00000 60.00000 2.31950
0.00000 35.00000 60.00000 1.42286
5.00000 35.00000 60.00000 1.08464
10.00000 35.00000 60.00000 0.80151
15.00000 35.00000 60.00000 0.58279
20.00000 35.00000 60.00000 0.44633
25.00000 35.00000 60.00000 0.37133
30.00000 35.00000 60.00000 0.32840
35.00000 35.00000 60.00000 0.30416
40.00000 35.00000 60.00000 0.29209
45.00000 35.00000 60.00000 0.28737
50.00000 35.00000 60.00000 0.28750
55.00000 35.00000 60.00000 0.29291
60.00000 35.00000 60.00000 0.30532
65.00000 35.00000 60.00000 0.32382
70.00000 35.00000 60.00000 0.34241
75.00000 35.00000 60.00000 0.35734
80.00000 35.00000 60.00000 0.36485
85.00000 35.00000 60.00000 0.36986
90.00000 35.00000 60.00000 0.39161
95.00000 35.00000 60.00000 0.43053
100.00000 35.00000 60.00000 0.47334
105.00000 35.00000 60.00000 0.51908
110.00000 35.00000 60.00000 0.57889
115.00000 35.00000 60.00000 0.66347
120.00000 35.00000 60.00000 0.77887
125.00000 35.00000 60.00000 0.93501
130.00000 35.00000 60.00000 1.15522
135.00000 35.00000 60.00000 1.47167
140.00000 35.00000 60.00000 1.88007
145.00000 35.00000 60.00000 2.35030
150.00000 35.00000 60.00000 2.85615
155.00000 35.00000 60.00000 3.32042
160.00000 35.00000 60.00000 3.56718
165.00000 35.00000 60.00000 3.44098
170.00000 35.00000 60.00000 3.04596
175.00000 35.00000 60.00000 2.48123
180.00000 35.00000 60.00000 1.91146
185.00000 35.00000 60.00000 1.44241
190.00000 35.00000 60.00000 1.04661
195.00000 35.00000 60.00000 0.74042
200.00000 35.00000 60.00000 0.54353
205.00000 35.00000 60.00000 0.42840
210.00000 35.00000 60.00000 0.36068
215.00000 35.00000 60.00000 0.31915
220.00000 35.00000 60.00000 0.29301
225.00000 35.00000 60.00000 0.27869
230.00000 35.00000 60.00000 0.27266
235.00000 35.00000 60.00000 0.27093
240.00000 35.00000 60.00000 0.27165
245.00000 35.00000 60.00000 0.27468
250.00000 35.00000 60.00000 0.28064
255.00000 35.00000 60.00000 0.29043
260.00000 35.00000 60.00000 0.30200
265.00000 35.00000 60.00000 0.31551
270.00000 35.00000 60.00000 0.33995
275.00000 35.00000 60.00000 0.37606
280.00000 35.00000 60.00000 0.41342
285.00000 35.00000 60.00000 0.44842
290.00000 35.00000 60.00000 0.48809
295.00000 35.00000 60.00000 0.53633
300.00000 35.00000 60.00000 0.58770
305.00000 35.00000 60.00000 0.64181
310.00000 35.00000 60.00000 0.72652
315.00000 35.00000 60.00000 0.89867
320.00000 35.00000 60.00000 1.18705
325.00000 35.00000 60.00000 1.54967
330.00000 35.00000 60.00000 1.92869
335.00000 35.00000 60.00000 2.27730
340.00000 35.00000 60.00000 2.49977
345.00000 35.00000 60.00000 2.50763
350.00000 35.00000 60.00000 2.25920
355.00000 35.00000 60.00000 1.83664
0.00000 40.00000 60.00000 0.94274
5.00000 40.00000 60.00000 0.76452
10.00000 40.00000 60.00000 0.60834
15.00000 40.00000 60.00000 0.48107
20.00000 40.00000 60.00000 0.39804
25.00000 40.00000 60.00000 0.35174
30.00000 40.00000 60.00000 0.32713
35.00000 40.00000 60.00000 0.31737
40.00000 40.00000 60.00000 0.31729
45.00000 40.00000 60.00000 0.32190
50.00000 40.00000 60.00000 0.32988
55.00000 40.00000 60.00000 0.34266
60.00000 40.00000 60.00000 0.36119
65.00000 40.00000 60.00000 0.38043
70.00000 40.00000 60.00000 0.39314
75.00000 40.00000 60.00000 0.40727
80.00000 40.00000 60.00000 0.42298
85.00000 40.00000 60.00000 0.42876
90.00000 40.00000 60.00000 0.44801
95.00000 40.00000 60.00000 0.48781
100.00000 40.00000 60.00000 0.53306
105.00000 40.00000 60.00000 0.57304
110.00000 40.00000 60.00000 0.61509
115.00000 40.00000 60.00000 0.66502
120.00000 40.00000 60.00000 0.71943
125.00000 40.00000 60.00000 0.80796
130.00000 40.00000 60.00000 0.95403
135.00000 40.00000 60.00000 1.17179
140.00000 40.00000 60.00000 1.44464
145.00000 40.00000 60.00000 1.74886
150.00000 40.00000 60.00000 2.08981
155.00000 40.00000 60.00000 2.39993
160.00000 40.00000 60.00000 2.51448
165.00000 40.00000 60.00000 2.38772
170.00000 40.00000 60.00000 2.14820
175.00000 40.00000 60.00000 1.79743
180.00000 40.00000 60.00000 1.41142
185.00000 40.00000 60.00000 1.08565
190.00000 40.00000 60.00000 0.80466
195.00000 40.00000 60.00000 0.58776
200.00000 40.00000 60.00000 0.45268
205.00000 40.00000 60.00000 0.37740
210.00000 40.00000 60.00000 0.33755
215.00000 40.00000 60.00000 0.31643
220.00000 40.00000 60.00000 0.30237
225.00000 40.00000 60.00000 0.29260
230.00000 40.00000 60.00000 0.28698
235.00000 40.00000 60.00000 0.28473
240.00000 40.00000 60.00000 0.28509
245.00000 40.00000 60.00000 0.28733
250.00000 40.00000 60.00000 0.29247
255.00000 40.00000 60.00000 0.30455
260.00000 40.00000 60.00000 0.32139
265.00000 40.00000 60.00000 0.33905
270.00000 40.00000 60.00000 0.36687
275.00000 40.00000 60.00000 0.40613
280.00000 40.00000 60.00000 0.44485
285.00000 40.00000 60.00000 0.47688
290.00000 40.00000 60.00000 0.49732
295.00000 40.00000 60.00000 0.50877
300.00000 40.00000 60.00000 0.51600
305.00000 40.00000 60.00000 0.52162
310.00000 40.00000 60.00000 0.54468
315.00000 40.00000 60.00000 0.61440
320.00000 40.00000 60.00000 0.74715
325.00000 40.00000 60.00000 0.92058
330.00000 40.00000 60.00000 1.10832
335.00000 40.00000 60.00000 1.28843
340.00000 40.00000 60.00000 1.40196
345.00000 40.00000 60.00000 1.43015
350.00000 40.00000 60.00000 1.35691
355.00000 40.00000 60.00000 1.15631
0.00000 45.00000 60.00000 0.57937
5.00000 45.00000 60.00000 0.50630
10.00000 45.00000 60.00000 0.44385
15.00000 45.00000 60.00000 0.39217
20.00000 45.00000 60.00000 0.35659
25.00000 45.00000 60.00000 0.34155
30.00000 45.00000 60.00000 0.34060
35.00000 45.00000 60.00000 0.35451
40.00000 45.00000 60.00000 0.38373
45.00000 45.00000 60.00000 0.42166
50.00000 45.00000 60.00000 0.45923
55.00000 45.00000 60.00000 0.48299
60.00000 45.00000 60.00000 0.49526
65.00000 45.00000 60.00000 0.50040
70.00000 45.00000 60.00000 0.49577
75.00000 45.00000 60.00000 0.49155
80.00000 45.00000 60.00000 0.49056
85.00000 45.00000 60.00000 0.48235
90.00000 45.00000 60.00000 0.48584
95.00000 45.00000 60.00000 0.51348
100.00000 45.00000 60.00000 0.55794
105.00000 45.00000 60.00000 0.59220
110.00000 45.00000 60.00000 0.62083
115.00000 45.00000 60.00000 0.64660
120.00000 45.00000 60.00000 0.63839
125.00000 45.00000 60.00000 0.65206
130.00000 45.00000 60.00000 0.70474
135.00000 45.00000 60.00000 0.79138
140.00000 45.00000 60.00000 0.89708
145.00000 45.00000 60.00000 1.00782
150.00000 45.00000 60.00000 1.13647
155.00000 45.00000 60.00000 1.25450
160.00000 45.00000 60.00000 1.28399
165.00000 45.00000 60.00000 1.22697
170.00000 45.00000 60.00000 1.16225
175.00000 45.00000 60.00000 1.02213
180.00000 45.00000 60.00000 0.83412
185.00000 45.00000 60.00000 0.67628
190.00000 45.00000 60.00000 0.53822
195.00000 45.00000 60.00000 0.43706
200.00000 45.00000 60.00000 0.38087
205.00000 45.00000 60.00000 0.34947
210.00000 45.00000 60.00000 0.33764
215.00000 45.00000 60.00000 0.34059
220.00000 45.00000 60.00000 0.34555
225.00000 45.00000 60.00000 0.34839
230.00000 45.00000 60.00000 0.34838
235.00000 45.00000 60.00000 0.34313
240.00000 45.00000 60.00000 0.33641
245.00000 45.00000 60.00000 0.33082
250.00000 45.00000 60.00000 0.32757
255.00000 45.00000 60.00000 0.33127
260.00000 45.00000 60.00000 0.34298
265.00000 45.00000 60.00000 0.35727
270.00000 45.00000 60.00000 0.37922
275.00000 45.00000 60.00000 0.41003
280.00000 45.00000 60.00000 0.44451
285.00000 45.00000 60.00000 0.47993
290.00000 45.00000 60.00000 0.48948
295.00000 45.00000 60.00000 0.47861
300.00000 45.00000 60.00000 0.46396
305.00000 45.00000 60.00000 0.44160
310.00000 45.00000 60.00000 0.42859
315.00000 45.00000 60.00000 0.43535
320.00000 45.00000 60.00000 0.46644
325.00000 45.00000 60.00000 0.51351
330.00000 45.00000 60.00000 0.57245
335.00000 45.00000 60.00000 0.63780
340.00000 45.00000 60.00000 0.68598
345.00000 45.00000 60.00000 0.72029
350.00000 45.00000 60.00000 0.73097
355.00000 45.00000 60.00000 0.66450
0.00000 50.00000 60.00000 0.38283
5.00000 50.00000 60.00000 0.36467
10.00000 50.00000 60.00000 0.35215
15.00000 50.00000 60.00000 0.34451
20.00000 50.00000 60.00000 0.34360
25.00000 50.00000 60.00000 0.35760
30.00000 50.00000 60.00000 0.39017
35.00000 50.00000 60.00000 0.44930
40.00000 50.00000 60.00000 0.54399
45.00000 50.00000 60.00000 0.66720
50.00000 50.00000 60.00000 0.76660
55.00000 50.00000 60.00000 0.77878
60.00000 50.00000 60.00000 0.77074
65.00000 50.00000 60.00000 0.74238
70.00000 50.00000 60.00000 0.67653
75.00000 50.00000 60.00000 0.60933
80.00000 50.00000 60.00000 0.55381
85.00000 50.00000 60.00000 0.50834
90.00000 50.00000 60.00000 0.48408
95.00000 50.00000 60.00000 0.48991
100.00000 50.00000 60.00000 0.52267
105.00000 50.00000 60.00000 0.55577
110.00000 50.00000 60.00000 0.58034
115.00000 50.00000 60.00000 0.58098
120.00000 50.00000 60.00000 0.53113
125.00000 50.00000 60.00000 0.50034
130.00000 50.00000 60.00000 0.49995
135.00000 50.00000 60.00000 0.51097
140.00000 50.00000 60.00000 0.52709
145.00000 50.00000 60.00000 0.53966
150.00000 50.00000 60.00000 0.55949
155.00000 50.00000 60.00000 0.58462
160.00000 50.00000 60.00000 0.59499
165.00000 50.00000 60.00000 0.58405
170.00000 50.00000 60.00000 0.56569
175.00000 50.00000 60.00000 0.52409
180.00000 50.00000 60.00000 0.46776
185.00000 50.00000 60.00000 0.41973
190.00000 50.00000 60.00000 0.37631
195.00000 50.00000 60.00000 0.34892
200.00000 50.00000 60.00000 0.34146
205.00000 50.00000 60.00000 0.34239
210.00000 50.00000 60.00000 0.36046
215.00000 50.00000 60.00000 0.40138
220.00000 50.00000 60.00000 0.44839
225.00000 50.00000 60.00000 0.49181
230.00000 50.00000 60.00000 0.51513
235.00000 50.00000 60.00000 0.50141
240.00000 50.00000 60.00000 0.47828
245.00000 50.00000 60.00000 0.44603
250.00000 50.00000 60.00000 0.40686
255.00000 50.00000 60.00000 0.37704
260.00000 50.00000 60.00000 0.36455
265.00000 50.00000 60.00000 0.36317
270.00000 50.00000 60.00000 0.36975
275.00000 50.00000 60.00000 0.38456
280.00000 50.00000 60.00000 0.40830
285.00000 50.00000 60.00000 0.43881
290.00000 50.00000 60.00000 0.44737
295.00000 50.00000 60.00000 0.43476
300.00000 50.00000 60.00000 0.41275
305.00000 50.00000 60.00000 0.38067
310.00000 50.00000 60.00000 0.35854
315.00000 50.00000 60.00000 0.34825
320.00000 50.00000 60.00000 0.34514
325.00000 50.00000 60.00000 0.34597
330.00000 50.00000 60.00000 0.35358
335.00000 50.00000 60.00000 0.37017
340.00000 50.00000 60.00000 0.38883
345.00000 50.00000 60.00000 0.40615
350.00000 50.00000 60.00000 0.41659
355.00000 50.00000 60.00000 0.40411
0.00000 55.00000 60.00000 0.30911
5.00000 55.00000 60.00000 0.31006
10.00000 55.00000 60.00000 0.31650
15.00000 55.00000 60.00000 0.33199
20.00000 55.00000 60.00000 0.36193
25.00000 55.00000 60.00000 0.41640
30.00000 55.00000 60.00000 0.51714
35.00000 55.00000 60.00000 0.67586
40.00000 55.00000 60.00000 0.89033
45.00000 55.00000 60.00000 1.13955
50.00000 55.00000 60.00000 1.29079
55.00000 55.00000 60.00000 1.26386
60.00000 55.00000 60.00000 1.24239
65.00000 55.00000 60.00000 1.13831
70.00000 55.00000 60.00000 0.95095
75.00000 55.00000 60.00000 0.77785
80.00000 55.00000 60.00000 0.63784
85.00000 55.00000 60.00000 0.52802
90.00000 55.00000 60.00000 0.45942
95.00000 55.00000 60.00000 0.43413
100.00000 55.00000 60.00000 0.43790
105.00000 55.00000 60.00000 0.45243
110.00000 55.00000 60.00000 0.46253
115.00000 55.00000 60.00000 0.45214
120.00000 55.00000 60.00000 0.41612
125.00000 55.00000 60.00000 0.38681
130.00000 55.00000 60.00000 0.37268
135.00000 55.00000 60.00000 0.36258
140.00000 55.00000 60.00000 0.35698
145.00000 55.00000 60.00000 0.34920
150.00000 55.00000 60.00000 0.34614
155.00000 55.00000 60.00000 0.34937
160.00000 55.00000 60.00000 0.35086
165.00000 55.00000 60.00000 0.34847
170.00000 55.00000 60.00000 0.34399
175.00000 55.00000 60.00000 0.33595
180.00000 55.00000 60.00000 0.32551
185.00000 55.00000 60.00000 0.31642
190.00000 55.00000 60.00000 0.30997
195.00000 55.00000 60.00000 0.31162
200.00000 55.00000 60.00000 0.32670
205.00000 55.00000 60.00000 0.35852
210.00000 55.00000 60.00000 0.42245
215.00000 55.00000 60.00000 0.52747
220.00000 55.00000 60.00000 0.64771
225.00000 55.00000 60.00000 0.76087
230.00000 55.00000 60.00000 0.83166
235.00000 55.00000 60.00000 0.82109
240.00000 55.00000 60.00000 0.77122
245.00000 55.00000 60.00000 0.67552
250.00000 55.00000 60.00000 0.55679
255.00000 55.00000 60.00000 0.45895
260.00000 55.00000 60.00000 0.39983
265.00000 55.00000 60.00000 0.36742
270.00000 55.00000 60.00000 0.35055
275.00000 55.00000 60.00000 0.34677
280.00000 55.00000 60.00000 0.35345
285.00000 55.00000 60.00000 0.36471
290.00000 55.00000 60.00000 0.36921
295.00000 55.00000 60.00000 0.36359
300.00000 55.00000 60.00000 0.34920
305.00000 55.00000 60.00000 0.32966
310.00000 55.00000 60.00000 0.31384
315.00000 55.00000 60.00000 0.30487
320.00000 55.00000 60.00000 0.29868
325.00000 55.00000 60.00000 0.29261
330.00000 55.00000 60.00000 0.28990
335.00000 55.00000 60.00000 0.29287
340.00000 55.00000 60.00000 0.29857
345.00000 55.00000 60.00000 0.30472
350.00000 55.00000 60.00000 0.30960
355.00000 55.00000 60.00000 0.31042
0.00000 60.00000 60.00000 0.29697
5.00000 60.00000 60.00000 0.30580
10.00000 60.00000 60.00000 0.32567
15.00000 60.00000 60.00000 0.36469
20.00000 60.00000 60.00000 0.43451
25.00000 60.00000 60.00000 0.55567
30.00000 60.00000 60.00000 0.77091
35.00000 60.00000 60.00000 1.10197
40.00000 60.00000 60.00000 1.51032
45.00000 60.00000 60.00000 1.88940
50.00000 60.00000 60.00000 2.00305
55.00000 60.00000 60.00000 1.95925
60.00000 60.00000 60.00000 1.90230
65.00000 60.00000 60.00000 1.63096
70.00000 60.00000 60.00000 1.28237
75.00000 60.00000 60.00000 0.96892
80.00000 60.00000 60.00000 0.71841
85.00000 60.00000 60.00000 0.53658
90.00000 60.00000 60.00000 0.42727
95.00000 60.00000 60.00000 0.37819
100.00000 60.00000 60.00000 0.36129
105.00000 60.00000 60.00000 0.35642
110.00000 60.00000 60.00000 0.35326
115.00000 60.00000 60.00000 0.34574
120.00000 60.00000 60.00000 0.33279
125.00000 60.00000 60.00000 0.31979
130.00000 60.00000 60.00000 0.30926
135.00000 60.00000 60.00000 0.30045
140.00000 60.00000 60.00000 0.29608
145.00000 60.00000 60.00000 0.29194
150.00000 60.00000 60.00000 0.28970
155.00000 60.00000 60.00000 0.29093
160.00000 60.00000 60.00000 0.29260
165.00000 60.00000 60.00000 0.29319
170.00000 60.00000 60.00000 0.29211
175.00000 60.00000 60.00000 0.28959
180.00000 60.00000 60.00000 0.28704
185.00000 60.00000 60.00000 0.28653
190.00000 60.00000 60.00000 0.29039
195.00000 60.00000 60.00000 0.30443
200.00000 60.00000 60.00000 0.33963
205.00000 60.00000 60.00000 0.41067
210.00000 60.00000 60.00000 0.54009
215.00000 60.00000 60.00000 0.73871
220.00000 60.00000 60.00000 0.96965
225.00000 60.00000 60.00000 1.18545
230.00000 60.00000 60.00000 1.33942
235.00000 60.00000 60.00000 1.35526
240.00000 60.00000 60.00000 1.22934
245.00000 60.00000 60.00000 1.01254
250.00000 60.00000 60.00000 0.77635
255.00000 60.00000 60.00000 0.57966
260.00000 60.00000 60.00000 0.45050
265.00000 60.00000 60.00000 0.37566
270.00000 60.00000 60.00000 0.33405
275.00000 60.00000 60.00000 0.31478
280.00000 60.00000 60.00000 0.30897
285.00000 60.00000 60.00000 0.30833
290.00000 60.00000 60.00000 0.30786
295.00000 60.00000 60.00000 0.30549
300.00000 60.00000 60.00000 0.30089
305.00000 60.00000 60.00000 0.29488
310.00000 60.00000 60.00000 0.28803
315.00000 60.00000 60.00000 0.28270
320.00000 60.00000 60.00000 0.27991
325.00000 60.00000 60.00000 0.27729
330.00000 60.00000 60.00000 0.27556
335.00000 60.00000 60.00000 0.27750
340.00000 60.00000 60.00000 0.28228
345.00000 60.00000 60.00000 0.28764
350.00000 60.00000 60.00000 0.29170
355.00000 60.00000 60.00000 0.29389
0.00000 65.00000 60.00000 0.33874
5.00000 65.00000 60.00000 0.36739
10.00000 65.00000 60.00000 0.41728
15.00000 65.00000 60.00000 0.50199
20.00000 65.00000 60.00000 0.64145
25.00000 65.00000 60.00000 0.86293
30.00000 65.00000 60.00000 1.22090
35.00000 65.00000 60.00000 1.73719
40.00000 65.00000 60.00000 2.33391
45.00000 65.00000 60.00000 2.79294
50.00000 65.00000 60.00000 2.78831
55.00000 65.00000 60.00000 2.65958
60.00000 65.00000 60.00000 2.48360
65.00000 65.00000 60.00000 2.02473
70.00000 65.00000 60.00000 1.53411
75.00000 65.00000 60.00000 1.10118
80.00000 65.00000 60.00000 0.76374
85.00000 65.00000 60.00000 0.53804
90.00000 65.00000 60.00000 0.40987
95.00000 65.00000 60.00000 0.34972
100.00000 65.00000 60.00000 0.32215
105.00000 65.00000 60.00000 0.30684
110.00000 65.00000 60.00000 0.29781
115.00000 65.00000 60.00000 0.29207
120.00000 65.00000 60.00000 0.28747
125.00000 65.00000 60.00000 0.28325
130.00000 65.00000 60.00000 0.27955
135.00000 65.00000 60.00000 0.27734
140.00000 65.00000 60.00000 0.27788
145.00000 65.00000 60.00000 0.27877
150.00000 65.00000 60.00000 0.27982
155.00000 65.00000 60.00000 0.28431
160.00000 65.00000 60.00000 0.29080
165.00000 65.00000 60.00000 0.29545
170.00000 65.00000 60.00000 0.29667
175.00000 65.00000 60.00000 0.29652
180.00000 65.00000 60.00000 0.29773
185.00000 65.00000 60.00000 0.30232
190.00000 65.00000 60.00000 0.31331
195.00000 65.00000 60.00000 0.34213
200.00000 65.00000 60.00000 0.41178
205.00000 65.00000 60.00000 0.54695
210.00000 65.00000 60.00000 0.76847
215.00000 65.00000 60.00000 1.07674
220.00000 65.00000 60.00000 1.42265
225.00000 65.00000 60.00000 1.73638
230.00000 65.00000 60.00000 1.94456
235.00000 65.00000 60.00000 1.93972
240.00000 65.00000 60.00000 1.69940
245.00000 65.00000 60.00000 1.34771
250.00000 65.00000 60.00000 0.99863
255.00000 65.00000 60.00000 0.70765
260.00000 65.00000 60.00000 0.50802
265.00000 65.00000 60.00000 0.39270
270.00000 65.00000 60.00000 0.33193
275.00000 65.00000 60.00000 0.30279
280.00000 65.00000 60.00000 0.29006
285.00000 65.00000 60.00000 0.28408
290.00000 65.00000 60.00000 0.28098
295.00000 65.00000 60.00000 0.27939
300.00000 65.00000 60.00000 0.27851
305.00000 65.00000 60.00000 0.27796
310.00000 65.00000 60.00000 0.27730
315.00000 65.00000 60.00000 0.27699
320.00000 65.00000 60.00000 0.27786
325.00000 65.00000 60.00000 0.27823
330.00000 65.00000 60.00000 0.27872
335.00000 65.00000 60.00000 0.28393
340.00000 65.00000 60.00000 0.29416
345.00000 65.00000 60.00000 0.30526
350.00000 65.00000 60.00000 0.31449
355.00000 65.00000 60.00000 0.32361
0.00000 70.00000 60.00000 0.47432
5.00000 70.00000 60.00000 0.55273
10.00000 70.00000 60.00000 0.66565
15.00000 70.00000 60.00000 0.83342
20.00000 70.00000 60.00000 1.08353
25.00000 70.00000 60.00000 1.43243
30.00000 70.00000 60.00000 1.90482
35.00000 70.00000 60.00000 2.49659
40.00000 70.00000 60.00000 3.10913
45.00000 70.00000 60.00000 3.52211
50.00000 70.00000 60.00000 3.48630
55.00000 70.00000 60.00000 3.17841
60.00000 70.00000 60.00000 2.69060
65.00000 70.00000 60.00000 2.09752
70.00000 70.00000 60.00000 1.56700
75.00000 70.00000 60.00000 1.11074
80.00000 70.00000 60.00000 0.76277
85.00000 70.00000 60.00000 0.54053
90.00000 70.00000 60.00000 0.41491
95.00000 70.00000 60.00000 0.34925
100.00000 70.00000 60.00000 0.31290
105.00000 70.00000 60.00000 0.29089
110.00000 70.00000 60.00000 0.27912
115.00000 70.00000 60.00000 0.27398
120.00000 70.00000 60.00000 0.27170
125.00000 70.00000 60.00000 0.27079
130.00000 70.00000 60.00000 0.27111
135.00000 70.00000 60.00000 0.27334
140.00000 70.00000 60.00000 0.27780
145.00000 70.00000 60.00000 0.28255
150.00000 70.00000 60.00000 0.28870
155.00000 70.00000 60.00000 0.30140
160.00000 70.00000 60.00000 0.31922
165.00000 70.00000 60.00000 0.33526
170.00000 70.00000 60.00000 0.34765
175.00000 70.00000 60.00000 0.36179
180.00000 70.00000 60.00000 0.38144
185.00000 70.00000 60.00000 0.40599
190.00000 70.00000 60.00000 0.43810
195.00000 70.00000 60.00000 0.50112
200.00000 70.00000 60.00000 0.63853
205.00000 70.00000 60.00000 0.87936
210.00000 70.00000 60.00000 1.21450
215.00000 70.00000 60.00000 1.61341
220.00000 70.00000 60.00000 2.01974
225.00000 70.00000 60.00000 2.34486
230.00000 70.00000 60.00000 2.47899
235.00000 70.00000 60.00000 2.33225
240.00000 70.00000 60.00000 1.95207
245.00000 70.00000 60.00000 1.51482
250.00000 70.00000 60.00000 1.12161
255.00000 70.00000 60.00000 0.79306
260.00000 70.00000 60.00000 0.55727
265.00000 70.00000 60.00000 0.41915
270.00000 70.00000 60.00000 0.34676
275.00000 70.00000 60.00000 0.30935
280.00000 70.00000 60.00000 0.29023
285.00000 70.00000 60.00000 0.28049
290.00000 70.00000 60.00000 0.27603
295.00000 70.00000 60.00000 0.27487
300.00000 70.00000 60.00000 0.27611
305.00000 70.00000 60.00000 0.27988
310.00000 70.00000 60.00000 0.28554
315.00000 70.00000 60.00000 0.29133
320.00000 70.00000 60.00000 0.29675
325.00000 70.00000 60.00000 0.29946
330.00000 70.00000 60.00000 0.30303
335.00000 70.00000 60.00000 0.31632
340.00000 70.00000 60.00000 0.33908
345.00000 70.00000 60.00000 0.36400
350.00000 70.00000 60.00000 0.38948
355.00000 70.00000 60.00000 0.42261
0.00000 75.00000 60.00000 0.74546
5.00000 75.00000 60.00000 0.89219
10.00000 75.00000 60.00000 1.07875
15.00000 75.00000 60.00000 1.33179
20.00000 75.00000 60.00000 1.68828
25.00000 75.00000 60.00000 2.13526
30.00000 75.00000 60.00000 2.62067
35.00000 75.00000 60.00000 3.09666
40.00000 75.00000 60.00000 3.49235
45.00000 75.00000 60.00000 3.63258
50.00000 75.00000 60.00000 3.41340
55.00000 75.00000 60.00000 2.97859
60.00000 75.00000 60.00000 2.38580
65.00000 75.00000 60.00000 1.82758
70.00000 75.00000 60.00000 1.38170
75.00000 75.00000 60.00000 1.01007
80.00000 75.00000 60.00000 0.72965
85.00000 75.00000 60.00000 0.55147
90.00000 75.00000 60.00000 0.44284
95.00000 75.00000 60.00000 0.37254
100.00000 75.00000 60.00000 0.32520
105.00000 75.00000 60.00000 0.29479
110.00000 75.00000 60.00000 0.27898
115.00000 75.00000 60.00000 0.27280
120.00000 75.00000 60.00000 0.27138
125.00000 75.00000 60.00000 0.27287
130.00000 75.00000 60.00000 0.27723
135.00000 75.00000 60.00000 0.28531
140.00000 75.00000 60.00000 0.29712
145.00000 75.00000 60.00000 0.30944
150.00000 75.00000 60.00000 0.32554
155.00000 75.00000 60.00000 0.35515
160.00000 75.00000 60.00000 0.39677
165.00000 75.00000 60.00000 0.44068
170.00000 75.00000 60.00000 0.48688
175.00000 75.00000 60.00000 0.54722
180.00000 75.00000 60.00000 0.62441
185.00000 75.00000 60.00000 0.70669
190.00000 75.00000 60.00000 0.79261
195.00000 75.00000 60.00000 0.92079
200.00000 75.00000 60.00000 1.15981
205.00000 75.00000 60.00000 1.52616
210.00000 75.00000 60.00000 1.95195
215.00000 75.00000 60.00000 2.37144
220.00000 75.00000 60.00000 2.72639
225.00000 75.00000 60.00000 2.89427
230.00000 75.00000 60.00000 2.79584
235.00000 75.00000 60.00000 2.41743
240.00000 75.00000 60.00000 1.90550
245.00000 75.00000 60.00000 1.45394
250.00000 75.00000 60.00000 1.09812
255.00000 75.00000 60.00000 0.80487
260.00000 75.00000 60.00000 0.58518
265.00000 75.00000 60.00000 0.45218
270.00000 75.00000 60.00000 0.37848
275.00000 75.00000 60.00000 0.33368
280.00000 75.00000 60.00000 0.30670
285.00000 75.00000 60.00000 0.29289
290.00000 75.00000 60.00000 0.28781
295.00000 75.00000 60.00000 0.28867
300.00000 75.00000 60.00000 0.29567
305.00000 75.00000 60.00000 0.31145
310.00000 75.00000 60.00000 0.33520
315.00000 75.00000 60.00000 0.36078
320.00000 75.00000 60.00000 0.37948
325.00000 75.00000 60.00000 0.38502
330.00000 75.00000 60.00000 0.39122
335.00000 75.00000 60.00000 0.41709
340.00000 75.00000 60.00000 0.45848
345.00000 75.00000 60.00000 0.50385
350.00000 75.00000 60.00000 0.55722
355.00000 75.00000 60.00000 0.63403
0.00000 80.00000 60.00000 1.10808
5.00000 80.00000 60.00000 1.27141
10.00000 80.00000 60.00000 1.45754
15.00000 80.00000 60.00000 1.70374
20.00000 80.00000 60.00000 2.05319
25.00000 80.00000 60.00000 2.47182
30.00000 80.00000 60.00000 2.83860
35.00000 80.00000 60.00000 3.08022
40.00000 80.00000 60.00000 3.19230
45.00000 80.00000 60.00000 3.08654
50.00000 80.00000 60.00000 2.73403
55.00000 80.00000 60.00000 2.27052
60.00000 80.00000 60.00000 1.77480
65.00000 80.00000 60.00000 1.37424
70.00000 80.00000 60.00000 1.08307
75.00000 80.00000 60.00000 0.85244
80.00000 80.00000 60.00000 0.68044
85.00000 80.00000 60.00000 0.56976
90.00000 80.00000 60.00000 0.49006
95.00000 80.00000 60.00000 0.41929
100.00000 80.00000 60.00000 0.36057
105.00000 80.00000 60.00000 0.32025
110.00000 80.00000 60.00000 0.29858
115.00000 80.00000 60.00000 0.29041
120.00000 80.00000 60.00000 0.29058
125.00000 80.00000 60.00000 0.29798
130.00000 80.00000 60.00000 0.31348
135.00000 80.00000 60.00000 0.33843
140.00000 80.00000 60.00000 0.37075
145.00000 80.00000 60.00000 0.40209
150.00000 80.00000 60.00000 0.43975
155.00000 80.00000 60.00000 0.50049
160.00000 80.00000 60.00000 0.58008
165.00000 80.00000 60.00000 0.66553
170.00000 80.00000 60.00000 0.76438
175.00000 80.00000 60.00000 0.89894
180.00000 80.00000 60.00000 1.06691
185.00000 80.00000 60.00000 1.23857
190.00000 80.00000 60.00000 1.40620
195.00000 80.00000 60.00000 1.62062
200.00000 80.00000 60.00000 1.95100
205.00000 80.00000 60.00000 2.37923
210.00000 80.00000 60.00000 2.78246
215.00000 80.00000 60.00000 3.09281
220.00000 80.00000 60.00000 3.22092
225.00000 80.00000 60.00000 2.99630
230.00000 80.00000 60.00000 2.64580
235.00000 80.00000 60.00000 2.17560
240.00000 80.00000 60.00000 1.63157
245.00000 80.00000 60.00000 1.22787
250.00000 80.00000 60.00000 0.95487
255.00000 80.00000 60.00000 0.74315
260.00000 80.00000 60.00000 0.58334
265.00000 80.00000 60.00000 0.48466
270.00000 80.00000 60.00000 0.42458
275.00000 80.00000 60.00000 0.37822
280.00000 80.00000 60.00000 0.34519
285.00000 80.00000 60.00000 0.32990
290.00000 80.00000 60.00000 0.32960
295.00000 80.00000 60.00000 0.34115
300.00000 80.00000 60.00000 0.36886
305.00000 80.00000 60.00000 0.42205
310.00000 80.00000 60.00000 0.50150
315.00000 80.00000 60.00000 0.59031
320.00000 80.00000 60.00000 0.65175
325.00000 80.00000 60.00000 0.66509
330.00000 80.00000 60.00000 0.66871
335.00000 80.00000 60.00000 0.69752
340.00000 80.00000 60.00000 0.74233
345.00000 80.00000 60.00000 0.79120
350.00000 80.00000 60.00000 0.85889
355.00000 80.00000 60.00000 0.96490
0.00000 85.00000 60.00000 1.42095
5.00000 85.00000 60.00000 1.48735
10.00000 85.00000 60.00000 1.55167
15.00000 85.00000 60.00000 1.66337
20.00000 85.00000 60.00000 1.86147
25.00000 85.00000 60.00000 2.10685
30.00000 85.00000 60.00000 2.28098
35.00000 85.00000 60.00000 2.32641
40.00000 85.00000 60.00000 2.27181
45.00000 85.00000 60.00000 2.09534
50.00000 85.00000 60.00000 1.78991
55.00000 85.00000 60.00000 1.43707
60.00000 85.00000 60.00000 1.12747
65.00000 85.00000 60.00000 0.91206
70.00000 85.00000 60.00000 0.77464
75.00000 85.00000 60.00000 0.67881
80.00000 85.00000 60.00000 0.61449
85.00000 85.00000 60.00000 0.57802
90.00000 85.00000 60.00000 0.54103
95.00000 85.00000 60.00000 0.48403
100.00000 85.00000 60.00000 0.42437
105.00000 85.00000 60.00000 0.38263
110.00000 85.00000 60.00000 0.36314
115.00000 85.00000 60.00000 0.36166
120.00000 85.00000 60.00000 0.37487
125.00000 85.00000 60.00000 0.40396
130.00000 85.00000 60.00000 0.45399
135.00000 85.00000 60.00000 0.52741
140.00000 85.00000 60.00000 0.60888
145.00000 85.00000 60.00000 0.67706
150.00000 85.00000 60.00000 0.74675
155.00000 85.00000 60.00000 0.84418
160.00000 85.00000 60.00000 0.95296
165.00000 85.00000 60.00000 1.04951
170.00000 85.00000 60.00000 1.15972
175.00000 85.00000 60.00000 1.32363
180.00000 85.00000 60.00000 1.53233
185.00000 85.00000 60.00000 1.74426
190.00000 85.00000 60.00000 1.95390
195.00000 85.00000 60.00000 2.21305
200.00000 85.00000 60.00000 2.55977
205.00000 85.00000 60.00000 2.91582
210.00000 85.00000 60.00000 3.14342
215.00000 85.00000 60.00000 3.22483
220.00000 85.00000 60.00000 3.07382
225.00000 85.00000 60.00000 2.52559
230.00000 85.00000 60.00000 2.06492
235.00000 85.00000 60.00000 1.67409
240.00000 85.00000 60.00000 1.22916
245.00000 85.00000 60.00000 0.92555
250.00000 85.00000 60.00000 0.74810
255.00000 85.00000 60.00000 0.62856
260.00000 85.00000 60.00000 0.54616
265.00000 85.00000 60.00000 0.50057
270.00000 85.00000 60.00000 0.47187
275.00000 85.00000 60.00000 0.43885
280.00000 85.00000 60.00000 0.41106
285.00000 85.00000 60.00000 0.40721
290.00000 85.00000 60.00000 0.43091
295.00000 85.00000 60.00000 0.48083
300.00000 85.00000 60.00000 0.56778
305.00000 85.00000 60.00000 0.71140
310.00000 85.00000 60.00000 0.91549
315.00000 85.00000 60.00000 1.13980
320.00000 85.00000 60.00000 1.29269
325.00000 85.00000 60.00000 1.33257
330.00000 85.00000 60.00000 1.32450
335.00000 85.00000 60.00000 1.31271
340.00000 85.00000 60.00000 1.29119
345.00000 85.00000 60.00000 1.26987
350.00000 85.00000 60.00000 1.28181
355.00000 85.00000 60.00000 1.34126
0.00000 90.00000 60.00000 1.53491
5.00000 90.00000 60.00000 1.43956
10.00000 90.00000 60.00000 1.34021
15.00000 90.00000 60.00000 1.29323
20.00000 90.00000 60.00000 1.31968
25.00000 90.00000 60.00000 1.37815
30.00000 90.00000 60.00000 1.39338
35.00000 90.00000 60.00000 1.34659
40.00000 90.00000 60.00000 1.25967
45.00000 90.00000 60.00000 1.12426
50.00000 90.00000 60.00000 0.94598
55.00000 90.00000 60.00000 0.77138
60.00000 90.00000 60.00000 0.63999
65.00000 90.00000 60.00000 0.56224
70.00000 90.00000 60.00000 0.52670
75.00000 90.00000 60.00000 0.51732
80.00000 90.00000 60.00000 0.52772
85.00000 90.00000 60.00000 0.55309
90.00000 90.00000 60.00000 0.56661
95.00000 90.00000 60.00000 0.54488
100.00000 90.00000 60.00000 0.51062
105.00000 90.00000 60.00000 0.49773
110.00000 90.00000 60.00000 0.51488
115.00000 90.00000 60.00000 0.55789
120.00000 90.00000 60.00000 0.62477
125.00000 90.00000 60.00000 0.72120
130.00000 90.00000 60.00000 0.86009
135.00000 90.00000 60.00000 1.04148
140.00000 90.00000 60.00000 1.20972
145.00000 90.00000 60.00000 1.30879
150.00000 90.00000 60.00000 1.37641
155.00000 90.00000 60.00000 1.45947
160.00000 90.00000 60.00000 1.52288
165.00000 90.00000 60.00000 1.53208
170.00000 90.00000 60.00000 1.53814
175.00000 90.00000 60.00000 1.60781
180.00000 90.00000 60.00000 1.73122
185.00000 90.00000 60.00000 1.85813
190.00000 90.00000 60.00000 1.98977
195.00000 90.00000 60.00000 2.17921
200.00000 90.00000 60.00000 2.42771
205.00000 90.00000 60.00000 2.62127
210.00000 90.00000 60.00000 2.63930
215.00000 90.00000 60.00000 2.51806
220.00000 90.00000 60.00000 2.25584
225.00000 90.00000 60.00000 1.80828
230.00000 90.00000 60.00000 1.42581
235.00000 90.00000 60.00000 1.10232
240.00000 90.00000 60.00000 0.80979
245.00000 90.00000 60.00000 0.63111
250.00000 90.00000 60.00000 0.54052
255.00000 90.00000 60.00000 0.49437
260.00000 90.00000 60.00000 0.47554
265.00000 90.00000 60.00000 0.48060
270.00000 90.00000 60.00000 0.49363
275.00000 90.00000 60.00000 0.49363
280.00000 90.00000 60.00000 0.49350
285.00000 90.00000 60.00000 0.52765
290.00000 90.00000 60.00000 0.61297
295.00000 90.00000 60.00000 0.75155
300.00000 90.00000 60.00000 0.95517
305.00000 90.00000 60.00000 1.24849
310.00000 90.00000 60.00000 1.63429
315.00000 90.00000 60.00000 2.03260
320.00000 90.00000 60.00000 2.28716
325.00000 90.00000 60.00000 2.34404
330.00000 90.00000 60.00000 2.29106
335.00000 90.00000 60.00000 2.16463
340.00000 90.00000 60.00000 1.97675
345.00000 90.00000 60.00000 1.78878
350.00000 90.00000 60.00000 1.66151
355.00000 90.00000 60.00000 1.59557
0.00000 0.00000 65.00000 0.39105
5.00000 0.00000 65.00000 0.38546
10.00000 0.00000 65.00000 0.38361
15.00000 0.00000 65.00000 0.38832
20.00000 0.00000 65.00000 0.39978
25.00000 0.00000 65.00000 0.40177
30.00000 0.00000 65.00000 0.38220
35.00000 0.00000 65.00000 0.35700
40.00000 0.00000 65.00000 0.35101
45.00000 0.00000 65.00000 0.37178
50.00000 0.00000 65.00000 0.40854
55.00000 0.00000 65.00000 0.44692
60.00000 0.00000 65.00000 0.49143
65.00000 0.00000 65.00000 0.54557
70.00000 0.00000 65.00000 0.57547
75.00000 0.00000 65.00000 0.54641
80.00000 0.00000 65.00000 0.47081
85.00000 0.00000 65.00000 0.41292
90.00000 0.00000 65.00000 0.39105
95.00000 0.00000 65.00000 0.38546
100.00000 0.00000 65.00000 0.38361
105.00000 0.00000 65.00000 0.38832
110.00000 0.00000 65.00000 0.39978
115.00000 0.00000 65.00000 0.40177
120.00000 0.00000 65.00000 0.38220
125.00000 0.00000 65.00000 0.35700
130.00000 0.00000 65.00000 0.35101
135.00000 0.00000 65.00000 0.37178
140.00000 0.00000 65.00000 0.40854
145.00000 0.00000 65.00000 0.44692
150.00000 0.00000 65.00000 0.49143
155.00000 0.00000 65.00000 0.54557
160.00000 0.00000 65.00000 0.57547
165.00000 0.00000 65.00000 0.54641
170.00000 0.00000 65.00000 0.47081
175.00000 0.00000 65.00000 0.41292
180.00000 0.00000 65.00000 0.39105
185.00000 0.00000 65.00000 0.38546
190.00000 0.00000 65.00000 0.38361
195.00000 0.00000 65.00000 0.38832
200.00000 0.00000 65.00000 0.39978
205.00000 0.00000 65.00000 0.40177
210.00000 0.00000 65.00000 0.38220
215.00000 0.00000 65.00000 0.35700
220.00000 0.00000 65.00000 0.35101
225.00000 0.00000 65.00000 0.37178
230.00000 0.00000 65.00000 0.40854
235.00000 0.00000 65.00000 0.44692
240.00000 0.00000 65.00000 0.49143
245.00000 0.00000 65.00000 0.54557
250.00000 0.00000 65.00000 0.57547
255.00000 0.00000 65.00000 0.54641
260.00000 0.00000 65.00000 0.47081
265.00000 0.00000 65.00000 0.41292
270.00000 0.00000 65.00000 0.39105
275.00000 0.00000 65.00000 0.38546
280.00000 0.00000 65.00000 0.38361
285.00000 0.00000 65.00000 0.38832
290.00000 0.00000 65.00000 0.39978
295.00000 0.00000 65.00000 0.40177
300.00000 0.00000 65.00000 0.38220
305.00000 0.00000 65.00000 0.35700
310.00000 0.00000 65.00000 0.35101
315.00000 0.00000 65.00000 0.37178
320.00000 0.00000 65.00000 0.40854
325.00000 0.00000 65.00000 0.44692
330.00000 0.00000 65.00000 0.49143
335.00000 0.00000 65.00000 0.54557
340.00000 0.00000 65.00000 0.57547
345.00000 0.00000 65.00000 0.54641
350.00000 0.00000 65.00000 0.47081
355.00000 0.00000 65.00000 0.41292
0.00000 5.00000 65.00000 0.49719
5.00000 5.00000 65.00000 0.50179
10.00000 5.00000 65.00000 0.50869
15.00000 5.00000 65.00000 0.51725
20.00000 5.00000 65.00000 0.52593
25.00000 5.00000 65.00000 0.51483
30.00000 5.00000 65.00000 0.47311
35.00000 5.00000 65.00000 0.42482
40.00000 5.00000 65.00000 0.40118
45.00000 5.00000 65.00000 0.40820
50.00000 5.00000 65.00000 0.43185
55.00000 5.00000 65.00000 0.45863
60.00000 5.00000 65.00000 0.49426
65.00000 5.00000 65.00000 0.54395
70.00000 5.00000 65.00000 0.57080
75.00000 5.00000 65.00000 0.53294
80.00000 5.00000 65.00000 0.45870
85.00000 5.00000 65.00000 0.40637
90.00000 5.00000 65.00000 0.38541
95.00000 5.00000 65.00000 0.37743
100.00000 5.00000 65.00000 0.37178
105.00000 5.00000 65.00000 0.37104
110.00000 5.00000 65.00000 0.37679
115.00000 5.00000 65.00000 0.37855
120.00000 5.00000 65.00000 0.36713
125.00000 5.00000 65.00000 0.35218
130.00000 5.00000 65.00000 0.35203
135.00000 5.00000 65.00000 0.37439
140.00000 5.00000 65.00000 0.41290
145.00000 5.00000 65.00000 0.45723
150.00000 5.00000 65.00000 0.50941
155.00000 5.00000 65.00000 0.55703
160.00000 5.00000 65.00000 0.57288
165.00000 5.00000 65.00000 0.56216
170.00000 5.00000 65.00000 0.49690
175.00000 5.00000 65.00000 0.43129
180.00000 5.00000 65.00000 0.40003
185.00000 5.00000 65.00000 0.38676
190.00000 5.00000 65.00000 0.37916
195.00000 5.00000 65.00000 0.38005
200.00000 5.00000 65.00000 0.39038
205.00000 5.00000 65.00000 0.39463
210.00000 5.00000 65.00000 0.37790
215.00000 5.00000 65.00000 0.35159
220.00000 5.00000 65.00000 0.33955
225.00000 5.00000 65.00000 0.35100
230.00000 5.00000 65.00000 0.37850
235.00000 5.00000 65.00000 0.41029
240.00000 5.00000 65.00000 0.44720
245.00000 5.00000 65.00000 0.48539
250.00000 5.00000 65.00000 0.50395
255.00000 5.00000 65.00000 0.48955
260.00000 5.00000 65.00000 0.43411
265.00000 5.00000 65.00000 0.38804
270.00000 5.00000 65.00000 0.37261
275.00000 5.00000 65.00000 0.37378
280.00000 5.00000 65.00000 0.38311
285.00000 5.00000 65.00000 0.40485
290.00000 5.00000 65.00000 0.43827
295.00000 5.00000 65.00000 0.46115
300.00000 5.00000 65.00000 0.45275
305.00000 5.00000 65.00000 0.42968
310.00000 5.00000 65.00000 0.42647
315.00000 5.00000 65.00000 0.45534
320.00000 5.00000 65.00000 0.50210
325.00000 5.00000 65.00000 0.54918
330.00000 5.00000 65.00000 0.60362
335.00000 5.00000 65.00000 0.66926
340.00000 5.00000 65.00000 0.70334
345.00000 5.00000 65.00000 0.66514
350.00000 5.00000 65.00000 0.57664
355.00000 5.00000 65.00000 0.51410
0.00000 10.00000 65.00000 0.70028
5.00000 10.00000 65.00000 0.69437
10.00000 10.00000 65.00000 0.68829
15.00000 10.00000 65.00000 0.67902
20.00000 10.00000 65.00000 0.66853
25.00000 10.00000 65.00000 0.63746
30.00000 10.00000 65.00000 0.57228
35.00000 10.00000 65.00000 0.49667
40.00000 10.00000 65.00000 0.44571
45.00000 10.00000 65.00000 0.42755
50.00000 10.00000 65.00000 0.42890
55.00000 10.00000 65.00000 0.43849
60.00000 10.00000 65.00000 0.45952
65.00000 10.00000 65.00000 0.49301
70.00000 10.00000 65.00000 0.50894
75.00000 10.00000 65.00000 0.47629
80.00000 10.00000 65.00000 0.42105
85.00000 10.00000 65.00000 0.38416
90.00000 10.00000 65.00000 0.36879
95.00000 10.00000 65.00000 0.36188
100.00000 10.00000 65.00000 0.35854
105.00000 10.00000 65.00000 0.36398
110.00000 10.00000 65.00000 0.38146
115.00000 10.00000 65.00000 0.40075
120.00000 10.00000 65.00000 0.40890
125.00000 10.00000 65.00000 0.41156
130.00000 10.00000 65.00000 0.42776
135.00000 10.00000 65.00000 0.46672
140.00000 10.00000 65.00000 0.52253
145.00000 10.00000 65.00000 0.58848
150.00000 10.00000 65.00000 0.67175
155.00000 10.00000 65.00000 0.75952
160.00000 10.00000 65.00000 0.80153
165.00000 10.00000 65.00000 0.77538
170.00000 10.00000 65.00000 0.67404
175.00000 10.00000 65.00000 0.57848
180.00000 10.00000 65.00000 0.53083
185.00000 10.00000 65.00000 0.51010
190.00000 10.00000 65.00000 0.49845
195.00000 10.00000 65.00000 0.49785
200.00000 10.00000 65.00000 0.50774
205.00000 10.00000 65.00000 0.50400
210.00000 10.00000 65.00000 0.46451
215.00000 10.00000 65.00000 0.40648
220.00000 10.00000 65.00000 0.36477
225.00000 10.00000 65.00000 0.35172
230.00000 10.00000 65.00000 0.35869
235.00000 10.00000 65.00000 0.37489
240.00000 10.00000 65.00000 0.39851
245.00000 10.00000 65.00000 0.42421
250.00000 10.00000 65.00000 0.43555
255.00000 10.00000 65.00000 0.42313
260.00000 10.00000 65.00000 0.38523
265.00000 10.00000 65.00000 0.35604
270.00000 10.00000 65.00000 0.34956
275.00000 10.00000 65.00000 0.35777
280.00000 10.00000 65.00000 0.37871
285.00000 10.00000 65.00000 0.42045
290.00000 10.00000 65.00000 0.48543
295.00000 10.00000 65.00000 0.54974
300.00000 10.00000 65.00000 0.58048
305.00000 10.00000 65.00000 0.58445
310.00000 10.00000 65.00000 0.60210
315.00000 10.00000 65.00000 0.65582
320.00000 10.00000 65.00000 0.73334
325.00000 10.00000 65.00000 0.81482
330.00000 10.00000 65.00000 0.90487
335.00000 10.00000 65.00000 0.97570
340.00000 10.00000 65.00000 0.97732
345.00000 10.00000 65.00000 0.93780
350.00000 10.00000 65.00000 0.82955
355.00000 10.00000 65.00000 0.73512
0.00000 15.00000 65.00000 0.90199
5.00000 15.00000 65.00000 0.83244
10.00000 15.00000 65.00000 0.76788
15.00000 15.00000 65.00000 0.71345
20.00000 15.00000 65.00000 0.67575
25.00000 15.00000 65.00000 0.63320
30.00000 15.00000 65.00000 0.56500
35.00000 15.00000 65.00000 0.48616
40.00000 15.00000 65.00000 0.42844
45.00000 15.00000 65.00000 0.40088
50.00000 15.00000 65.00000 0.39257
55.00000 15.00000 65.00000 0.39446
60.00000 15.00000 65.00000 0.40799
65.00000 15.00000 65.00000 0.43199
70.00000 15.00000 65.00000 0.44451
75.00000 15.00000 65.00000 0.42447
80.00000 15.00000 65.00000 0.39049
85.00000 15.00000 65.00000 0.36951
90.00000 15.00000 65.00000 0.36136
95.00000 15.00000 65.00000 0.35718
100.00000 15.00000 65.00000 0.35861
105.00000 15.00000 65.00000 0.37746
110.00000 15.00000 65.00000 0.42065
115.00000 15.00000 65.00000 0.47319
120.00000 15.00000 65.00000 0.51119
125.00000 15.00000 65.00000 0.54005
130.00000 15.00000 65.00000 0.59030
135.00000 15.00000 65.00000 0.67358
140.00000 15.00000 65.00000 0.77241
145.00000 15.00000 65.00000 0.87500
150.00000 15.00000 65.00000 1.00263
155.00000 15.00000 65.00000 1.15546
160.00000 15.00000 65.00000 1.23929
165.00000 15.00000 65.00000 1.16543
170.00000 15.00000 65.00000 0.98592
175.00000 15.00000 65.00000 0.83547
180.00000 15.00000 65.00000 0.75555
185.00000 15.00000 65.00000 0.71228
190.00000 15.00000 65.00000 0.68130
195.00000 15.00000 65.00000 0.66702
200.00000 15.00000 65.00000 0.66501
205.00000 15.00000 65.00000 0.63805
210.00000 15.00000 65.00000 0.55966
215.00000 15.00000 65.00000 0.45921
220.00000 15.00000 65.00000 0.38502
225.00000 15.00000 65.00000 0.34982
230.00000 15.00000 65.00000 0.34004
235.00000 15.00000 65.00000 0.34306
240.00000 15.00000 65.00000 0.35550
245.00000 15.00000 65.00000 0.37365
250.00000 15.00000 65.00000 0.38275
255.00000 15.00000 65.00000 0.37097
260.00000 15.00000 65.00000 0.34694
265.00000 15.00000 65.00000 0.33371
270.00000 15.00000 65.00000 0.33694
275.00000 15.00000 65.00000 0.35117
280.00000 15.00000 65.00000 0.37902
285.00000 15.00000 65.00000 0.43602
290.00000 15.00000 65.00000 0.53311
295.00000 15.00000 65.00000 0.64892
300.00000 15.00000 65.00000 0.74101
305.00000 15.00000 65.00000 0.80357
310.00000 15.00000 65.00000 0.87337
315.00000 15.00000 65.00000 0.97905
320.00000 15.00000 65.00000 1.11677
325.00000 15.00000 65.00000 1.26687
330.00000 15.00000 65.00000 1.42642
335.00000 15.00000 65.00000 1.50386
340.00000 15.00000 65.00000 1.42041
345.00000 15.00000 65.00000 1.34053
350.00000 15.00000 65.00000 1.18007
355.00000 15.00000 65.00000 1.00638
0.00000 20.00000 65.00000 1.04802
5.00000 20.00000 65.00000 0.86852
10.00000 20.00000 65.00000 0.71962
15.00000 20.00000 65.00000 0.61716
20.00000 20.00000 65.00000 0.55967
25.00000 20.00000 65.00000 0.51509
30.00000 20.00000 65.00000 0.45973
35.00000 20.00000 65.00000 0.40249
40.00000 20.00000 65.00000 0.36360
45.00000 20.00000 65.00000 0.34668
50.00000 20.00000 65.00000 0.34282
55.00000 20.00000 65.00000 0.34675
60.00000 20.00000 65.00000 0.36051
65.00000 20.00000 65.00000 0.38324
70.00000 20.00000 65.00000 0.39987
75.00000 20.00000 65.00000 0.39377
80.00000 20.00000 65.00000 0.37786
85.00000 20.00000 65.00000 0.37198
90.00000 20.00000 65.00000 0.37314
95.00000 20.00000 65.00000 0.37484
100.00000 20.00000 65.00000 0.38527
105.00000 20.00000 65.00000 0.42362
110.00000 20.00000 65.00000 0.50176
115.00000 20.00000 65.00000 0.59959
120.00000 20.00000 65.00000 0.67994
125.00000 20.00000 65.00000 0.74998
130.00000 20.00000 65.00000 0.85915
135.00000 20.00000 65.00000 1.02444
140.00000 20.00000 65.00000 1.20497
145.00000 20.00000 65.00000 1.36447
150.00000 20.00000 65.00000 1.53373
155.00000 20.00000 65.00000 1.70916
160.00000 20.00000 65.00000 1.76352
165.00000 20.00000 65.00000 1.63755
170.00000 20.00000 65.00000 1.37690
175.00000 20.00000 65.00000 1.14000
180.00000 20.00000 65.00000 0.99177
185.00000 20.00000 65.00000 0.88638
190.00000 20.00000 65.00000 0.80069
195.00000 20.00000 65.00000 0.74590
200.00000 20.00000 65.00000 0.71037
205.00000 20.00000 65.00000 0.65183
210.00000 20.00000 65.00000 0.55096
215.00000 20.00000 65.00000 0.44112
220.00000 20.00000 65.00000 0.36478
225.00000 20.00000 65.00000 0.32790
230.00000 20.00000 65.00000 0.31436
235.00000 20.00000 65.00000 0.31232
240.00000 20.00000 65.00000 0.31848
245.00000 20.00000 65.00000 0.33059
250.00000 20.00000 65.00000 0.33937
255.00000 20.00000 65.00000 0.33487
260.00000 20.00000 65.00000 0.32515
265.00000 20.00000 65.00000 0.32702
270.00000 20.00000 65.00000 0.34219
275.00000 20.00000 65.00000 0.36411
280.00000 20.00000 65.00000 0.39819
285.00000 20.00000 65.00000 0.46750
290.00000 20.00000 65.00000 0.59163
295.00000 20.00000 65.00000 0.75046
300.00000 20.00000 65.00000 0.89813
305.00000 20.00000 65.00000 1.03024
310.00000 20.00000 65.00000 1.18606
315.00000 20.00000 65.00000 1.38968
320.00000 20.00000 65.00000 1.63229
325.00000 20.00000 65.00000 1.89146
330.00000 20.00000 65.00000 2.15104
335.00000 20.00000 65.00000 2.27304
340.00000 20.00000 65.00000 2.12858
345.00000 20.00000 65.00000 1.90642
350.00000 20.00000 65.00000 1.58745
355.00000 20.00000 65.00000 1.27466
0.00000 25.00000 65.00000 1.16459
5.00000 25.00000 65.00000 0.88235
10.00000 25.00000 65.00000 0.66383
15.00000 25.00000 65.00000 0.52718
20.00000 25.00000 65.00000 0.45527
25.00000 25.00000 65.00000 0.40750
30.00000 25.00000 65.00000 0.36387
35.00000 25.00000 65.00000 0.32910
40.00000 25.00000 65.00000 0.31024
45.00000 25.00000 65.00000 0.30501
50.00000 25.00000 65.00000 0.30740
55.00000 25.00000 65.00000 0.31626
60.00000 25.00000 65.00000 0.33442
65.00000 25.00000 65.00000 0.36189
70.00000 25.00000 65.00000 0.38560
75.00000 25.00000 65.00000 0.39050
80.00000 25.00000 65.00000 0.38755
85.00000 25.00000 65.00000 0.39429
90.00000 25.00000 65.00000 0.40883
95.00000 25.00000 65.00000 0.42477
100.00000 25.00000 65.00000 0.45194
105.00000 25.00000 65.00000 0.51350
110.00000 25.00000 65.00000 0.62425
115.00000 25.00000 65.00000 0.76597
120.00000 25.00000 65.00000 0.89985
125.00000 25.00000 65.00000 1.03620
130.00000 25.00000 65.00000 1.23504
135.00000 25.00000 65.00000 1.51643
140.00000 25.00000 65.00000 1.81992
145.00000 25.00000 65.00000 2.07547
150.00000 25.00000 65.00000 2.29550
155.00000 25.00000 65.00000 2.42327
160.00000 25.00000 65.00000 2.32057
165.00000 25.00000 65.00000 2.14429
170.00000 25.00000 65.00000 1.82351
175.00000 25.00000 65.00000 1.46138
180.00000 25.00000 65.00000 1.19520
185.00000 25.00000 65.00000 0.98433
190.00000 25.00000 65.00000 0.81422
195.00000 25.00000 65.00000 0.70057
200.00000 25.00000 65.00000 0.62317
205.00000 25.00000 65.00000 0.54407
210.00000 25.00000 65.00000 0.45352
215.00000 25.00000 65.00000 0.37237
220.00000 25.00000 65.00000 0.32132
225.00000 25.00000 65.00000 0.29821
230.00000 25.00000 65.00000 0.28984
235.00000 25.00000 65.00000 0.28866
240.00000 25.00000 65.00000 0.29295
245.00000 25.00000 65.00000 0.30237
250.00000 25.00000 65.00000 0.31256
255.00000 25.00000 65.00000 0.31670
260.00000 25.00000 65.00000 0.31995
265.00000 25.00000 65.00000 0.33572
270.00000 25.00000 65.00000 0.36496
275.00000 25.00000 65.00000 0.39943
280.00000 25.00000 65.00000 0.44385
285.00000 25.00000 65.00000 0.52373
290.00000 25.00000 65.00000 0.65953
295.00000 25.00000 65.00000 0.83095
300.00000 25.00000 65.00000 0.99771
305.00000 25.00000 65.00000 1.17227
310.00000 25.00000 65.00000 1.41477
315.00000 25.00000 65.00000 1.74795
320.00000 25.00000 65.00000 2.13182
325.00000 25.00000 65.00000 2.51936
330.00000 25.00000 65.00000 2.88004
335.00000 25.00000 65.00000 3.06404
340.00000 25.00000 65.00000 2.91352
345.00000 25.00000 65.00000 2.51407
350.00000 25.00000 65.00000 1.98546
355.00000 25.00000 65.00000 1.51766
0.00000 30.00000 65.00000 1.19575
5.00000 30.00000 65.00000 0.88705
10.00000 30.00000 65.00000 0.64830
15.00000 30.00000 65.00000 0.49781
20.00000 30.00000 65.00000 0.41537
25.00000 30.00000 65.00000 0.36330
30.00000 30.00000 65.00000 0.32591
35.00000 30.00000 65.00000 0.30328
40.00000 30.00000 65.00000 0.29389
45.00000 30.00000 65.00000 0.29340
50.00000 30.00000 65.00000 0.29970
55.00000 30.00000 65.00000 0.31531
60.00000 30.00000 65.00000 0.34279
65.00000 30.00000 65.00000 0.37964
70.00000 30.00000 65.00000 0.41108
75.00000 30.00000 65.00000 0.42246
80.00000 30.00000 65.00000 0.42464
85.00000 30.00000 65.00000 0.44213
90.00000 30.00000 65.00000 0.47556
95.00000 30.00000 65.00000 0.51378
100.00000 30.00000 65.00000 0.56276
105.00000 30.00000 65.00000 0.64186
110.00000 30.00000 65.00000 0.76591
115.00000 30.00000 65.00000 0.92711
120.00000 30.00000 65.00000 1.10696
125.00000 30.00000 65.00000 1.32262
130.00000 30.00000 65.00000 1.62630
135.00000 30.00000 65.00000 2.02880
140.00000 30.00000 65.00000 2.46012
145.00000 30.00000 65.00000 2.83880
150.00000 30.00000 65.00000 3.13819
155.00000 30.00000 65.00000 3.26007
160.00000 30.00000 65.00000 3.05512
165.00000 30.00000 65.00000 2.72469
170.00000 30.00000 65.00000 2.25239
175.00000 30.00000 65.00000 1.74793
180.00000 30.00000 65.00000 1.35679
185.00000 30.00000 65.00000 1.04080
190.00000 30.00000 65.00000 0.79188
195.00000 30.00000 65.00000 0.62606
200.00000 30.00000 65.00000 0.51916
205.00000 30.00000 65.00000 0.43696
210.00000 30.00000 65.00000 0.36927
215.00000 30.00000 65.00000 0.31981
220.00000 30.00000 65.00000 0.29161
225.00000 30.00000 65.00000 0.27977
230.00000 30.00000 65.00000 0.27628
235.00000 30.00000 65.00000 0.27712
240.00000 30.00000 65.00000 0.28210
245.00000 30.00000 65.00000 0.29190
250.00000 30.00000 65.00000 0.30533
255.00000 30.00000 65.00000 0.31802
260.00000 30.00000 65.00000 0.33236
265.00000 30.00000 65.00000 0.36030
270.00000 30.00000 65.00000 0.40470
275.00000 30.00000 65.00000 0.45508
280.00000 30.00000 65.00000 0.51228
285.00000 30.00000 65.00000 0.59508
290.00000 30.00000 65.00000 0.71666
295.00000 30.00000 65.00000 0.85937
300.00000 30.00000 65.00000 0.99946
305.00000 30.00000 65.00000 1.16436
310.00000 30.00000 65.00000 1.42907
315.00000 30.00000 65.00000 1.82620
320.00000 30.00000 65.00000 2.28770
325.00000 30.00000 65.00000 2.73040
330.00000 30.00000 65.00000 3.10704
335.00000 30.00000 65.00000 3.27479
340.00000 30.00000 65.00000 3.12638
345.00000 30.00000 65.00000 2.69526
350.00000 30.00000 65.00000 2.10529
355.00000 30.00000 65.00000 1.58550
0.00000 35.00000 65.00000 1.04531
5.00000 35.00000 65.00000 0.81052
10.00000 35.00000 65.00000 0.61841
15.00000 35.00000 65.00000 0.48847
20.00000 35.00000 65.00000 0.41167
25.00000 35.00000 65.00000 0.36299
30.00000 35.00000 65.00000 0.33248
35.00000 35.00000 65.00000 0.31750
40.00000 35.00000 65.00000 0.31321
45.00000 35.00000 65.00000 0.31664
50.00000 35.00000 65.00000 0.33039
55.00000 35.00000 65.00000 0.35977
60.00000 35.00000 65.00000 0.40403
65.00000 35.00000 65.00000 0.45229
70.00000 35.00000 65.00000 0.49143
75.00000 35.00000 65.00000 0.50905
80.00000 35.00000 65.00000 0.51205
85.00000 35.00000 65.00000 0.53647
90.00000 35.00000 65.00000 0.58817
95.00000 35.00000 65.00000 0.64637
100.00000 35.00000 65.00000 0.70888
105.00000 35.00000 65.00000 0.78949
110.00000 35.00000 65.00000 0.89815
115.00000 35.00000 65.00000 1.03511
120.00000 35.00000 65.00000 1.21379
125.00000 35.00000 65.00000 1.46135
130.00000 35.00000 65.00000 1.80981
135.00000 35.00000 65.00000 2.24902
140.00000 35.00000 65.00000 2.70240
145.00000 35.00000 65.00000 3.11191
150.00000 35.00000 65.00000 3.42602
155.00000 35.00000 65.00000 3.51595
160.00000 35.00000 65.00000 3.28793
165.00000 35.00000 65.00000 2.84596
170.00000 35.00000 65.00000 2.28479
175.00000 35.00000 65.00000 1.75568
180.00000 35.00000 65.00000 1.34390
185.00000 35.00000 65.00000 1.00863
190.00000 35.00000 65.00000 0.74336
195.00000 35.00000 65.00000 0.56703
200.00000 35.00000 65.00000 0.45941
205.00000 35.00000 65.00000 0.38932
210.00000 35.00000 65.00000 0.34161
215.00000 35.00000 65.00000 0.30931
220.00000 35.00000 65.00000 0.28970
225.00000 35.00000 65.00000 0.28042
230.00000 35.00000 65.00000 0.27807
235.00000 35.00000 65.00000 0.28069
240.00000 35.00000 65.00000 0.28748
245.00000 35.00000 65.00000 0.29918
250.00000 35.00000 65.00000 0.31903
255.00000 35.00000 65.00000 0.34358
260.00000 35.00000 65.00000 0.36916
265.00000 35.00000 65.00000 0.40767
270.00000 35.00000 65.00000 0.46538
275.00000 35.00000 65.00000 0.53034
280.00000 35.00000 65.00000 0.59525
285.00000 35.00000 65.00000 0.66799
290.00000 35.00000 65.00000 0.75128
295.00000 35.00000 65.00000 0.83459
300.00000 35.00000 65.00000 0.91448
305.00000 35.00000 65.00000 1.01830
310.00000 35.00000 65.00000 1.20713
315.00000 35.00000 65.00000 1.51654
320.00000 35.00000 65.00000 1.88421
325.00000 35.00000 65.00000 2.22699
330.00000 35.00000 65.00000 2.49595
335.00000 35.00000 65.00000 2.57890
340.00000 35.00000 65.00000 2.46685
345.00000 35.00000 65.00000 2.17896
350.00000 35.00000 65.00000 1.73595
355.00000 35.00000 65.00000 1.33694
0.00000 40.00000 65.00000 0.77979
5.00000 40.00000 65.00000 0.65162
10.00000 40.00000 65.00000 0.53791
15.00000 40.00000 65.00000 0.45512
20.00000 40.00000 65.00000 0.40402
25.00000 40.00000 65.00000 0.37408
30.00000 40.00000 65.00000 0.36176
35.00000 40.00000 65.00000 0.36563
40.00000 40.00000 65.00000 0.37781
45.00000 40.00000 65.00000 0.39813
50.00000 40.00000 65.00000 0.43368
55.00000 40.00000 65.00000 0.48453
60.00000 40.00000 65.00000 0.54117
65.00000 40.00000 65.00000 0.59642
70.00000 40.00000 65.00000 0.65223
75.00000 40.00000 65.00000 0.68734
80.00000 40.00000 65.00000 0.68704
85.00000 40.00000 65.00000 0.70146
90.00000 40.00000 65.00000 0.74903
95.00000 40.00000 65.00000 0.79985
100.00000 40.00000 65.00000 0.84722
105.00000 40.00000 65.00000 0.89885
110.00000 40.00000 65.00000 0.97563
115.00000 40.00000 65.00000 1.05697
120.00000 40.00000 65.00000 1.17408
125.00000 40.00000 65.00000 1.36377
130.00000 40.00000 65.00000 1.63265
135.00000 40.00000 65.00000 1.95311
140.00000 40.00000 65.00000 2.25496
145.00000 40.00000 65.00000 2.51343
150.00000 40.00000 65.00000 2.68199
155.00000 40.00000 65.00000 2.62874
160.00000 40.00000 65.00000 2.40062
165.00000 40.00000 65.00000 2.12277
170.00000 40.00000 65.00000 1.75171
175.00000 40.00000 65.00000 1.37411
180.00000 40.00000 65.00000 1.07402
185.00000 40.00000 65.00000 0.82741
190.00000 40.00000 65.00000 0.62716
195.00000 40.00000 65.00000 0.49670
200.00000 40.00000 65.00000 0.42169
205.00000 40.00000 65.00000 0.37832
210.00000 40.00000 65.00000 0.35419
215.00000 40.00000 65.00000 0.33604
220.00000 40.00000 65.00000 0.32055
225.00000 40.00000 65.00000 0.31095
230.00000 40.00000 65.00000 0.30825
235.00000 40.00000 65.00000 0.31134
240.00000 40.00000 65.00000 0.31732
245.00000 40.00000 65.00000 0.32983
250.00000 40.00000 65.00000 0.36084
255.00000 40.00000 65.00000 0.40258
260.00000 40.00000 65.00000 0.43833
265.00000 40.00000 65.00000 0.48173
270.00000 40.00000 65.00000 0.54237
275.00000 40.00000 65.00000 0.60797
280.00000 40.00000 65.00000 0.66626
285.00000 40.00000 65.00000 0.71298
290.00000 40.00000 65.00000 0.74404
295.00000 40.00000 65.00000 0.76797
300.00000 40.00000 65.00000 0.78409
305.00000 40.00000 65.00000 0.81050
310.00000 40.00000 65.00000 0.88168
315.00000 40.00000 65.00000 1.01996
320.00000 40.00000 65.00000 1.19397
325.00000 40.00000 65.00000 1.35701
330.00000 40.00000 65.00000 1.47844
335.00000 40.00000 65.00000 1.48790
340.00000 40.00000 65.00000 1.43007
345.00000 40.00000 65.00000 1.33973
350.00000 40.00000 65.00000 1.13229
355.00000 40.00000 65.00000 0.92753
0.00000 45.00000 65.00000 0.53635
5.00000 45.00000 65.00000 0.48400
10.00000 45.00000 65.00000 0.43695
15.00000 45.00000 65.00000 0.40068
20.00000 45.00000 65.00000 0.38425
25.00000 45.00000 65.00000 0.38829
30.00000 45.00000 65.00000 0.41418
35.00000 45.00000 65.00000 0.46758
40.00000 45.00000 65.00000 0.53465
45.00000 45.00000 65.00000 0.61476
50.00000 45.00000 65.00000 0.69460
55.00000 45.00000 65.00000 0.74259
60.00000 45.00000 65.00000 0.78493
65.00000 45.00000 65.00000 0.83520
70.00000 45.00000 65.00000 0.87753
75.00000 45.00000 65.00000 0.88146
80.00000 45.00000 65.00000 0.84922
85.00000 45.00000 65.00000 0.83028
90.00000 45.00000 65.00000 0.84150
95.00000 45.00000 65.00000 0.86275
100.00000 45.00000 65.00000 0.87252
105.00000 45.00000 65.00000 0.87371
110.00000 45.00000 65.00000 0.93356
115.00000 45.00000 65.00000 0.96391
120.00000 45.00000 65.00000 1.00012
125.00000 45.00000 65.00000 1.09141
130.00000 45.00000 65.00000 1.21872
135.00000 45.00000 65.00000 1.35366
140.00000 45.00000 65.00000 1.45045
145.00000 45.00000 65.00000 1.49795
150.00000 45.00000 65.00000 1.49050
155.00000 45.00000 65.00000 1.39964
160.00000 45.00000 65.00000 1.28954
165.00000 45.00000 65.00000 1.19921
170.00000 45.00000 65.00000 1.04483
175.00000 45.00000 65.00000 0.85595
180.00000 45.00000 65.00000 0.70448
185.00000 45.00000 65.00000 0.57822
190.00000 45.00000 65.00000 0.47386
195.00000 45.00000 65.00000 0.41518
200.00000 45.00000 65.00000 0.38608
205.00000 45.00000 65.00000 0.37631
210.00000 45.00000 65.00000 0.38886
215.00000 45.00000 65.00000 0.40237
220.00000 45.00000 65.00000 0.40922
225.00000 45.00000 65.00000 0.41373
230.00000 45.00000 65.00000 0.41313
235.00000 45.00000 65.00000 0.40722
240.00000 45.00000 65.00000 0.40260
245.00000 45.00000 65.00000 0.40974
250.00000 45.00000 65.00000 0.43435
255.00000 45.00000 65.00000 0.46762
260.00000 45.00000 65.00000 0.49695
265.00000 45.00000 65.00000 0.52906
270.00000 45.00000 65.00000 0.57235
275.00000 45.00000 65.00000 0.61703
280.00000 45.00000 65.00000 0.65742
285.00000 45.00000 65.00000 0.67076
290.00000 45.00000 65.00000 0.65425
295.00000 45.00000 65.00000 0.65406
300.00000 45.00000 65.00000 0.63916
305.00000 45.00000 65.00000 0.61965
310.00000 45.00000 65.00000 0.61407
315.00000 45.00000 65.00000 0.63219
320.00000 45.00000 65.00000 0.66666
325.00000 45.00000 65.00000 0.70073
330.00000 45.00000 65.00000 0.72460
335.00000 45.00000 65.00000 0.71690
340.00000 45.00000 65.00000 0.70940
345.00000 45.00000 65.00000 0.71703
350.00000 45.00000 65.00000 0.65920
355.00000 45.00000 65.00000 0.58914
0.00000 50.00000 65.00000 0.37713
5.00000 50.00000 65.00000 0.37223
10.00000 50.00000 65.00000 0.37186
15.00000 50.00000 65.00000 0.37614
20.00000 50.00000 65.00000 0.39583
25.00000 50.00000 65.00000 0.44159
30.00000 50.00000 65.00000 0.52782
35.00000 50.00000 65.00000 0.66722
40.00000 50.00000 65.00000 0.85134
45.00000 50.00000 65.00000 1.05591
50.00000 50.00000 65.00000 1.17466
55.00000 50.00000 65.00000 1.18326
60.00000 50.00000 65.00000 1.23086
65.00000 50.00000 65.00000 1.22404
70.00000 50.00000 65.00000 1.14550
75.00000 50.00000 65.00000 1.04007
80.00000 50.00000 65.00000 0.92917
85.00000 50.00000 65.00000 0.84247
90.00000 50.00000 65.00000 0.79878
95.00000 50.00000 65.00000 0.79001
100.00000 50.00000 65.00000 0.79076
105.00000 50.00000 65.00000 0.78830
110.00000 50.00000 65.00000 0.81778
115.00000 50.00000 65.00000 0.79193
120.00000 50.00000 65.00000 0.76179
125.00000 50.00000 65.00000 0.77354
130.00000 50.00000 65.00000 0.79540
135.00000 50.00000 65.00000 0.81007
140.00000 50.00000 65.00000 0.79428
145.00000 50.00000 65.00000 0.74247
150.00000 50.00000 65.00000 0.68827
155.00000 50.00000 65.00000 0.64533
160.00000 50.00000 65.00000 0.61004
165.00000 50.00000 65.00000 0.57443
170.00000 50.00000 65.00000 0.52777
175.00000 50.00000 65.00000 0.47457
180.00000 50.00000 65.00000 0.43207
185.00000 50.00000 65.00000 0.39533
190.00000 50.00000 65.00000 0.36769
195.00000 50.00000 65.00000 0.36297
200.00000 50.00000 65.00000 0.37021
205.00000 50.00000 65.00000 0.39370
210.00000 50.00000 65.00000 0.45153
215.00000 50.00000 65.00000 0.52518
220.00000 50.00000 65.00000 0.59518
225.00000 50.00000 65.00000 0.65081
230.00000 50.00000 65.00000 0.65825
235.00000 50.00000 65.00000 0.63593
240.00000 50.00000 65.00000 0.61893
245.00000 50.00000 65.00000 0.59125
250.00000 50.00000 65.00000 0.55465
255.00000 50.00000 65.00000 0.53214
260.00000 50.00000 65.00000 0.52371
265.00000 50.00000 65.00000 0.52214
270.00000 50.00000 65.00000 0.53117
275.00000 50.00000 65.00000 0.54807
280.00000 50.00000 65.00000 0.57104
285.00000 50.00000 65.00000 0.57298
290.00000 50.00000 65.00000 0.54609
295.00000 50.00000 65.00000 0.53330
300.00000 50.00000 65.00000 0.50511
305.00000 50.00000 65.00000 0.47291
310.00000 50.00000 65.00000 0.44740
315.00000 50.00000 65.00000 0.42842
320.00000 50.00000 65.00000 0.41251
325.00000 50.00000 65.00000 0.39870
330.00000 50.00000 65.00000 0.39086
335.00000 50.00000 65.00000 0.38895
340.00000 50.00000 65.00000 0.39316
345.00000 50.00000 65.00000 0.39887
350.00000 50.00000 65.00000 0.39117
355.00000 50.00000 65.00000 0.38241
0.00000 55.00000 65.00000 0.30851
5.00000 55.00000 65.00000 0.32253
10.00000 55.00000 65.00000 0.34684
15.00000 55.00000 65.00000 0.38549
20.00000 55.00000 65.00000 0.44694
25.00000 55.00000 65.00000 0.55679
30.00000 55.00000 65.00000 0.75076
35.00000 55.00000 65.00000 1.03428
40.00000 55.00000 65.00000 1.38741
45.00000 55.00000 65.00000 1.72769
50.00000 55.00000 65.00000 1.86611
55.00000 55.00000 65.00000 1.89901
60.00000 55.00000 65.00000 1.91484
65.00000 55.00000 65.00000 1.73749
70.00000 55.00000 65.00000 1.47811
75.00000 55.00000 65.00000 1.22692
80.00000 55.00000 65.00000 0.99465
85.00000 55.00000 65.00000 0.80728
90.00000 55.00000 65.00000 0.69449
95.00000 55.00000 65.00000 0.64463
100.00000 55.00000 65.00000 0.62954
105.00000 55.00000 65.00000 0.62201
110.00000 55.00000 65.00000 0.60806
115.00000 55.00000 65.00000 0.56452
120.00000 55.00000 65.00000 0.52270
125.00000 55.00000 65.00000 0.50126
130.00000 55.00000 65.00000 0.48351
135.00000 55.00000 65.00000 0.46508
140.00000 55.00000 65.00000 0.43699
145.00000 55.00000 65.00000 0.40049
150.00000 55.00000 65.00000 0.37662
155.00000 55.00000 65.00000 0.36117
160.00000 55.00000 65.00000 0.34587
165.00000 55.00000 65.00000 0.33319
170.00000 55.00000 65.00000 0.32473
175.00000 55.00000 65.00000 0.31865
180.00000 55.00000 65.00000 0.31511
185.00000 55.00000 65.00000 0.31430
190.00000 55.00000 65.00000 0.32035
195.00000 55.00000 65.00000 0.34051
200.00000 55.00000 65.00000 0.37755
205.00000 55.00000 65.00000 0.44671
210.00000 55.00000 65.00000 0.57315
215.00000 55.00000 65.00000 0.74638
220.00000 55.00000 65.00000 0.92489
225.00000 55.00000 65.00000 1.06899
230.00000 55.00000 65.00000 1.11897
235.00000 55.00000 65.00000 1.10836
240.00000 55.00000 65.00000 1.05621
245.00000 55.00000 65.00000 0.92316
250.00000 55.00000 65.00000 0.76088
255.00000 55.00000 65.00000 0.63635
260.00000 55.00000 65.00000 0.55713
265.00000 55.00000 65.00000 0.50236
270.00000 55.00000 65.00000 0.46858
275.00000 55.00000 65.00000 0.45525
280.00000 55.00000 65.00000 0.45365
285.00000 55.00000 65.00000 0.44746
290.00000 55.00000 65.00000 0.42919
295.00000 55.00000 65.00000 0.40957
300.00000 55.00000 65.00000 0.38613
305.00000 55.00000 65.00000 0.36453
310.00000 55.00000 65.00000 0.34588
315.00000 55.00000 65.00000 0.32980
320.00000 55.00000 65.00000 0.31358
325.00000 55.00000 65.00000 0.29948
330.00000 55.00000 65.00000 0.29279
335.00000 55.00000 65.00000 0.29154
340.00000 55.00000 65.00000 0.29221
345.00000 55.00000 65.00000 0.29366
350.00000 55.00000 65.00000 0.29593
355.00000 55.00000 65.00000 0.30039
0.00000 60.00000 65.00000 0.29614
5.00000 60.00000 65.00000 0.32031
10.00000 60.00000 65.00000 0.36395
15.00000 60.00000 65.00000 0.43546
20.00000 60.00000 65.00000 0.55044
25.00000 60.00000 65.00000 0.75548
30.00000 60.00000 65.00000 1.10926
35.00000 60.00000 65.00000 1.60245
40.00000 60.00000 65.00000 2.16172
45.00000 60.00000 65.00000 2.58005
50.00000 60.00000 65.00000 2.66044
55.00000 60.00000 65.00000 2.75625
60.00000 60.00000 65.00000 2.65732
65.00000 60.00000 65.00000 2.24530
70.00000 60.00000 65.00000 1.78707
75.00000 60.00000 65.00000 1.37176
80.00000 60.00000 65.00000 1.01684
85.00000 60.00000 65.00000 0.74926
90.00000 60.00000 65.00000 0.59098
95.00000 60.00000 65.00000 0.51340
100.00000 60.00000 65.00000 0.47430
105.00000 60.00000 65.00000 0.44745
110.00000 60.00000 65.00000 0.42092
115.00000 60.00000 65.00000 0.39314
120.00000 60.00000 65.00000 0.37047
125.00000 60.00000 65.00000 0.35365
130.00000 60.00000 65.00000 0.33744
135.00000 60.00000 65.00000 0.32389
140.00000 60.00000 65.00000 0.31188
145.00000 60.00000 65.00000 0.30004
150.00000 60.00000 65.00000 0.29245
155.00000 60.00000 65.00000 0.28703
160.00000 60.00000 65.00000 0.28252
165.00000 60.00000 65.00000 0.27939
170.00000 60.00000 65.00000 0.27801
175.00000 60.00000 65.00000 0.27822
180.00000 60.00000 65.00000 0.28096
185.00000 60.00000 65.00000 0.28855
190.00000 60.00000 65.00000 0.30617
195.00000 60.00000 65.00000 0.34416
200.00000 60.00000 65.00000 0.41784
205.00000 60.00000 65.00000 0.55487
210.00000 60.00000 65.00000 0.78949
215.00000 60.00000 65.00000 1.10924
220.00000 60.00000 65.00000 1.44392
225.00000 60.00000 65.00000 1.72597
230.00000 60.00000 65.00000 1.88843
235.00000 60.00000 65.00000 1.88596
240.00000 60.00000 65.00000 1.70485
245.00000 60.00000 65.00000 1.38493
250.00000 60.00000 65.00000 1.04059
255.00000 60.00000 65.00000 0.77136
260.00000 60.00000 65.00000 0.59731
265.00000 60.00000 65.00000 0.48610
270.00000 60.00000 65.00000 0.41787
275.00000 60.00000 65.00000 0.38232
280.00000 60.00000 65.00000 0.36384
285.00000 60.00000 65.00000 0.34883
290.00000 60.00000 65.00000 0.33409
295.00000 60.00000 65.00000 0.32199
300.00000 60.00000 65.00000 0.31295
305.00000 60.00000 65.00000 0.30472
310.00000 60.00000 65.00000 0.29554
315.00000 60.00000 65.00000 0.28743
320.00000 60.00000 65.00000 0.28083
325.00000 60.00000 65.00000 0.27522
330.00000 60.00000 65.00000 0.27223
335.00000 60.00000 65.00000 0.27213
340.00000 60.00000 65.00000 0.27389
345.00000 60.00000 65.00000 0.27631
350.00000 60.00000 65.00000 0.27918
355.00000 60.00000 65.00000 0.28432
0.00000 65.00000 65.00000 0.33560
5.00000 65.00000 65.00000 0.38557
10.00000 65.00000 65.00000 0.46343
15.00000 65.00000 65.00000 0.58179
20.00000 65.00000 65.00000 0.76592
25.00000 65.00000 65.00000 1.07628
30.00000 65.00000 65.00000 1.58108
35.00000 65.00000 65.00000 2.25322
40.00000 65.00000 65.00000 2.97306
45.00000 65.00000 65.00000 3.40456
50.00000 65.00000 65.00000 3.32802
55.00000 65.00000 65.00000 3.35911
60.00000 65.00000 65.00000 3.11421
65.00000 65.00000 65.00000 2.51899
70.00000 65.00000 65.00000 1.91811
75.00000 65.00000 65.00000 1.39268
80.00000 65.00000 65.00000 0.97812
85.00000 65.00000 65.00000 0.69089
90.00000 65.00000 65.00000 0.52620
95.00000 65.00000 65.00000 0.44147
100.00000 65.00000 65.00000 0.38987
105.00000 65.00000 65.00000 0.35299
110.00000 65.00000 65.00000 0.32754
115.00000 65.00000 65.00000 0.31113
120.00000 65.00000 65.00000 0.30095
125.00000 65.00000 65.00000 0.29346
130.00000 65.00000 65.00000 0.28698
135.00000 65.00000 65.00000 0.28261
140.00000 65.00000 65.00000 0.28033
145.00000 65.00000 65.00000 0.27786
150.00000 65.00000 65.00000 0.27619
155.00000 65.00000 65.00000 0.27658
160.00000 65.00000 65.00000 0.27767
165.00000 65.00000 65.00000 0.27812
170.00000 65.00000 65.00000 0.27858
175.00000 65.00000 65.00000 0.28139
180.00000 65.00000 65.00000 0.28918
185.00000 65.00000 65.00000 0.30484
190.00000 65.00000 65.00000 0.33546
195.00000 65.00000 65.00000 0.40035
200.00000 65.00000 65.00000 0.53012
205.00000 65.00000 65.00000 0.76178
210.00000 65.00000 65.00000 1.12977
215.00000 65.00000 65.00000 1.61044
220.00000 65.00000 65.00000 2.11026
225.00000 65.00000 65.00000 2.53514
230.00000 65.00000 65.00000 2.77556
235.00000 65.00000 65.00000 2.70100
240.00000 65.00000 65.00000 2.32374
245.00000 65.00000 65.00000 1.80351
250.00000 65.00000 65.00000 1.29088
255.00000 65.00000 65.00000 0.88901
260.00000 65.00000 65.00000 0.63022
265.00000 65.00000 65.00000 0.47725
270.00000 65.00000 65.00000 0.39155
275.00000 65.00000 65.00000 0.34641
280.00000 65.00000 65.00000 0.32067
285.00000 65.00000 65.00000 0.30263
290.00000 65.00000 65.00000 0.29058
295.00000 65.00000 65.00000 0.28429
300.00000 65.00000 65.00000 0.28160
305.00000 65.00000 65.00000 0.27973
310.00000 65.00000 65.00000 0.27721
315.00000 65.00000 65.00000 0.27528
320.00000 65.00000 65.00000 0.27413
325.00000 65.00000 65.00000 0.27250
330.00000 65.00000 65.00000 0.27204
335.00000 65.00000 65.00000 0.27501
340.00000 65.00000 65.00000 0.28065
345.00000 65.00000 65.00000 0.28699
350.00000 65.00000 65.00000 0.29420
355.00000 65.00000 65.00000 0.30752
0.00000 70.00000 65.00000 0.44782
5.00000 70.00000 65.00000 0.54937
10.00000 70.00000 65.00000 0.68200
15.00000 70.00000 65.00000 0.86492
20.00000 70.00000 65.00000 1.13106
25.00000 70.00000 65.00000 1.52713
30.00000 70.00000 65.00000 2.08788
35.00000 70.00000 65.00000 2.76480
40.00000 70.00000 65.00000 3.44473
45.00000 70.00000 65.00000 3.85040
50.00000 70.00000 65.00000 3.80675
55.00000 70.00000 65.00000 3.57844
60.00000 70.00000 65.00000 3.03890
65.00000 70.00000 65.00000 2.37429
70.00000 70.00000 65.00000 1.77899
75.00000 70.00000 65.00000 1.27181
80.00000 70.00000 65.00000 0.89256
85.00000 70.00000 65.00000 0.64415
90.00000 70.00000 65.00000 0.49952
95.00000 70.00000 65.00000 0.41549
100.00000 70.00000 65.00000 0.35723
105.00000 70.00000 65.00000 0.31636
110.00000 70.00000 65.00000 0.29342
115.00000 70.00000 65.00000 0.28258
120.00000 70.00000 65.00000 0.27764
125.00000 70.00000 65.00000 0.27513
130.00000 70.00000 65.00000 0.27397
135.00000 70.00000 65.00000 0.27463
140.00000 70.00000 65.00000 0.27628
145.00000 70.00000 65.00000 0.27738
150.00000 70.00000 65.00000 0.28005
155.00000 70.00000 65.00000 0.28679
160.00000 70.00000 65.00000 0.29519
165.00000 70.00000 65.00000 0.30252
170.00000 70.00000 65.00000 0.31162
175.00000 70.00000 65.00000 0.32932
180.00000 70.00000 65.00000 0.36006
185.00000 70.00000 65.00000 0.40222
190.00000 70.00000 65.00000 0.46278
195.00000 70.00000 65.00000 0.57498
200.00000 70.00000 65.00000 0.78791
205.00000 70.00000 65.00000 1.13253
210.00000 70.00000 65.00000 1.61571
215.00000 70.00000 65.00000 2.19427
220.00000 70.00000 65.00000 2.77149
225.00000 70.00000 65.00000 3.21911
230.00000 70.00000 65.00000 3.36590
235.00000 70.00000 65.00000 3.10316
240.00000 70.00000 65.00000 2.55013
245.00000 70.00000 65.00000 1.93247
250.00000 70.00000 65.00000 1.37060
255.00000 70.00000 65.00000 0.92718
260.00000 70.00000 65.00000 0.63623
265.00000 70.00000 65.00000 0.47205
270.00000 70.00000 65.00000 0.38389
275.00000 70.00000 65.00000 0.33546
280.00000 70.00000 65.00000 0.30590
285.00000 70.00000 65.00000 0.28718
290.00000 70.00000 65.00000 0.27732
295.00000 70.00000 65.00000 0.27376
300.00000 70.00000 65.00000 0.27349
305.00000 70.00000 65.00000 0.27473
310.00000 70.00000 65.00000 0.27680
315.00000 70.00000 65.00000 0.27958
320.00000 70.00000 65.00000 0.28157
325.00000 70.00000 65.00000 0.28147
330.00000 70.00000 65.00000 0.28368
335.00000 70.00000 65.00000 0.29208
340.00000 70.00000 65.00000 0.30515
345.00000 70.00000 65.00000 0.32032
350.00000 70.00000 65.00000 0.34090
355.00000 70.00000 65.00000 0.37893
0.00000 75.00000 65.00000 0.62609
5.00000 75.00000 65.00000 0.78129
10.00000 75.00000 65.00000 0.95618
15.00000 75.00000 65.00000 1.18230
20.00000 75.00000 65.00000 1.50179
25.00000 75.00000 65.00000 1.91906
30.00000 75.00000 65.00000 2.39443
35.00000 75.00000 65.00000 2.87322
40.00000 75.00000 65.00000 3.28729
45.00000 75.00000 65.00000 3.39935
50.00000 75.00000 65.00000 3.25853
55.00000 75.00000 65.00000 2.98346
60.00000 75.00000 65.00000 2.42760
65.00000 75.00000 65.00000 1.88407
70.00000 75.00000 65.00000 1.43981
75.00000 75.00000 65.00000 1.06800
80.00000 75.00000 65.00000 0.79474
85.00000 75.00000 65.00000 0.61953
90.00000 75.00000 65.00000 0.50614
95.00000 75.00000 65.00000 0.42272
100.00000 75.00000 65.00000 0.35607
105.00000 75.00000 65.00000 0.31000
110.00000 75.00000 65.00000 0.28656
115.00000 75.00000 65.00000 0.27730
120.00000 75.00000 65.00000 0.27424
125.00000 75.00000 65.00000 0.27430
130.00000 75.00000 65.00000 0.27673
135.00000 75.00000 65.00000 0.28161
140.00000 75.00000 65.00000 0.28664
145.00000 75.00000 65.00000 0.29040
150.00000 75.00000 65.00000 0.29841
155.00000 75.00000 65.00000 0.31578
160.00000 75.00000 65.00000 0.33876
165.00000 75.00000 65.00000 0.36358
170.00000 75.00000 65.00000 0.39816
175.00000 75.00000 65.00000 0.45882
180.00000 75.00000 65.00000 0.54916
185.00000 75.00000 65.00000 0.65242
190.00000 75.00000 65.00000 0.76706
195.00000 75.00000 65.00000 0.94214
200.00000 75.00000 65.00000 1.23973
205.00000 75.00000 65.00000 1.66593
210.00000 75.00000 65.00000 2.17717
215.00000 75.00000 65.00000 2.71940
220.00000 75.00000 65.00000 3.21194
225.00000 75.00000 65.00000 3.48148
230.00000 75.00000 65.00000 3.36275
235.00000 75.00000 65.00000 2.88052
240.00000 75.00000 65.00000 2.26199
245.00000 75.00000 65.00000 1.70218
250.00000 75.00000 65.00000 1.23546
255.00000 75.00000 65.00000 0.86251
260.00000 75.00000 65.00000 0.60918
265.00000 75.00000 65.00000 0.46747
270.00000 75.00000 65.00000 0.39063
275.00000 75.00000 65.00000 0.34208
280.00000 75.00000 65.00000 0.30899
285.00000 75.00000 65.00000 0.28897
290.00000 75.00000 65.00000 0.28011
295.00000 75.00000 65.00000 0.27821
300.00000 75.00000 65.00000 0.28040
305.00000 75.00000 65.00000 0.28646
310.00000 75.00000 65.00000 0.29678
315.00000 75.00000 65.00000 0.30890
320.00000 75.00000 65.00000 0.31646
325.00000 75.00000 65.00000 0.31716
330.00000 75.00000 65.00000 0.32189
335.00000 75.00000 65.00000 0.33746
340.00000 75.00000 65.00000 0.35976
345.00000 75.00000 65.00000 0.38660
350.00000 75.00000 65.00000 0.42799
355.00000 75.00000 65.00000 0.50385
0.00000 80.00000 65.00000 0.79694
5.00000 80.00000 65.00000 0.94626
10.00000 80.00000 65.00000 1.08997
15.00000 80.00000 65.00000 1.27438
20.00000 80.00000 65.00000 1.55041
25.00000 80.00000 65.00000 1.88670
30.00000 80.00000 65.00000 2.18797
35.00000 80.00000 65.00000 2.41511
40.00000 80.00000 65.00000 2.57972
45.00000 80.00000 65.00000 2.53240
50.00000 80.00000 65.00000 2.30740
55.00000 80.00000 65.00000 2.02030
60.00000 80.00000 65.00000 1.62382
65.00000 80.00000 65.00000 1.29515
70.00000 80.00000 65.00000 1.05161
75.00000 80.00000 65.00000 0.85234
80.00000 80.00000 65.00000 0.70724
85.00000 80.00000 65.00000 0.61557
90.00000 80.00000 65.00000 0.54054
95.00000 80.00000 65.00000 0.45957
100.00000 80.00000 65.00000 0.38230
105.00000 80.00000 65.00000 0.32735
110.00000 80.00000 65.00000 0.29950
115.00000 80.00000 65.00000 0.28887
120.00000 80.00000 65.00000 0.28635
125.00000 80.00000 65.00000 0.28932
130.00000 80.00000 65.00000 0.29819
135.00000 80.00000 65.00000 0.31218
140.00000 80.00000 65.00000 0.32453
145.00000 80.00000 65.00000 0.33224
150.00000 80.00000 65.00000 0.34777
155.00000 80.00000 65.00000 0.38157
160.00000 80.00000 65.00000 0.42631
165.00000 80.00000 65.00000 0.47538
170.00000 80.00000 65.00000 0.54558
175.00000 80.00000 65.00000 0.66573
180.00000 80.00000 65.00000 0.83526
185.00000 80.00000 65.00000 1.01433
190.00000 80.00000 65.00000 1.18656
195.00000 80.00000 65.00000 1.40459
200.00000 80.00000 65.00000 1.72521
205.00000 80.00000 65.00000 2.12327
210.00000 80.00000 65.00000 2.52199
215.00000 80.00000 65.00000 2.88541
220.00000 80.00000 65.00000 3.13493
225.00000 80.00000 65.00000 3.07454
230.00000 80.00000 65.00000 2.73360
235.00000 80.00000 65.00000 2.20808
240.00000 80.00000 65.00000 1.67362
245.00000 80.00000 65.00000 1.26947
250.00000 80.00000 65.00000 0.96692
255.00000 80.00000 65.00000 0.72499
260.00000 80.00000 65.00000 0.55507
265.00000 80.00000 65.00000 0.46093
270.00000 80.00000 65.00000 0.40815
275.00000 80.00000 65.00000 0.36567
280.00000 80.00000 65.00000 0.33088
285.00000 80.00000 65.00000 0.31057
290.00000 80.00000 65.00000 0.30469
295.00000 80.00000 65.00000 0.30799
300.00000 80.00000 65.00000 0.31862
305.00000 80.00000 65.00000 0.34026
310.00000 80.00000 65.00000 0.37576
315.00000 80.00000 65.00000 0.41660
320.00000 80.00000 65.00000 0.44055
325.00000 80.00000 65.00000 0.44206
330.00000 80.00000 65.00000 0.44627
335.00000 80.00000 65.00000 0.46374
340.00000 80.00000 65.00000 0.48553
345.00000 80.00000 65.00000 0.51154
350.00000 80.00000 65.00000 0.56138
355.00000 80.00000 65.00000 0.65740
0.00000 85.00000 65.00000 0.90337
5.00000 85.00000 65.00000 0.96135
10.00000 85.00000 65.00000 0.99519
15.00000 85.00000 65.00000 1.06175
20.00000 85.00000 65.00000 1.20714
25.00000 85.00000 65.00000 1.39388
30.00000 85.00000 65.00000 1.52882
35.00000 85.00000 65.00000 1.59144
40.00000 85.00000 65.00000 1.62815
45.00000 85.00000 65.00000 1.58633
50.00000 85.00000 65.00000 1.41223
55.00000 85.00000 65.00000 1.17050
60.00000 85.00000 65.00000 0.94842
65.00000 85.00000 65.00000 0.80544
70.00000 85.00000 65.00000 0.72026
75.00000 85.00000 65.00000 0.65993
80.00000 85.00000 65.00000 0.62437
85.00000 85.00000 65.00000 0.61160
90.00000 85.00000 65.00000 0.58390
95.00000 85.00000 65.00000 0.51701
100.00000 85.00000 65.00000 0.43628
105.00000 85.00000 65.00000 0.37676
110.00000 85.00000 65.00000 0.34796
115.00000 85.00000 65.00000 0.33970
120.00000 85.00000 65.00000 0.34220
125.00000 85.00000 65.00000 0.35436
130.00000 85.00000 65.00000 0.38126
135.00000 85.00000 65.00000 0.42095
140.00000 85.00000 65.00000 0.45263
145.00000 85.00000 65.00000 0.46566
150.00000 85.00000 65.00000 0.48615
155.00000 85.00000 65.00000 0.53449
160.00000 85.00000 65.00000 0.59434
165.00000 85.00000 65.00000 0.64874
170.00000 85.00000 65.00000 0.72259
175.00000 85.00000 65.00000 0.85626
180.00000 85.00000 65.00000 1.04517
185.00000 85.00000 65.00000 1.23764
190.00000 85.00000 65.00000 1.40952
195.00000 85.00000 65.00000 1.60546
200.00000 85.00000 65.00000 1.85813
205.00000 85.00000 65.00000 2.11837
210.00000 85.00000 65.00000 2.31303
215.00000 85.00000 65.00000 2.44684
220.00000 85.00000 65.00000 2.44531
225.00000 85.00000 65.00000 2.14943
230.00000 85.00000 65.00000 1.79777
235.00000 85.00000 65.00000 1.43153
240.00000 85.00000 65.00000 1.07740
245.00000 85.00000 65.00000 0.84070
250.00000 85.00000 65.00000 0.68669
255.00000 85.00000 65.00000 0.56897
260.00000 85.00000 65.00000 0.48706
265.00000 85.00000 65.00000 0.44799
270.00000 85.00000 65.00000 0.42979
275.00000 85.00000 65.00000 0.40508
280.00000 85.00000 65.00000 0.37745
285.00000 85.00000 65.00000 0.36628
290.00000 85.00000 65.00000 0.37728
295.00000 85.00000 65.00000 0.40481
300.00000 85.00000 65.00000 0.44812
305.00000 85.00000 65.00000 0.51786
310.00000 85.00000 65.00000 0.62273
315.00000 85.00000 65.00000 0.73768
320.00000 85.00000 65.00000 0.80111
325.00000 85.00000 65.00000 0.80452
330.00000 85.00000 65.00000 0.79795
335.00000 85.00000 65.00000 0.79346
340.00000 85.00000 65.00000 0.77473
345.00000 85.00000 65.00000 0.75287
350.00000 85.00000 65.00000 0.76347
355.00000 85.00000 65.00000 0.82244
0.00000 90.00000 65.00000 0.95849
5.00000 90.00000 65.00000 0.88719
10.00000 90.00000 65.00000 0.80091
15.00000 90.00000 65.00000 0.75798
20.00000 90.00000 65.00000 0.78364
25.00000 90.00000 65.00000 0.84181
30.00000 90.00000 65.00000 0.87182
35.00000 90.00000 65.00000 0.86581
40.00000 90.00000 65.00000 0.85452
45.00000 90.00000 65.00000 0.81815
50.00000 90.00000 65.00000 0.72634
55.00000 90.00000 65.00000 0.61342
60.00000 90.00000 65.00000 0.53111
65.00000 90.00000 65.00000 0.49427
70.00000 90.00000 65.00000 0.49027
75.00000 90.00000 65.00000 0.50498
80.00000 90.00000 65.00000 0.53687
85.00000 90.00000 65.00000 0.58245
90.00000 90.00000 65.00000 0.60487
95.00000 90.00000 65.00000 0.57156
100.00000 90.00000 65.00000 0.51119
105.00000 90.00000 65.00000 0.47187
110.00000 90.00000 65.00000 0.46804
115.00000 90.00000 65.00000 0.48836
120.00000 90.00000 65.00000 0.52139
125.00000 90.00000 65.00000 0.56966
130.00000 90.00000 65.00000 0.64882
135.00000 90.00000 65.00000 0.75254
140.00000 90.00000 65.00000 0.82470
145.00000 90.00000 65.00000 0.83370
150.00000 90.00000 65.00000 0.83023
155.00000 90.00000 65.00000 0.86015
160.00000 90.00000 65.00000 0.89584
165.00000 90.00000 65.00000 0.90224
170.00000 90.00000 65.00000 0.90792
175.00000 90.00000 65.00000 0.96305
180.00000 90.00000 65.00000 1.06525
185.00000 90.00000 65.00000 1.16668
190.00000 90.00000 65.00000 1.25059
195.00000 90.00000 65.00000 1.35335
200.00000 90.00000 65.00000 1.48883
205.00000 90.00000 65.00000 1.59977
210.00000 90.00000 65.00000 1.62975
215.00000 90.00000 65.00000 1.61018
220.00000 90.00000 65.00000 1.52333
225.00000 90.00000 65.00000 1.29065
230.00000 90.00000 65.00000 1.04795
235.00000 90.00000 65.00000 0.82718
240.00000 90.00000 65.00000 0.64069
245.00000 90.00000 65.00000 0.53149
250.00000 90.00000 65.00000 0.47368
255.00000 90.00000 65.00000 0.43679
260.00000 90.00000 65.00000 0.41768
265.00000 90.00000 65.00000 0.42382
270.00000 90.00000 65.00000 0.44361
275.00000 90.00000 65.00000 0.45156
280.00000 90.00000 65.00000 0.45042
285.00000 90.00000 65.00000 0.47180
290.00000 90.00000 65.00000 0.53397
295.00000 90.00000 65.00000 0.63318
300.00000 90.00000 65.00000 0.76554
305.00000 90.00000 65.00000 0.94563
310.00000 90.00000 65.00000 1.18691
315.00000 90.00000 65.00000 1.42757
320.00000 90.00000 65.00000 1.54496
325.00000 90.00000 65.00000 1.53193
330.00000 90.00000 65.00000 1.47785
335.00000 90.00000 65.00000 1.39645
340.00000 90.00000 65.00000 1.26772
345.00000 90.00000 65.00000 1.12544
350.00000 90.00000 65.00000 1.02986
355.00000 90.00000 65.00000 0.99157
0.00000 0.00000 70.00000 0.38546
5.00000 0.00000 70.00000 0.38361
10.00000 0.00000 70.00000 0.38832
15.00000 0.00000 70.00000 0.39978
20.00000 0.00000 70.00000 0.40177
25.00000 0.00000 70.00000 0.38220
30.00000 0.00000 70.00000 0.35700
35.00000 0.00000 70.00000 0.35101
40.00000 0.00000 70.00000 0.37178
45.00000 0.00000 70.00000 0.40854
50.00000 0.00000 70.00000 0.44692
55.00000 0.00000 70.00000 0.49143
60.00000 0.00000 70.00000 0.54557
65.00000 0.00000 70.00000 0.57547
70.00000 0.00000 70.00000 0.54641
75.00000 0.00000 70.00000 0.47081
80.00000 0.00000 70.00000 0.41292
85.00000 0.00000 70.00000 0.39105
90.00000 0.00000 70.00000 0.38546
95.00000 0.00000 70.00000 0.38361
100.00000 0.00000 70.00000 0.38832
105.00000 0.00000 70.00000 0.39978
110.00000 0.00000 70.00000 0.40177
115.00000 0.00000 70.00000 0.38220
120.00000 0.00000 70.00000 0.35700
125.00000 0.00000 70.00000 0.35101
130.00000 0.00000 70.00000 0.37178
135.00000 0.00000 70.00000 0.40854
140.00000 0.00000 70.00000 0.44692
145.00000 0.00000 70.00000 0.49143
150.00000 0.00000 70.00000 0.54557
155.00000 0.00000 70.00000 0.57547
160.00000 0.00000 70.00000 0.54641
165.00000 0.00000 70.00000 0.47081
170.00000 0.00000 70.00000 0.41292
175.00000 0.00000 70.00000 0.39105
180.00000 0.00000 70.00000 0.38546
185.00000 0.00000 70.00000 0.38361
190.00000 0.00000 70.00000 0.38832
195.00000 0.00000 70.00000 0.39978
200.00000 0.00000 70.00000 0.40177
205.00000 0.00000 70.00000 0.38220
210.00000 0.00000 70.00000 0.35700
215.00000 0.00000 70.00000 0.35101
220.00000 0.00000 70.00000 0.37178
225.00000 0.00000 70.00000 0.40854
230.00000 0.00000 70.00000 0.44692
235.00000 0.00000 70.00000 0.49143
240.00000 0.00000 70.00000 0.54557
245.00000 0.00000 70.00000 0.57547
250.00000 0.00000 70.00000 0.54641
255.00000 0.00000 70.00000 0.47081
260.00000 0.00000 70.00000 0.41292
265.00000 0.00000 70.00000 0.39105
270.00000 0.00000 70.00000 0.38546
275.00000 0.00000 70.00000 0.38361
280.00000 0.00000 70.00000 0.38832
285.00000 0.00000 70.00000 0.39978
290.00000 0.00000 70.00000 0.40177
295.00000 0.00000 70.00000 0.38220
300.00000 0.00000 70.00000 0.35700
305.00000 0.00000 70.00000 0.35101
310.00000 0.00000 70.00000 0.37178
315.00000 0.00000 70.00000 0.40854
320.00000 0.00000 70.00000 0.44692
325.00000 0.00000 70.00000 0.49143
330.00000 0.00000 70.00000 0.54557
335.00000 0.00000 70.00000 0.57547
340.00000 0.00000 70.00000 0.54641
345.00000 0.00000 70.00000 0.47081
350.00000 0.00000 70.00000 0.41292
355.00000 0.00000 70.00000 0.39105
0.00000 5.00000 70.00000 0.49680
5.00000 5.00000 70.00000 0.50612
10.00000 5.00000 70.00000 0.51776
15.00000 5.00000 70.00000 0.52973
20.00000 5.00000 70.00000 0.52113
25.00000 5.00000 70.00000 0.48039
30.00000 5.00000 70.00000 0.43222
35.00000 5.00000 70.00000 0.40885
40.00000 5.00000 70.00000 0.41672
45.00000 5.00000 70.00000 0.44123
50.00000 5.00000 70.00000 0.46861
55.00000 5.00000 70.00000 0.50507
60.00000 5.00000 70.00000 0.55618
65.00000 5.00000 70.00000 0.58377
70.00000 5.00000 70.00000 0.54425
75.00000 5.00000 70.00000 0.46775
80.00000 5.00000 70.00000 0.41436
85.00000 5.00000 70.00000 0.39315
90.00000 5.00000 70.00000 0.38497
95.00000 5.00000 70.00000 0.37854
100.00000 5.00000 70.00000 0.37654
105.00000 5.00000 70.00000 0.38072
110.00000 5.00000 70.00000 0.38056
115.00000 5.00000 70.00000 0.36730
120.00000 5.00000 70.00000 0.35101
125.00000 5.00000 70.00000 0.35000
130.00000 5.00000 70.00000 0.37162
135.00000 5.00000 70.00000 0.40930
140.00000 5.00000 70.00000 0.45278
145.00000 5.00000 70.00000 0.50417
150.00000 5.00000 70.00000 0.55240
155.00000 5.00000 70.00000 0.56940
160.00000 5.00000 70.00000 0.55734
165.00000 5.00000 70.00000 0.49211
170.00000 5.00000 70.00000 0.42763
175.00000 5.00000 70.00000 0.39723
180.00000 5.00000 70.00000 0.38471
185.00000 5.00000 70.00000 0.37800
190.00000 5.00000 70.00000 0.37964
195.00000 5.00000 70.00000 0.39057
200.00000 5.00000 70.00000 0.39541
205.00000 5.00000 70.00000 0.37931
210.00000 5.00000 70.00000 0.35344
215.00000 5.00000 70.00000 0.34151
220.00000 5.00000 70.00000 0.35304
225.00000 5.00000 70.00000 0.38064
230.00000 5.00000 70.00000 0.41269
235.00000 5.00000 70.00000 0.44995
240.00000 5.00000 70.00000 0.48742
245.00000 5.00000 70.00000 0.50484
250.00000 5.00000 70.00000 0.49151
255.00000 5.00000 70.00000 0.43606
260.00000 5.00000 70.00000 0.38880
265.00000 5.00000 70.00000 0.37205
270.00000 5.00000 70.00000 0.37159
275.00000 5.00000 70.00000 0.37896
280.00000 5.00000 70.00000 0.39855
285.00000 5.00000 70.00000 0.42997
290.00000 5.00000 70.00000 0.45177
295.00000 5.00000 70.00000 0.44355
300.00000 5.00000 70.00000 0.42110
305.00000 5.00000 70.00000 0.41790
310.00000 5.00000 70.00000 0.44605
315.00000 5.00000 70.00000 0.49203
320.00000 5.00000 70.00000 0.53853
325.00000 5.00000 70.00000 0.59185
330.00000 5.00000 70.00000 0.65547
335.00000 5.00000 70.00000 0.68826
340.00000 5.00000 70.00000 0.65235
345.00000 5.00000 70.00000 0.56705
350.00000 5.00000 70.00000 0.50634
355.00000 5.00000 70.00000 0.49069
0.00000 10.00000 70.00000 0.66846
5.00000 10.00000 70.00000 0.67111
10.00000 10.00000 70.00000 0.67183
15.00000 10.00000 70.00000 0.67116
20.00000 10.00000 70.00000 0.64797
25.00000 10.00000 70.00000 0.58751
30.00000 10.00000 70.00000 0.51420
35.00000 10.00000 70.00000 0.46502
40.00000 10.00000 70.00000 0.44878
45.00000 10.00000 70.00000 0.45184
50.00000 10.00000 70.00000 0.46289
55.00000 10.00000 70.00000 0.48623
60.00000 10.00000 70.00000 0.52309
65.00000 10.00000 70.00000 0.54057
70.00000 10.00000 70.00000 0.50484
75.00000 10.00000 70.00000 0.44489
80.00000 10.00000 70.00000 0.40523
85.00000 10.00000 70.00000 0.38848
90.00000 10.00000 70.00000 0.37953
95.00000 10.00000 70.00000 0.37223
100.00000 10.00000 70.00000 0.37268
105.00000 10.00000 70.00000 0.38473
110.00000 10.00000 70.00000 0.39839
115.00000 10.00000 70.00000 0.40137
120.00000 10.00000 70.00000 0.39970
125.00000 10.00000 70.00000 0.41224
130.00000 10.00000 70.00000 0.44769
135.00000 10.00000 70.00000 0.49987
140.00000 10.00000 70.00000 0.56157
145.00000 10.00000 70.00000 0.63969
150.00000 10.00000 70.00000 0.72308
155.00000 10.00000 70.00000 0.76388
160.00000 10.00000 70.00000 0.73855
165.00000 10.00000 70.00000 0.64338
170.00000 10.00000 70.00000 0.55494
175.00000 10.00000 70.00000 0.51285
180.00000 10.00000 70.00000 0.49772
185.00000 10.00000 70.00000 0.49205
190.00000 10.00000 70.00000 0.49711
195.00000 10.00000 70.00000 0.51218
200.00000 10.00000 70.00000 0.51296
205.00000 10.00000 70.00000 0.47621
210.00000 10.00000 70.00000 0.41836
215.00000 10.00000 70.00000 0.37570
220.00000 10.00000 70.00000 0.36195
225.00000 10.00000 70.00000 0.36881
230.00000 10.00000 70.00000 0.38536
235.00000 10.00000 70.00000 0.40978
240.00000 10.00000 70.00000 0.43617
245.00000 10.00000 70.00000 0.44796
250.00000 10.00000 70.00000 0.43503
255.00000 10.00000 70.00000 0.39413
260.00000 10.00000 70.00000 0.36186
265.00000 10.00000 70.00000 0.35294
270.00000 10.00000 70.00000 0.35826
275.00000 10.00000 70.00000 0.37497
280.00000 10.00000 70.00000 0.41132
285.00000 10.00000 70.00000 0.47034
290.00000 10.00000 70.00000 0.52984
295.00000 10.00000 70.00000 0.55816
300.00000 10.00000 70.00000 0.56042
305.00000 10.00000 70.00000 0.57478
310.00000 10.00000 70.00000 0.62350
315.00000 10.00000 70.00000 0.69554
320.00000 10.00000 70.00000 0.77137
325.00000 10.00000 70.00000 0.85424
330.00000 10.00000 70.00000 0.91630
335.00000 10.00000 70.00000 0.91341
340.00000 10.00000 70.00000 0.88028
345.00000 10.00000 70.00000 0.78335
350.00000 10.00000 70.00000 0.69673
355.00000 10.00000 70.00000 0.66760
0.00000 15.00000 70.00000 0.77158
5.00000 15.00000 70.00000 0.72606
10.00000 15.00000 70.00000 0.68885
15.00000 15.00000 70.00000 0.66650
20.00000 15.00000 70.00000 0.63688
25.00000 15.00000 70.00000 0.57791
30.00000 15.00000 70.00000 0.50482
35.00000 15.00000 70.00000 0.45081
40.00000 15.00000 70.00000 0.42636
45.00000 15.00000 70.00000 0.42076
50.00000 15.00000 70.00000 0.42542
55.00000 15.00000 70.00000 0.44311
60.00000 15.00000 70.00000 0.47338
65.00000 15.00000 70.00000 0.49044
70.00000 15.00000 70.00000 0.46829
75.00000 15.00000 70.00000 0.42917
80.00000 15.00000 70.00000 0.40526
85.00000 15.00000 70.00000 0.39495
90.00000 15.00000 70.00000 0.38648
95.00000 15.00000 70.00000 0.38065
100.00000 15.00000 70.00000 0.39092
105.00000 15.00000 70.00000 0.42465
110.00000 15.00000 70.00000 0.46661
115.00000 15.00000 70.00000 0.49349
120.00000 15.00000 70.00000 0.51123
125.00000 15.00000 70.00000 0.54999
130.00000 15.00000 70.00000 0.62167
135.00000 15.00000 70.00000 0.70943
140.00000 15.00000 70.00000 0.79936
145.00000 15.00000 70.00000 0.91021
150.00000 15.00000 70.00000 1.04450
155.00000 15.00000 70.00000 1.11872
160.00000 15.00000 70.00000 1.05114
165.00000 15.00000 70.00000 0.89197
170.00000 15.00000 70.00000 0.76173
175.00000 15.00000 70.00000 0.69874
180.00000 15.00000 70.00000 0.67238
185.00000 15.00000 70.00000 0.65851
190.00000 15.00000 70.00000 0.65950
195.00000 15.00000 70.00000 0.67096
200.00000 15.00000 70.00000 0.65466
205.00000 15.00000 70.00000 0.58165
210.00000 15.00000 70.00000 0.48089
215.00000 15.00000 70.00000 0.40361
220.00000 15.00000 70.00000 0.36606
225.00000 15.00000 70.00000 0.35521
230.00000 15.00000 70.00000 0.35800
235.00000 15.00000 70.00000 0.37111
240.00000 15.00000 70.00000 0.39147
245.00000 15.00000 70.00000 0.40308
250.00000 15.00000 70.00000 0.38979
255.00000 15.00000 70.00000 0.36137
260.00000 15.00000 70.00000 0.34486
265.00000 15.00000 70.00000 0.34656
270.00000 15.00000 70.00000 0.35880
275.00000 15.00000 70.00000 0.38275
280.00000 15.00000 70.00000 0.43358
285.00000 15.00000 70.00000 0.52362
290.00000 15.00000 70.00000 0.63315
295.00000 15.00000 70.00000 0.72018
300.00000 15.00000 70.00000 0.77594
305.00000 15.00000 70.00000 0.83490
310.00000 15.00000 70.00000 0.92554
315.00000 15.00000 70.00000 1.04443
320.00000 15.00000 70.00000 1.17291
325.00000 15.00000 70.00000 1.30726
330.00000 15.00000 70.00000 1.36988
335.00000 15.00000 70.00000 1.28625
340.00000 15.00000 70.00000 1.20726
345.00000 15.00000 70.00000 1.06206
350.00000 15.00000 70.00000 0.90870
355.00000 15.00000 70.00000 0.82232
0.00000 20.00000 70.00000 0.78158
5.00000 20.00000 70.00000 0.66480
10.00000 20.00000 70.00000 0.58458
15.00000 20.00000 70.00000 0.54368
20.00000 20.00000 70.00000 0.51269
25.00000 20.00000 70.00000 0.46684
30.00000 20.00000 70.00000 0.41540
35.00000 20.00000 70.00000 0.38083
40.00000 20.00000 70.00000 0.36811
45.00000 20.00000 70.00000 0.36857
50.00000 20.00000 70.00000 0.37735
55.00000 20.00000 70.00000 0.39857
60.00000 20.00000 70.00000 0.43302
65.00000 20.00000 70.00000 0.45955
70.00000 20.00000 70.00000 0.45554
75.00000 20.00000 70.00000 0.43647
80.00000 20.00000 70.00000 0.42812
85.00000 20.00000 70.00000 0.42712
90.00000 20.00000 70.00000 0.42277
95.00000 20.00000 70.00000 0.42385
100.00000 20.00000 70.00000 0.45230
105.00000 20.00000 70.00000 0.51909
110.00000 20.00000 70.00000 0.60204
115.00000 20.00000 70.00000 0.66382
120.00000 20.00000 70.00000 0.71209
125.00000 20.00000 70.00000 0.79649
130.00000 20.00000 70.00000 0.93614
135.00000 20.00000 70.00000 1.09088
140.00000 20.00000 70.00000 1.21998
145.00000 20.00000 70.00000 1.35089
150.00000 20.00000 70.00000 1.49389
155.00000 20.00000 70.00000 1.53553
160.00000 20.00000 70.00000 1.41297
165.00000 20.00000 70.00000 1.18489
170.00000 20.00000 70.00000 0.98838
175.00000 20.00000 70.00000 0.87612
180.00000 20.00000 70.00000 0.80617
185.00000 20.00000 70.00000 0.75299
190.00000 20.00000 70.00000 0.72428
195.00000 20.00000 70.00000 0.71004
200.00000 20.00000 70.00000 0.66608
205.00000 20.00000 70.00000 0.57153
210.00000 20.00000 70.00000 0.46143
215.00000 20.00000 70.00000 0.38212
220.00000 20.00000 70.00000 0.34295
225.00000 20.00000 70.00000 0.32836
230.00000 20.00000 70.00000 0.32603
235.00000 20.00000 70.00000 0.33319
240.00000 20.00000 70.00000 0.34853
245.00000 20.00000 70.00000 0.36119
250.00000 20.00000 70.00000 0.35726
255.00000 20.00000 70.00000 0.34510
260.00000 20.00000 70.00000 0.34588
265.00000 20.00000 70.00000 0.36305
270.00000 20.00000 70.00000 0.38720
275.00000 20.00000 70.00000 0.42070
280.00000 20.00000 70.00000 0.48798
285.00000 20.00000 70.00000 0.61119
290.00000 20.00000 70.00000 0.77157
295.00000 20.00000 70.00000 0.91915
300.00000 20.00000 70.00000 1.04404
305.00000 20.00000 70.00000 1.18313
310.00000 20.00000 70.00000 1.36007
315.00000 20.00000 70.00000 1.56367
320.00000 20.00000 70.00000 1.77046
325.00000 20.00000 70.00000 1.97134
330.00000 20.00000 70.00000 2.04244
335.00000 20.00000 70.00000 1.87414
340.00000 20.00000 70.00000 1.66177
345.00000 20.00000 70.00000 1.37836
350.00000 20.00000 70.00000 1.10714
355.00000 20.00000 70.00000 0.92123
0.00000 25.00000 70.00000 0.79575
5.00000 25.00000 70.00000 0.61992
10.00000 25.00000 70.00000 0.50729
15.00000 25.00000 70.00000 0.45019
20.00000 25.00000 70.00000 0.41239
25.00000 25.00000 70.00000 0.37347
30.00000 25.00000 70.00000 0.34098
35.00000 25.00000 70.00000 0.32505
40.00000 25.00000 70.00000 0.32410
45.00000 25.00000 70.00000 0.33225
50.00000 25.00000 70.00000 0.34932
55.00000 25.00000 70.00000 0.38119
60.00000 25.00000 70.00000 0.42853
65.00000 25.00000 70.00000 0.47173
70.00000 25.00000 70.00000 0.48535
75.00000 25.00000 70.00000 0.48113
80.00000 25.00000 70.00000 0.48663
85.00000 25.00000 70.00000 0.49875
90.00000 25.00000 70.00000 0.50860
95.00000 25.00000 70.00000 0.52837
100.00000 25.00000 70.00000 0.58316
105.00000 25.00000 70.00000 0.68610
110.00000 25.00000 70.00000 0.81319
115.00000 25.00000 70.00000 0.92457
120.00000 25.00000 70.00000 1.03031
125.00000 25.00000 70.00000 1.19269
130.00000 25.00000 70.00000 1.43670
135.00000 25.00000 70.00000 1.69697
140.00000 25.00000 70.00000 1.89308
145.00000 25.00000 70.00000 2.04075
150.00000 25.00000 70.00000 2.13353
155.00000 25.00000 70.00000 2.03919
160.00000 25.00000 70.00000 1.83226
165.00000 25.00000 70.00000 1.53631
170.00000 25.00000 70.00000 1.23674
175.00000 25.00000 70.00000 1.03012
180.00000 25.00000 70.00000 0.87671
185.00000 25.00000 70.00000 0.75410
190.00000 25.00000 70.00000 0.67438
195.00000 25.00000 70.00000 0.62142
200.00000 25.00000 70.00000 0.55567
205.00000 25.00000 70.00000 0.46863
210.00000 25.00000 70.00000 0.38660
215.00000 25.00000 70.00000 0.33343
220.00000 25.00000 70.00000 0.30894
225.00000 25.00000 70.00000 0.30042
230.00000 25.00000 70.00000 0.29976
235.00000 25.00000 70.00000 0.30629
240.00000 25.00000 70.00000 0.32057
245.00000 25.00000 70.00000 0.33737
250.00000 25.00000 70.00000 0.34606
255.00000 25.00000 70.00000 0.35102
260.00000 25.00000 70.00000 0.37082
265.00000 25.00000 70.00000 0.40890
270.00000 25.00000 70.00000 0.45296
275.00000 25.00000 70.00000 0.50487
280.00000 25.00000 70.00000 0.59321
285.00000 25.00000 70.00000 0.74332
290.00000 25.00000 70.00000 0.93433
295.00000 25.00000 70.00000 1.11706
300.00000 25.00000 70.00000 1.29599
305.00000 25.00000 70.00000 1.52876
310.00000 25.00000 70.00000 1.83682
315.00000 25.00000 70.00000 2.17147
320.00000 25.00000 70.00000 2.47961
325.00000 25.00000 70.00000 2.74551
330.00000 25.00000 70.00000 2.82102
335.00000 25.00000 70.00000 2.58655
340.00000 25.00000 70.00000 2.20284
345.00000 25.00000 70.00000 1.72491
350.00000 25.00000 70.00000 1.31129
355.00000 25.00000 70.00000 1.01917
0.00000 30.00000 70.00000 0.83526
5.00000 30.00000 70.00000 0.63948
10.00000 30.00000 70.00000 0.51013
15.00000 30.00000 70.00000 0.43776
20.00000 30.00000 70.00000 0.38873
25.00000 30.00000 70.00000 0.34936
30.00000 30.00000 70.00000 0.32482
35.00000 30.00000 70.00000 0.31674
40.00000 30.00000 70.00000 0.32076
45.00000 30.00000 70.00000 0.33539
50.00000 30.00000 70.00000 0.36616
55.00000 30.00000 70.00000 0.41968
60.00000 30.00000 70.00000 0.49147
65.00000 30.00000 70.00000 0.55659
70.00000 30.00000 70.00000 0.58395
75.00000 30.00000 70.00000 0.58587
80.00000 30.00000 70.00000 0.60077
85.00000 30.00000 70.00000 0.63423
90.00000 30.00000 70.00000 0.67207
95.00000 30.00000 70.00000 0.72001
100.00000 30.00000 70.00000 0.80173
105.00000 30.00000 70.00000 0.92782
110.00000 30.00000 70.00000 1.08319
115.00000 30.00000 70.00000 1.24805
120.00000 30.00000 70.00000 1.43955
125.00000 30.00000 70.00000 1.71234
130.00000 30.00000 70.00000 2.08386
135.00000 30.00000 70.00000 2.46836
140.00000 30.00000 70.00000 2.75863
145.00000 30.00000 70.00000 2.94073
150.00000 30.00000 70.00000 2.98261
155.00000 30.00000 70.00000 2.76261
160.00000 30.00000 70.00000 2.39040
165.00000 30.00000 70.00000 1.94184
170.00000 30.00000 70.00000 1.50923
175.00000 30.00000 70.00000 1.18978
180.00000 30.00000 70.00000 0.94508
185.00000 30.00000 70.00000 0.75142
190.00000 30.00000 70.00000 0.62101
195.00000 30.00000 70.00000 0.53514
200.00000 30.00000 70.00000 0.46039
205.00000 30.00000 70.00000 0.39076
210.00000 30.00000 70.00000 0.33695
215.00000 30.00000 70.00000 0.30488
220.00000 30.00000 70.00000 0.29070
225.00000 30.00000 70.00000 0.28692
230.00000 30.00000 70.00000 0.28963
235.00000 30.00000 70.00000 0.29875
240.00000 30.00000 70.00000 0.31635
245.00000 30.00000 70.00000 0.34085
250.00000 30.00000 70.00000 0.36479
255.00000 30.00000 70.00000 0.38893
260.00000 30.00000 70.00000 0.42947
265.00000 30.00000 70.00000 0.49222
270.00000 30.00000 70.00000 0.56417
275.00000 30.00000 70.00000 0.64263
280.00000 30.00000 70.00000 0.75127
285.00000 30.00000 70.00000 0.90655
290.00000 30.00000 70.00000 1.08775
295.00000 30.00000 70.00000 1.26224
300.00000 30.00000 70.00000 1.45062
305.00000 30.00000 70.00000 1.72685
310.00000 30.00000 70.00000 2.12296
315.00000 30.00000 70.00000 2.55502
320.00000 30.00000 70.00000 2.92498
325.00000 30.00000 70.00000 3.19404
330.00000 30.00000 70.00000 3.19407
335.00000 30.00000 70.00000 2.89841
340.00000 30.00000 70.00000 2.47276
345.00000 30.00000 70.00000 1.90971
350.00000 30.00000 70.00000 1.42137
355.00000 30.00000 70.00000 1.08502
0.00000 35.00000 70.00000 0.81910
5.00000 35.00000 70.00000 0.66024
10.00000 35.00000 70.00000 0.54520
15.00000 35.00000 70.00000 0.47130
20.00000 35.00000 70.00000 0.41824
25.00000 35.00000 70.00000 0.38068
30.00000 35.00000 70.00000 0.36231
35.00000 35.00000 70.00000 0.35999
40.00000 35.00000 70.00000 0.37093
45.00000 35.00000 70.00000 0.40126
50.00000 35.00000 70.00000 0.46269
55.00000 35.00000 70.00000 0.55731
60.00000 35.00000 70.00000 0.66809
65.00000 35.00000 70.00000 0.76768
70.00000 35.00000 70.00000 0.81240
75.00000 35.00000 70.00000 0.80816
80.00000 35.00000 70.00000 0.82363
85.00000 35.00000 70.00000 0.87897
90.00000 35.00000 70.00000 0.94317
95.00000 35.00000 70.00000 1.01360
100.00000 35.00000 70.00000 1.10671
105.00000 35.00000 70.00000 1.22912
110.00000 35.00000 70.00000 1.37403
115.00000 35.00000 70.00000 1.55684
120.00000 35.00000 70.00000 1.80988
125.00000 35.00000 70.00000 2.16154
130.00000 35.00000 70.00000 2.60395
135.00000 35.00000 70.00000 3.03395
140.00000 35.00000 70.00000 3.35057
145.00000 35.00000 70.00000 3.51598
150.00000 35.00000 70.00000 3.44932
155.00000 35.00000 70.00000 3.11913
160.00000 35.00000 70.00000 2.64371
165.00000 35.00000 70.00000 2.09678
170.00000 35.00000 70.00000 1.60901
175.00000 35.00000 70.00000 1.24811
180.00000 35.00000 70.00000 0.97337
185.00000 35.00000 70.00000 0.75585
190.00000 35.00000 70.00000 0.60524
195.00000 35.00000 70.00000 0.50870
200.00000 35.00000 70.00000 0.43816
205.00000 35.00000 70.00000 0.38402
210.00000 35.00000 70.00000 0.34404
215.00000 35.00000 70.00000 0.31686
220.00000 35.00000 70.00000 0.30263
225.00000 35.00000 70.00000 0.29956
230.00000 35.00000 70.00000 0.30630
235.00000 35.00000 70.00000 0.32145
240.00000 35.00000 70.00000 0.34505
245.00000 35.00000 70.00000 0.38431
250.00000 35.00000 70.00000 0.43572
255.00000 35.00000 70.00000 0.48369
260.00000 35.00000 70.00000 0.54364
265.00000 35.00000 70.00000 0.62805
270.00000 35.00000 70.00000 0.72669
275.00000 35.00000 70.00000 0.82952
280.00000 35.00000 70.00000 0.94541
285.00000 35.00000 70.00000 1.07418
290.00000 35.00000 70.00000 1.20005
295.00000 35.00000 70.00000 1.31704
300.00000 35.00000 70.00000 1.45267
305.00000 35.00000 70.00000 1.66443
310.00000 35.00000 70.00000 1.98951
315.00000 35.00000 70.00000 2.35594
320.00000 35.00000 70.00000 2.65486
325.00000 35.00000 70.00000 2.82848
330.00000 35.00000 70.00000 2.70871
335.00000 35.00000 70.00000 2.41364
340.00000 35.00000 70.00000 2.13326
345.00000 35.00000 70.00000 1.68694
350.00000 35.00000 70.00000 1.27861
355.00000 35.00000 70.00000 1.01154
0.00000 40.00000 70.00000 0.71074
5.00000 40.00000 70.00000 0.61498
10.00000 40.00000 70.00000 0.54118
15.00000 40.00000 70.00000 0.48849
20.00000 40.00000 70.00000 0.45215
25.00000 40.00000 70.00000 0.43494
30.00000 40.00000 70.00000 0.44375
35.00000 40.00000 70.00000 0.46815
40.00000 40.00000 70.00000 0.50733
45.00000 40.00000 70.00000 0.58290
50.00000 40.00000 70.00000 0.69850
55.00000 40.00000 70.00000 0.83063
60.00000 40.00000 70.00000 0.98812
65.00000 40.00000 70.00000 1.17274
70.00000 40.00000 70.00000 1.26250
75.00000 40.00000 70.00000 1.23527
80.00000 40.00000 70.00000 1.21143
85.00000 40.00000 70.00000 1.24549
90.00000 40.00000 70.00000 1.28231
95.00000 40.00000 70.00000 1.32632
100.00000 40.00000 70.00000 1.38030
105.00000 40.00000 70.00000 1.46772
110.00000 40.00000 70.00000 1.56756
115.00000 40.00000 70.00000 1.70701
120.00000 40.00000 70.00000 1.93987
125.00000 40.00000 70.00000 2.25753
130.00000 40.00000 70.00000 2.62345
135.00000 40.00000 70.00000 2.93245
140.00000 40.00000 70.00000 3.10712
145.00000 40.00000 70.00000 3.10554
150.00000 40.00000 70.00000 2.83816
155.00000 40.00000 70.00000 2.46802
160.00000 40.00000 70.00000 2.16180
165.00000 40.00000 70.00000 1.76528
170.00000 40.00000 70.00000 1.38117
175.00000 40.00000 70.00000 1.08982
180.00000 40.00000 70.00000 0.87136
185.00000 40.00000 70.00000 0.69323
190.00000 40.00000 70.00000 0.56877
195.00000 40.00000 70.00000 0.49457
200.00000 40.00000 70.00000 0.44734
205.00000 40.00000 70.00000 0.41988
210.00000 40.00000 70.00000 0.39915
215.00000 40.00000 70.00000 0.37871
220.00000 40.00000 70.00000 0.36561
225.00000 40.00000 70.00000 0.36502
230.00000 40.00000 70.00000 0.37905
235.00000 40.00000 70.00000 0.39687
240.00000 40.00000 70.00000 0.42417
245.00000 40.00000 70.00000 0.49431
250.00000 40.00000 70.00000 0.59355
255.00000 40.00000 70.00000 0.66554
260.00000 40.00000 70.00000 0.72977
265.00000 40.00000 70.00000 0.80892
270.00000 40.00000 70.00000 0.90583
275.00000 40.00000 70.00000 1.00036
280.00000 40.00000 70.00000 1.08923
285.00000 40.00000 70.00000 1.15565
290.00000 40.00000 70.00000 1.20471
295.00000 40.00000 70.00000 1.24145
300.00000 40.00000 70.00000 1.28491
305.00000 40.00000 70.00000 1.36390
310.00000 40.00000 70.00000 1.50253
315.00000 40.00000 70.00000 1.67197
320.00000 40.00000 70.00000 1.80634
325.00000 40.00000 70.00000 1.85519
330.00000 40.00000 70.00000 1.70467
335.00000 40.00000 70.00000 1.50459
340.00000 40.00000 70.00000 1.40967
345.00000 40.00000 70.00000 1.18228
350.00000 40.00000 70.00000 0.95353
355.00000 40.00000 70.00000 0.81614
0.00000 45.00000 70.00000 0.54946
5.00000 45.00000 70.00000 0.50663
10.00000 45.00000 70.00000 0.47814
15.00000 45.00000 70.00000 0.46121
20.00000 45.00000 70.00000 0.46503
25.00000 45.00000 70.00000 0.49929
30.00000 45.00000 70.00000 0.58442
35.00000 45.00000 70.00000 0.69027
40.00000 45.00000 70.00000 0.81396
45.00000 45.00000 70.00000 0.99067
50.00000 45.00000 70.00000 1.13521
55.00000 45.00000 70.00000 1.23100
60.00000 45.00000 70.00000 1.41335
65.00000 45.00000 70.00000 1.63890
70.00000 45.00000 70.00000 1.70349
75.00000 45.00000 70.00000 1.62445
80.00000 45.00000 70.00000 1.53215
85.00000 45.00000 70.00000 1.49081
90.00000 45.00000 70.00000 1.44656
95.00000 45.00000 70.00000 1.41567
100.00000 45.00000 70.00000 1.37523
105.00000 45.00000 70.00000 1.41487
110.00000 45.00000 70.00000 1.48205
115.00000 45.00000 70.00000 1.55671
120.00000 45.00000 70.00000 1.71873
125.00000 45.00000 70.00000 1.92695
130.00000 45.00000 70.00000 2.13067
135.00000 45.00000 70.00000 2.24310
140.00000 45.00000 70.00000 2.19313
145.00000 45.00000 70.00000 1.96924
150.00000 45.00000 70.00000 1.66122
155.00000 45.00000 70.00000 1.45776
160.00000 45.00000 70.00000 1.34617
165.00000 45.00000 70.00000 1.14824
170.00000 45.00000 70.00000 0.93862
175.00000 45.00000 70.00000 0.77502
180.00000 45.00000 70.00000 0.65469
185.00000 45.00000 70.00000 0.54780
190.00000 45.00000 70.00000 0.47841
195.00000 45.00000 70.00000 0.44857
200.00000 45.00000 70.00000 0.44021
205.00000 45.00000 70.00000 0.46439
210.00000 45.00000 70.00000 0.49590
215.00000 45.00000 70.00000 0.51647
220.00000 45.00000 70.00000 0.53350
225.00000 45.00000 70.00000 0.55141
230.00000 45.00000 70.00000 0.56977
235.00000 45.00000 70.00000 0.57295
240.00000 45.00000 70.00000 0.59869
245.00000 45.00000 70.00000 0.67915
250.00000 45.00000 70.00000 0.77694
255.00000 45.00000 70.00000 0.83787
260.00000 45.00000 70.00000 0.87635
265.00000 45.00000 70.00000 0.91322
270.00000 45.00000 70.00000 0.96269
275.00000 45.00000 70.00000 1.00389
280.00000 45.00000 70.00000 1.03019
285.00000 45.00000 70.00000 1.01290
290.00000 45.00000 70.00000 1.01075
295.00000 45.00000 70.00000 1.01041
300.00000 45.00000 70.00000 0.99524
305.00000 45.00000 70.00000 0.98506
310.00000 45.00000 70.00000 0.98420
315.00000 45.00000 70.00000 1.00029
320.00000 45.00000 70.00000 1.00593
325.00000 45.00000 70.00000 0.96862
330.00000 45.00000 70.00000 0.86734
335.00000 45.00000 70.00000 0.79434
340.00000 45.00000 70.00000 0.78907
345.00000 45.00000 70.00000 0.71265
350.00000 45.00000 70.00000 0.63208
355.00000 45.00000 70.00000 0.59260
0.00000 50.00000 70.00000 0.41014
5.00000 50.00000 70.00000 0.41780
10.00000 50.00000 70.00000 0.43469
15.00000 50.00000 70.00000 0.46067
20.00000 50.00000 70.00000 0.51207
25.00000 50.00000 70.00000 0.61385
30.00000 50.00000 70.00000 0.79437
35.00000 50.00000 70.00000 1.02276
40.00000 50.00000 70.00000 1.29606
45.00000 50.00000 70.00000 1.59157
50.00000 50.00000 70.00000 1.70910
55.00000 50.00000 70.00000 1.82368
60.00000 50.00000 70.00000 2.02921
65.00000 50.00000 70.00000 2.08594
70.00000 50.00000 70.00000 1.97848
75.00000 50.00000 70.00000 1.79779
80.00000 50.00000 70.00000 1.61033
85.00000 50.00000 70.00000 1.46733
90.00000 50.00000 70.00000 1.36262
95.00000 50.00000 70.00000 1.29849
100.00000 50.00000 70.00000 1.24113
105.00000 50.00000 70.00000 1.23861
110.00000 50.00000 70.00000 1.24067
115.00000 50.00000 70.00000 1.23342
120.00000 50.00000 70.00000 1.29230
125.00000 50.00000 70.00000 1.36845
130.00000 50.00000 70.00000 1.41714
135.00000 50.00000 70.00000 1.38897
140.00000 50.00000 70.00000 1.22668
145.00000 50.00000 70.00000 0.98181
150.00000 50.00000 70.00000 0.81282
155.00000 50.00000 70.00000 0.73236
160.00000 50.00000 70.00000 0.66470
165.00000 50.00000 70.00000 0.58534
170.00000 50.00000 70.00000 0.51894
175.00000 50.00000 70.00000 0.47281
180.00000 50.00000 70.00000 0.44197
185.00000 50.00000 70.00000 0.41459
190.00000 50.00000 70.00000 0.40582
195.00000 50.00000 70.00000 0.41782
200.00000 50.00000 70.00000 0.44776
205.00000 50.00000 70.00000 0.52268
210.00000 50.00000 70.00000 0.62512
215.00000 50.00000 70.00000 0.72694
220.00000 50.00000 70.00000 0.82157
225.00000 50.00000 70.00000 0.89168
230.00000 50.00000 70.00000 0.91832
235.00000 50.00000 70.00000 0.92961
240.00000 50.00000 70.00000 0.95852
245.00000 50.00000 70.00000 0.96362
250.00000 50.00000 70.00000 0.95596
255.00000 50.00000 70.00000 0.94199
260.00000 50.00000 70.00000 0.91686
265.00000 50.00000 70.00000 0.89047
270.00000 50.00000 70.00000 0.88098
275.00000 50.00000 70.00000 0.87954
280.00000 50.00000 70.00000 0.86668
285.00000 50.00000 70.00000 0.81465
290.00000 50.00000 70.00000 0.77891
295.00000 50.00000 70.00000 0.75249
300.00000 50.00000 70.00000 0.71519
305.00000 50.00000 70.00000 0.67551
310.00000 50.00000 70.00000 0.63017
315.00000 50.00000 70.00000 0.59207
320.00000 50.00000 70.00000 0.54993
325.00000 50.00000 70.00000 0.49601
330.00000 50.00000 70.00000 0.44902
335.00000 50.00000 70.00000 0.43165
340.00000 50.00000 70.00000 0.42657
345.00000 50.00000 70.00000 0.40896
350.00000 50.00000 70.00000 0.40008
355.00000 50.00000 70.00000 0.40579
0.00000 55.00000 70.00000 0.33639
5.00000 55.00000 70.00000 0.37019
10.00000 55.00000 70.00000 0.42013
15.00000 55.00000 70.00000 0.48621
20.00000 55.00000 70.00000 0.58759
25.00000 55.00000 70.00000 0.77157
30.00000 55.00000 70.00000 1.06528
35.00000 55.00000 70.00000 1.44404
40.00000 55.00000 70.00000 1.88276
45.00000 55.00000 70.00000 2.28266
50.00000 55.00000 70.00000 2.48643
55.00000 55.00000 70.00000 2.67584
60.00000 55.00000 70.00000 2.73540
65.00000 55.00000 70.00000 2.53272
70.00000 55.00000 70.00000 2.22481
75.00000 55.00000 70.00000 1.88938
80.00000 55.00000 70.00000 1.55641
85.00000 55.00000 70.00000 1.29110
90.00000 55.00000 70.00000 1.11990
95.00000 55.00000 70.00000 1.02676
100.00000 55.00000 70.00000 0.97232
105.00000 55.00000 70.00000 0.92515
110.00000 55.00000 70.00000 0.86340
115.00000 55.00000 70.00000 0.80747
120.00000 55.00000 70.00000 0.78702
125.00000 55.00000 70.00000 0.77245
130.00000 55.00000 70.00000 0.74244
135.00000 55.00000 70.00000 0.68614
140.00000 55.00000 70.00000 0.58713
145.00000 55.00000 70.00000 0.48738
150.00000 55.00000 70.00000 0.43259
155.00000 55.00000 70.00000 0.39406
160.00000 55.00000 70.00000 0.36061
165.00000 55.00000 70.00000 0.33881
170.00000 55.00000 70.00000 0.32856
175.00000 55.00000 70.00000 0.32663
180.00000 55.00000 70.00000 0.33133
185.00000 55.00000 70.00000 0.34308
190.00000 55.00000 70.00000 0.36819
195.00000 55.00000 70.00000 0.40986
200.00000 55.00000 70.00000 0.47805
205.00000 55.00000 70.00000 0.60556
210.00000 55.00000 70.00000 0.80076
215.00000 55.00000 70.00000 1.03006
220.00000 55.00000 70.00000 1.25489
225.00000 55.00000 70.00000 1.43321
230.00000 55.00000 70.00000 1.53866
235.00000 55.00000 70.00000 1.59045
240.00000 55.00000 70.00000 1.54889
245.00000 55.00000 70.00000 1.38598
250.00000 55.00000 70.00000 1.19622
255.00000 55.00000 70.00000 1.04515
260.00000 55.00000 70.00000 0.91746
265.00000 55.00000 70.00000 0.81008
270.00000 55.00000 70.00000 0.73925
275.00000 55.00000 70.00000 0.69876
280.00000 55.00000 70.00000 0.66289
285.00000 55.00000 70.00000 0.61061
290.00000 55.00000 70.00000 0.55735
295.00000 55.00000 70.00000 0.51491
300.00000 55.00000 70.00000 0.48039
305.00000 55.00000 70.00000 0.44653
310.00000 55.00000 70.00000 0.41022
315.00000 55.00000 70.00000 0.37775
320.00000 55.00000 70.00000 0.34739
325.00000 55.00000 70.00000 0.32203
330.00000 55.00000 70.00000 0.30727
335.00000 55.00000 70.00000 0.30020
340.00000 55.00000 70.00000 0.29641
345.00000 55.00000 70.00000 0.29591
350.00000 55.00000 70.00000 0.30169
355.00000 55.00000 70.00000 0.31499
0.00000 60.00000 70.00000 0.31857
5.00000 60.00000 70.00000 0.36534
10.00000 60.00000 70.00000 0.43719
15.00000 60.00000 70.00000 0.53559
20.00000 60.00000 70.00000 0.69016
25.00000 60.00000 70.00000 0.97142
30.00000 60.00000 70.00000 1.41236
35.00000 60.00000 70.00000 1.96657
40.00000 60.00000 70.00000 2.55195
45.00000 60.00000 70.00000 2.96535
50.00000 60.00000 70.00000 3.20899
55.00000 60.00000 70.00000 3.41404
60.00000 60.00000 70.00000 3.24020
65.00000 60.00000 70.00000 2.80228
70.00000 60.00000 70.00000 2.31478
75.00000 60.00000 70.00000 1.84246
80.00000 60.00000 70.00000 1.41157
85.00000 60.00000 70.00000 1.08178
90.00000 60.00000 70.00000 0.87535
95.00000 60.00000 70.00000 0.75604
100.00000 60.00000 70.00000 0.67644
105.00000 60.00000 70.00000 0.60696
110.00000 60.00000 70.00000 0.54261
115.00000 60.00000 70.00000 0.49485
120.00000 60.00000 70.00000 0.46713
125.00000 60.00000 70.00000 0.44262
130.00000 60.00000 70.00000 0.41376
135.00000 60.00000 70.00000 0.38421
140.00000 60.00000 70.00000 0.35242
145.00000 60.00000 70.00000 0.32540
150.00000 60.00000 70.00000 0.30738
155.00000 60.00000 70.00000 0.29286
160.00000 60.00000 70.00000 0.28267
165.00000 60.00000 70.00000 0.27802
170.00000 60.00000 70.00000 0.27779
175.00000 60.00000 70.00000 0.28178
180.00000 60.00000 70.00000 0.29207
185.00000 60.00000 70.00000 0.31367
190.00000 60.00000 70.00000 0.35468
195.00000 60.00000 70.00000 0.42431
200.00000 60.00000 70.00000 0.54263
205.00000 60.00000 70.00000 0.75435
210.00000 60.00000 70.00000 1.08719
215.00000 60.00000 70.00000 1.49758
220.00000 60.00000 70.00000 1.90573
225.00000 60.00000 70.00000 2.25076
230.00000 60.00000 70.00000 2.47215
235.00000 60.00000 70.00000 2.49446
240.00000 60.00000 70.00000 2.27132
245.00000 60.00000 70.00000 1.86873
250.00000 60.00000 70.00000 1.44983
255.00000 60.00000 70.00000 1.12906
260.00000 60.00000 70.00000 0.89712
265.00000 60.00000 70.00000 0.72517
270.00000 60.00000 70.00000 0.61263
275.00000 60.00000 70.00000 0.54446
280.00000 60.00000 70.00000 0.49047
285.00000 60.00000 70.00000 0.43746
290.00000 60.00000 70.00000 0.39306
295.00000 60.00000 70.00000 0.36456
300.00000 60.00000 70.00000 0.34791
305.00000 60.00000 70.00000 0.33213
310.00000 60.00000 70.00000 0.31427
315.00000 60.00000 70.00000 0.29920
320.00000 60.00000 70.00000 0.28745
325.00000 60.00000 70.00000 0.27873
330.00000 60.00000 70.00000 0.27380
335.00000 60.00000 70.00000 0.27187
340.00000 60.00000 70.00000 0.27206
345.00000 60.00000 70.00000 0.27418
350.00000 60.00000 70.00000 0.27967
355.00000 60.00000 70.00000 0.29239
0.00000 65.00000 70.00000 0.35936
5.00000 65.00000 70.00000 0.43123
10.00000 65.00000 70.00000 0.52908
15.00000 65.00000 70.00000 0.65802
20.00000 65.00000 70.00000 0.85915
25.00000 65.00000 70.00000 1.21361
30.00000 65.00000 70.00000 1.75254
35.00000 65.00000 70.00000 2.40867
40.00000 65.00000 70.00000 3.05711
45.00000 65.00000 70.00000 3.38346
50.00000 65.00000 70.00000 3.49438
55.00000 65.00000 70.00000 3.64901
60.00000 65.00000 70.00000 3.32632
65.00000 65.00000 70.00000 2.74854
70.00000 65.00000 70.00000 2.16649
75.00000 65.00000 70.00000 1.64875
80.00000 65.00000 70.00000 1.22115
85.00000 65.00000 70.00000 0.91149
90.00000 65.00000 70.00000 0.72069
95.00000 65.00000 70.00000 0.59997
100.00000 65.00000 70.00000 0.50761
105.00000 65.00000 70.00000 0.43447
110.00000 65.00000 70.00000 0.38309
115.00000 65.00000 70.00000 0.35256
120.00000 65.00000 70.00000 0.33635
125.00000 65.00000 70.00000 0.32384
130.00000 65.00000 70.00000 0.31117
135.00000 65.00000 70.00000 0.30097
140.00000 65.00000 70.00000 0.29303
145.00000 65.00000 70.00000 0.28537
150.00000 65.00000 70.00000 0.27949
155.00000 65.00000 70.00000 0.27561
160.00000 65.00000 70.00000 0.27330
165.00000 65.00000 70.00000 0.27267
170.00000 65.00000 70.00000 0.27461
175.00000 65.00000 70.00000 0.28177
180.00000 65.00000 70.00000 0.29826
185.00000 65.00000 70.00000 0.33018
190.00000 65.00000 70.00000 0.38918
195.00000 65.00000 70.00000 0.49406
200.00000 65.00000 70.00000 0.67525
205.00000 65.00000 70.00000 0.98512
210.00000 65.00000 70.00000 1.45950
215.00000 65.00000 70.00000 2.04442
220.00000 65.00000 70.00000 2.63094
225.00000 65.00000 70.00000 3.12139
230.00000 65.00000 70.00000 3.37867
235.00000 65.00000 70.00000 3.26238
240.00000 65.00000 70.00000 2.81167
245.00000 65.00000 70.00000 2.19625
250.00000 65.00000 70.00000 1.59946
255.00000 65.00000 70.00000 1.15122
260.00000 65.00000 70.00000 0.85230
265.00000 65.00000 70.00000 0.65479
270.00000 65.00000 70.00000 0.53265
275.00000 65.00000 70.00000 0.45735
280.00000 65.00000 70.00000 0.39898
285.00000 65.00000 70.00000 0.35060
290.00000 65.00000 70.00000 0.31867
295.00000 65.00000 70.00000 0.30314
300.00000 65.00000 70.00000 0.29694
305.00000 65.00000 70.00000 0.29184
310.00000 65.00000 70.00000 0.28534
315.00000 65.00000 70.00000 0.28015
320.00000 65.00000 70.00000 0.27639
325.00000 65.00000 70.00000 0.27297
330.00000 65.00000 70.00000 0.27136
335.00000 65.00000 70.00000 0.27252
340.00000 65.00000 70.00000 0.27576
345.00000 65.00000 70.00000 0.28090
350.00000 65.00000 70.00000 0.29096
355.00000 65.00000 70.00000 0.31403
0.00000 70.00000 70.00000 0.45776
5.00000 70.00000 70.00000 0.57001
10.00000 70.00000 70.00000 0.69974
15.00000 70.00000 70.00000 0.86197
20.00000 70.00000 70.00000 1.10324
25.00000 70.00000 70.00000 1.48156
30.00000 70.00000 70.00000 1.99952
35.00000 70.00000 70.00000 2.59186
40.00000 70.00000 70.00000 3.17157
45.00000 70.00000 70.00000 3.51107
50.00000 70.00000 70.00000 3.58460
55.00000 70.00000 70.00000 3.44362
60.00000 70.00000 70.00000 2.94235
65.00000 70.00000 70.00000 2.36093
70.00000 70.00000 70.00000 1.82842
75.00000 70.00000 70.00000 1.37611
80.00000 70.00000 70.00000 1.02975
85.00000 70.00000 70.00000 0.79059
90.00000 70.00000 70.00000 0.63841
95.00000 70.00000 70.00000 0.52778
100.00000 70.00000 70.00000 0.43288
105.00000 70.00000 70.00000 0.36222
110.00000 70.00000 70.00000 0.32130
115.00000 70.00000 70.00000 0.30180
120.00000 70.00000 70.00000 0.29361
125.00000 70.00000 70.00000 0.28917
130.00000 70.00000 70.00000 0.28585
135.00000 70.00000 70.00000 0.28431
140.00000 70.00000 70.00000 0.28316
145.00000 70.00000 70.00000 0.28111
150.00000 70.00000 70.00000 0.28052
155.00000 70.00000 70.00000 0.28241
160.00000 70.00000 70.00000 0.28534
165.00000 70.00000 70.00000 0.28977
170.00000 70.00000 70.00000 0.30011
175.00000 70.00000 70.00000 0.32369
180.00000 70.00000 70.00000 0.36503
185.00000 70.00000 70.00000 0.42492
190.00000 70.00000 70.00000 0.51445
195.00000 70.00000 70.00000 0.66497
200.00000 70.00000 70.00000 0.91370
205.00000 70.00000 70.00000 1.30249
210.00000 70.00000 70.00000 1.85256
215.00000 70.00000 70.00000 2.50849
220.00000 70.00000 70.00000 3.15913
225.00000 70.00000 70.00000 3.65142
230.00000 70.00000 70.00000 3.78047
235.00000 70.00000 70.00000 3.45417
240.00000 70.00000 70.00000 2.84428
245.00000 70.00000 70.00000 2.16937
250.00000 70.00000 70.00000 1.55396
255.00000 70.00000 70.00000 1.08686
260.00000 70.00000 70.00000 0.78256
265.00000 70.00000 70.00000 0.59698
270.00000 70.00000 70.00000 0.48661
275.00000 70.00000 70.00000 0.41506
280.00000 70.00000 70.00000 0.35887
285.00000 70.00000 70.00000 0.31715
290.00000 70.00000 70.00000 0.29381
295.00000 70.00000 70.00000 0.28470
300.00000 70.00000 70.00000 0.28255
305.00000 70.00000 70.00000 0.28199
310.00000 70.00000 70.00000 0.28137
315.00000 70.00000 70.00000 0.28148
320.00000 70.00000 70.00000 0.28096
325.00000 70.00000 70.00000 0.27906
330.00000 70.00000 70.00000 0.27919
335.00000 70.00000 70.00000 0.28330
340.00000 70.00000 70.00000 0.29059
345.00000 70.00000 70.00000 0.30189
350.00000 70.00000 70.00000 0.32457
355.00000 70.00000 70.00000 0.37309
0.00000 75.00000 70.00000 0.56912
5.00000 75.00000 70.00000 0.70977
10.00000 75.00000 70.00000 0.85217
15.00000 75.00000 70.00000 1.02865
20.00000 75.00000 70.00000 1.28425
25.00000 75.00000 70.00000 1.62612
30.00000 75.00000 70.00000 2.01388
35.00000 75.00000 70.00000 2.41494
40.00000 75.00000 70.00000 2.78879
45.00000 75.00000 70.00000 2.96715
50.00000 75.00000 70.00000 2.97627
55.00000 75.00000 70.00000 2.72386
60.00000 75.00000 70.00000 2.23512
65.00000 75.00000 70.00000 1.79165
70.00000 75.00000 70.00000 1.42139
75.00000 75.00000 70.00000 1.11021
80.00000 75.00000 70.00000 0.87914
85.00000 75.00000 70.00000 0.72418
90.00000 75.00000 70.00000 0.61341
95.00000 75.00000 70.00000 0.51149
100.00000 75.00000 70.00000 0.41378
105.00000 75.00000 70.00000 0.34241
110.00000 75.00000 70.00000 0.30519
115.00000 75.00000 70.00000 0.28997
120.00000 75.00000 70.00000 0.28499
125.00000 75.00000 70.00000 0.28459
130.00000 75.00000 70.00000 0.28674
135.00000 75.00000 70.00000 0.29012
140.00000 75.00000 70.00000 0.29130
145.00000 75.00000 70.00000 0.29007
150.00000 75.00000 70.00000 0.29236
155.00000 75.00000 70.00000 0.30092
160.00000 75.00000 70.00000 0.31274
165.00000 75.00000 70.00000 0.32913
170.00000 75.00000 70.00000 0.36085
175.00000 75.00000 70.00000 0.42405
180.00000 75.00000 70.00000 0.52031
185.00000 75.00000 70.00000 0.63218
190.00000 75.00000 70.00000 0.76180
195.00000 75.00000 70.00000 0.95096
200.00000 75.00000 70.00000 1.23788
205.00000 75.00000 70.00000 1.63835
210.00000 75.00000 70.00000 2.14212
215.00000 75.00000 70.00000 2.70540
220.00000 75.00000 70.00000 3.23522
225.00000 75.00000 70.00000 3.51908
230.00000 75.00000 70.00000 3.40502
235.00000 75.00000 70.00000 2.94291
240.00000 75.00000 70.00000 2.34574
245.00000 75.00000 70.00000 1.79455
250.00000 75.00000 70.00000 1.32147
255.00000 75.00000 70.00000 0.94995
260.00000 75.00000 70.00000 0.70172
265.00000 75.00000 70.00000 0.55645
270.00000 75.00000 70.00000 0.46972
275.00000 75.00000 70.00000 0.40581
280.00000 75.00000 70.00000 0.35213
285.00000 75.00000 70.00000 0.31385
290.00000 75.00000 70.00000 0.29433
295.00000 75.00000 70.00000 0.28757
300.00000 75.00000 70.00000 0.28688
305.00000 75.00000 70.00000 0.28935
310.00000 75.00000 70.00000 0.29439
315.00000 75.00000 70.00000 0.30028
320.00000 75.00000 70.00000 0.30182
325.00000 75.00000 70.00000 0.29871
330.00000 75.00000 70.00000 0.29889
335.00000 75.00000 70.00000 0.30536
340.00000 75.00000 70.00000 0.31600
345.00000 75.00000 70.00000 0.33325
350.00000 75.00000 70.00000 0.37019
355.00000 75.00000 70.00000 0.44686
0.00000 80.00000 70.00000 0.62075
5.00000 80.00000 70.00000 0.73891
10.00000 80.00000 70.00000 0.84113
15.00000 80.00000 70.00000 0.97451
20.00000 80.00000 70.00000 1.17840
25.00000 80.00000 70.00000 1.42499
30.00000 80.00000 70.00000 1.65302
35.00000 80.00000 70.00000 1.86298
40.00000 80.00000 70.00000 2.06898
45.00000 80.00000 70.00000 2.13676
50.00000 80.00000 70.00000 2.04888
55.00000 80.00000 70.00000 1.80085
60.00000 80.00000 70.00000 1.46863
65.00000 80.00000 70.00000 1.22024
70.00000 80.00000 70.00000 1.03823
75.00000 80.00000 70.00000 0.88595
80.00000 80.00000 70.00000 0.77560
85.00000 80.00000 70.00000 0.70478
90.00000 80.00000 70.00000 0.63694
95.00000 80.00000 70.00000 0.54313
100.00000 80.00000 70.00000 0.43836
105.00000 80.00000 70.00000 0.35910
110.00000 80.00000 70.00000 0.31788
115.00000 80.00000 70.00000 0.30142
120.00000 80.00000 70.00000 0.29672
125.00000 80.00000 70.00000 0.29898
130.00000 80.00000 70.00000 0.30685
135.00000 80.00000 70.00000 0.31615
140.00000 80.00000 70.00000 0.31820
145.00000 80.00000 70.00000 0.31403
150.00000 80.00000 70.00000 0.31689
155.00000 80.00000 70.00000 0.33275
160.00000 80.00000 70.00000 0.35566
165.00000 80.00000 70.00000 0.38597
170.00000 80.00000 70.00000 0.44221
175.00000 80.00000 70.00000 0.54986
180.00000 80.00000 70.00000 0.70522
185.00000 80.00000 70.00000 0.86715
190.00000 80.00000 70.00000 1.01946
195.00000 80.00000 70.00000 1.20201
200.00000 80.00000 70.00000 1.45097
205.00000 80.00000 70.00000 1.76094
210.00000 80.00000 70.00000 2.10330
215.00000 80.00000 70.00000 2.45512
220.00000 80.00000 70.00000 2.72975
225.00000 80.00000 70.00000 2.71167
230.00000 80.00000 70.00000 2.45605
235.00000 80.00000 70.00000 2.05288
240.00000 80.00000 70.00000 1.61541
245.00000 80.00000 70.00000 1.27185
250.00000 80.00000 70.00000 0.99984
255.00000 80.00000 70.00000 0.77781
260.00000 80.00000 70.00000 0.62157
265.00000 80.00000 70.00000 0.53319
270.00000 80.00000 70.00000 0.47901
275.00000 80.00000 70.00000 0.42753
280.00000 80.00000 70.00000 0.37606
285.00000 80.00000 70.00000 0.33872
290.00000 80.00000 70.00000 0.32092
295.00000 80.00000 70.00000 0.31609
300.00000 80.00000 70.00000 0.31812
305.00000 80.00000 70.00000 0.32726
310.00000 80.00000 70.00000 0.34487
315.00000 80.00000 70.00000 0.36367
320.00000 80.00000 70.00000 0.36799
325.00000 80.00000 70.00000 0.35946
330.00000 80.00000 70.00000 0.35625
335.00000 80.00000 70.00000 0.36172
340.00000 80.00000 70.00000 0.36964
345.00000 80.00000 70.00000 0.38308
350.00000 80.00000 70.00000 0.42064
355.00000 80.00000 70.00000 0.50156
0.00000 85.00000 70.00000 0.62200
5.00000 85.00000 70.00000 0.66624
10.00000 85.00000 70.00000 0.68764
15.00000 85.00000 70.00000 0.73441
20.00000 85.00000 70.00000 0.83851
25.00000 85.00000 70.00000 0.97018
30.00000 85.00000 70.00000 1.07666
35.00000 85.00000 70.00000 1.16519
40.00000 85.00000 70.00000 1.26973
45.00000 85.00000 70.00000 1.31671
50.00000 85.00000 70.00000 1.22390
55.00000 85.00000 70.00000 1.03489
60.00000 85.00000 70.00000 0.86374
65.00000 85.00000 70.00000 0.77014
70.00000 85.00000 70.00000 0.72570
75.00000 85.00000 70.00000 0.69903
80.00000 85.00000 70.00000 0.69122
85.00000 85.00000 70.00000 0.69943
90.00000 85.00000 70.00000 0.68194
95.00000 85.00000 70.00000 0.60609
100.00000 85.00000 70.00000 0.49952
105.00000 85.00000 70.00000 0.41375
110.00000 85.00000 70.00000 0.36824
115.00000 85.00000 70.00000 0.35093
120.00000 85.00000 70.00000 0.34749
125.00000 85.00000 70.00000 0.35459
130.00000 85.00000 70.00000 0.37377
135.00000 85.00000 70.00000 0.39583
140.00000 85.00000 70.00000 0.40023
145.00000 85.00000 70.00000 0.38669
150.00000 85.00000 70.00000 0.38271
155.00000 85.00000 70.00000 0.40046
160.00000 85.00000 70.00000 0.42780
165.00000 85.00000 70.00000 0.45828
170.00000 85.00000 70.00000 0.51250
175.00000 85.00000 70.00000 0.61998
180.00000 85.00000 70.00000 0.77369
185.00000 85.00000 70.00000 0.92405
190.00000 85.00000 70.00000 1.04514
195.00000 85.00000 70.00000 1.16754
200.00000 85.00000 70.00000 1.31836
205.00000 85.00000 70.00000 1.48684
210.00000 85.00000 70.00000 1.64555
215.00000 85.00000 70.00000 1.79249
220.00000 85.00000 70.00000 1.85101
225.00000 85.00000 70.00000 1.68281
230.00000 85.00000 70.00000 1.47282
235.00000 85.00000 70.00000 1.23101
240.00000 85.00000 70.00000 0.98173
245.00000 85.00000 70.00000 0.81573
250.00000 85.00000 70.00000 0.70352
255.00000 85.00000 70.00000 0.61194
260.00000 85.00000 70.00000 0.54612
265.00000 85.00000 70.00000 0.51637
270.00000 85.00000 70.00000 0.50180
275.00000 85.00000 70.00000 0.47252
280.00000 85.00000 70.00000 0.43092
285.00000 85.00000 70.00000 0.40138
290.00000 85.00000 70.00000 0.39460
295.00000 85.00000 70.00000 0.40334
300.00000 85.00000 70.00000 0.42152
305.00000 85.00000 70.00000 0.45471
310.00000 85.00000 70.00000 0.50857
315.00000 85.00000 70.00000 0.56153
320.00000 85.00000 70.00000 0.57354
325.00000 85.00000 70.00000 0.55293
330.00000 85.00000 70.00000 0.53913
335.00000 85.00000 70.00000 0.53378
340.00000 85.00000 70.00000 0.52006
345.00000 85.00000 70.00000 0.50323
350.00000 85.00000 70.00000 0.51005
355.00000 85.00000 70.00000 0.55643
0.00000 90.00000 70.00000 0.64937
5.00000 90.00000 70.00000 0.60221
10.00000 90.00000 70.00000 0.54241
15.00000 90.00000 70.00000 0.51523
20.00000 90.00000 70.00000 0.53723
25.00000 90.00000 70.00000 0.58374
30.00000 90.00000 70.00000 0.62028
35.00000 90.00000 70.00000 0.64831
40.00000 90.00000 70.00000 0.68743
45.00000 90.00000 70.00000 0.70446
50.00000 90.00000 70.00000 0.65363
55.00000 90.00000 70.00000 0.56633
60.00000 90.00000 70.00000 0.50454
65.00000 90.00000 70.00000 0.48884
70.00000 90.00000 70.00000 0.50704
75.00000 90.00000 70.00000 0.54494
80.00000 90.00000 70.00000 0.60059
85.00000 90.00000 70.00000 0.66754
90.00000 90.00000 70.00000 0.70216
95.00000 90.00000 70.00000 0.66346
100.00000 90.00000 70.00000 0.58024
105.00000 90.00000 70.00000 0.51229
110.00000 90.00000 70.00000 0.48366
115.00000 90.00000 70.00000 0.48359
120.00000 90.00000 70.00000 0.49720
125.00000 90.00000 70.00000 0.52557
130.00000 90.00000 70.00000 0.57760
135.00000 90.00000 70.00000 0.63462
140.00000 90.00000 70.00000 0.64707
145.00000 90.00000 70.00000 0.60932
150.00000 90.00000 70.00000 0.57481
155.00000 90.00000 70.00000 0.57194
160.00000 90.00000 70.00000 0.58201
165.00000 90.00000 70.00000 0.58476
170.00000 90.00000 70.00000 0.59548
175.00000 90.00000 70.00000 0.64126
180.00000 90.00000 70.00000 0.71642
185.00000 90.00000 70.00000 0.78351
190.00000 90.00000 70.00000 0.82649
195.00000 90.00000 70.00000 0.86906
200.00000 90.00000 70.00000 0.92909
205.00000 90.00000 70.00000 0.99096
210.00000 90.00000 70.00000 1.03332
215.00000 90.00000 70.00000 1.06603
220.00000 90.00000 70.00000 1.05976
225.00000 90.00000 70.00000 0.94719
230.00000 90.00000 70.00000 0.82308
235.00000 90.00000 70.00000 0.69405
240.00000 90.00000 70.00000 0.57948
245.00000 90.00000 70.00000 0.51899
250.00000 90.00000 70.00000 0.49286
255.00000 90.00000 70.00000 0.47827
260.00000 90.00000 70.00000 0.47462
265.00000 90.00000 70.00000 0.49125
270.00000 90.00000 70.00000 0.51681
275.00000 90.00000 70.00000 0.52373
280.00000 90.00000 70.00000 0.51231
285.00000 90.00000 70.00000 0.51412
290.00000 90.00000 70.00000 0.54813
295.00000 90.00000 70.00000 0.60805
300.00000 90.00000 70.00000 0.68511
305.00000 90.00000 70.00000 0.78996
310.00000 90.00000 70.00000 0.93139
315.00000 90.00000 70.00000 1.05443
320.00000 90.00000 70.00000 1.07651
325.00000 90.00000 70.00000 1.02430
330.00000 90.00000 70.00000 0.97505
335.00000 90.00000 70.00000 0.92916
340.00000 90.00000 70.00000 0.85491
345.00000 90.00000 70.00000 0.76057
350.00000 90.00000 70.00000 0.69210
355.00000 90.00000 70.00000 0.66728
0.00000 0.00000 75.00000 0.38361
5.00000 0.00000 75.00000 0.38832
10.00000 0.00000 75.00000 0.39978
15.00000 0.00000 75.00000 0.40177
20.00000 0.00000 75.00000 0.38220
25.00000 0.00000 75.00000 0.35700
30.00000 0.00000 75.00000 0.35101
35.00000 0.00000 75.00000 0.37178
40.00000 0.00000 75.00000 0.40854
45.00000 0.00000 75.00000 0.44692
50.00000 0.00000 75.00000 0.49143
55.00000 0.00000 75.00000 0.54557
60.00000 0.00000 75.00000 0.57547
65.00000 0.00000 75.00000 0.54641
70.00000 0.00000 75.00000 0.47081
75.00000 0.00000 75.00000 0.41292
80.00000 0.00000 75.00000 0.39105
85.00000 0.00000 75.00000 0.38546
90.00000 0.00000 75.00000 0.38361
95.00000 0.00000 75.00000 0.38832
100.00000 0.00000 75.00000 0.39978
105.00000 0.00000 75.00000 0.40177
110.00000 0.00000 75.00000 0.38220
115.00000 0.00000 75.00000 0.35700
120.00000 0.00000 75.00000 0.35101
125.00000 0.00000 75.00000 0.37178
130.00000 0.00000 75.00000 0.40854
135.00000 0.00000 75.00000 0.44692
140.00000 0.00000 75.00000 0.49143
145.00000 0.00000 75.00000 0.54557
150.00000 0.00000 75.00000 0.57547
155.00000 0.00000 75.00000 0.54641
160.00000 0.00000 75.00000 0.47081
165.00000 0.00000 75.00000 0.41292
170.00000 0.00000 75.00000 0.39105
175.00000 0.00000 75.00000 0.38546
180.00000 0.00000 75.00000 0.38361
185.00000 0.00000 75.00000 0.38832
190.00000 0.00000 75.00000 0.39978
195.00000 0.00000 75.00000 0.40177
200.00000 0.00000 75.00000 0.38220
205.00000 0.00000 75.00000 0.35700
210.00000 0.00000 75.00000 0.35101
215.00000 0.00000 75.00000 0.37178
220.00000 0.00000 75.00000 0.40854
225.00000 0.00000 75.00000 0.44692
230.00000 0.00000 75.00000 0.49143
235.00000 0.00000 75.00000 0.54557
240.00000 0.00000 75.00000 0.57547
245.00000 0.00000 75.00000 0.54641
250.00000 0.00000 75.00000 0.47081
255.00000 0.00000 75.00000 0.41292
260.00000 0.00000 75.00000 0.39105
265.00000 0.00000 75.00000 0.38546
270.00000 0.00000 75.00000 0.38361
275.00000 0.00000 75.00000 0.38832
280.00000 0.00000 75.00000 0.39978
285.00000 0.00000 75.00000 0.40177
290.00000 0.00000 75.00000 0.38220
295.00000 0.00000 75.00000 0.35700
300.00000 0.00000 75.00000 0.35101
305.00000 0.00000 75.00000 0.37178
310.00000 0.00000 75.00000 0.40854
315.00000 0.00000 75.00000 0.44692
320.00000 0.00000 75.00000 0.49143
325.00000 0.00000 75.00000 0.54557
330.00000 0.00000 75.00000 0.57547
335.00000 0.00000 75.00000 0.54641
340.00000 0.00000 75.00000 0.47081
345.00000 0.00000 75.00000 0.41292
350.00000 0.00000 75.00000 0.39105
355.00000 0.00000 75.00000 0.38546
0.00000 5.00000 75.00000 0.50207
5.00000 5.00000 75.00000 0.51682
10.00000 5.00000 75.00000 0.53220
15.00000 5.00000 75.00000 0.52640
20.00000 5.00000 75.00000 0.48701
25.00000 5.00000 75.00000 0.43926
30.00000 5.00000 75.00000 0.41654
35.00000 5.00000 75.00000 0.42547
40.00000 5.00000 75.00000 0.45116
45.00000 5.00000 75.00000 0.47942
50.00000 5.00000 75.00000 0.51694
55.00000 5.00000 75.00000 0.56975
60.00000 5.00000 75.00000 0.59826
65.00000 5.00000 75.00000 0.55700
70.00000 5.00000 75.00000 0.47808
75.00000 5.00000 75.00000 0.42346
80.00000 5.00000 75.00000 0.40199
85.00000 5.00000 75.00000 0.39358
90.00000 5.00000 75.00000 0.38643
95.00000 5.00000 75.00000 0.38318
100.00000 5.00000 75.00000 0.38574
105.00000 5.00000 75.00000 0.38359
110.00000 5.00000 75.00000 0.36824
115.00000 5.00000 75.00000 0.35029
120.00000 5.00000 75.00000 0.34816
125.00000 5.00000 75.00000 0.36885
130.00000 5.00000 75.00000 0.40552
135.00000 5.00000 75.00000 0.44785
140.00000 5.00000 75.00000 0.49824
145.00000 5.00000 75.00000 0.54683
150.00000 5.00000 75.00000 0.56500
155.00000 5.00000 75.00000 0.55155
160.00000 5.00000 75.00000 0.48638
165.00000 5.00000 75.00000 0.42325
170.00000 5.00000 75.00000 0.39384
175.00000 5.00000 75.00000 0.38219
180.00000 5.00000 75.00000 0.37635
185.00000 5.00000 75.00000 0.37882
190.00000 5.00000 75.00000 0.39040
195.00000 5.00000 75.00000 0.39598
200.00000 5.00000 75.00000 0.38067
205.00000 5.00000 75.00000 0.35541
210.00000 5.00000 75.00000 0.34385
215.00000 5.00000 75.00000 0.35560
220.00000 5.00000 75.00000 0.38355
225.00000 5.00000 75.00000 0.41606
230.00000 5.00000 75.00000 0.45380
235.00000 5.00000 75.00000 0.49067
240.00000 5.00000 75.00000 0.50700
245.00000 5.00000 75.00000 0.49475
250.00000 5.00000 75.00000 0.43912
255.00000 5.00000 75.00000 0.39050
260.00000 5.00000 75.00000 0.37234
265.00000 5.00000 75.00000 0.37023
270.00000 5.00000 75.00000 0.37559
275.00000 5.00000 75.00000 0.39296
280.00000 5.00000 75.00000 0.42221
285.00000 5.00000 75.00000 0.44265
290.00000 5.00000 75.00000 0.43435
295.00000 5.00000 75.00000 0.41231
300.00000 5.00000 75.00000 0.40889
305.00000 5.00000 75.00000 0.43616
310.00000 5.00000 75.00000 0.48110
315.00000 5.00000 75.00000 0.52671
320.00000 5.00000 75.00000 0.57881
325.00000 5.00000 75.00000 0.64021
330.00000 5.00000 75.00000 0.67174
335.00000 5.00000 75.00000 0.63815
340.00000 5.00000 75.00000 0.55609
345.00000 5.00000 75.00000 0.49742
350.00000 5.00000 75.00000 0.48296
355.00000 5.00000 75.00000 0.49054
0.00000 10.00000 75.00000 0.65109
5.00000 10.00000 75.00000 0.66176
10.00000 10.00000 75.00000 0.67122
15.00000 10.00000 75.00000 0.65669
20.00000 10.00000 75.00000 0.60194
25.00000 10.00000 75.00000 0.53208
30.00000 10.00000 75.00000 0.48569
35.00000 10.00000 75.00000 0.47246
40.00000 10.00000 75.00000 0.47832
45.00000 10.00000 75.00000 0.49172
50.00000 10.00000 75.00000 0.51832
55.00000 10.00000 75.00000 0.55967
60.00000 10.00000 75.00000 0.57946
65.00000 10.00000 75.00000 0.54044
70.00000 10.00000 75.00000 0.47470
75.00000 10.00000 75.00000 0.43163
80.00000 10.00000 75.00000 0.41320
85.00000 10.00000 75.00000 0.40194
90.00000 10.00000 75.00000 0.39047
95.00000 10.00000 75.00000 0.38537
100.00000 10.00000 75.00000 0.39159
105.00000 10.00000 75.00000 0.39908
110.00000 10.00000 75.00000 0.39605
115.00000 10.00000 75.00000 0.38928
120.00000 10.00000 75.00000 0.39727
125.00000 10.00000 75.00000 0.42832
130.00000 10.00000 75.00000 0.47614
135.00000 10.00000 75.00000 0.53289
140.00000 10.00000 75.00000 0.60479
145.00000 10.00000 75.00000 0.68308
150.00000 10.00000 75.00000 0.72200
155.00000 10.00000 75.00000 0.69775
160.00000 10.00000 75.00000 0.60940
165.00000 10.00000 75.00000 0.52875
170.00000 10.00000 75.00000 0.49229
175.00000 10.00000 75.00000 0.48249
180.00000 10.00000 75.00000 0.48284
185.00000 10.00000 75.00000 0.49370
190.00000 10.00000 75.00000 0.51417
195.00000 10.00000 75.00000 0.52003
200.00000 10.00000 75.00000 0.48699
205.00000 10.00000 75.00000 0.43062
210.00000 10.00000 75.00000 0.38791
215.00000 10.00000 75.00000 0.37420
220.00000 10.00000 75.00000 0.38160
225.00000 10.00000 75.00000 0.39899
230.00000 10.00000 75.00000 0.42476
235.00000 10.00000 75.00000 0.45227
240.00000 10.00000 75.00000 0.46452
245.00000 10.00000 75.00000 0.45135
250.00000 10.00000 75.00000 0.40695
255.00000 10.00000 75.00000 0.37081
260.00000 10.00000 75.00000 0.35895
265.00000 10.00000 75.00000 0.36110
270.00000 10.00000 75.00000 0.37349
275.00000 10.00000 75.00000 0.40408
280.00000 10.00000 75.00000 0.45645
285.00000 10.00000 75.00000 0.50995
290.00000 10.00000 75.00000 0.53459
295.00000 10.00000 75.00000 0.53449
300.00000 10.00000 75.00000 0.54510
305.00000 10.00000 75.00000 0.58813
310.00000 10.00000 75.00000 0.65398
315.00000 10.00000 75.00000 0.72341
320.00000 10.00000 75.00000 0.79852
325.00000 10.00000 75.00000 0.85264
330.00000 10.00000 75.00000 0.84636
335.00000 10.00000 75.00000 0.81983
340.00000 10.00000 75.00000 0.73438
345.00000 10.00000 75.00000 0.65627
350.00000 10.00000 75.00000 0.63275
355.00000 10.00000 75.00000 0.63990
0.00000 15.00000 75.00000 0.68396
5.00000 15.00000 75.00000 0.66369
10.00000 15.00000 75.00000 0.65639
15.00000 15.00000 75.00000 0.64038
20.00000 15.00000 75.00000 0.59186
25.00000 15.00000 75.00000 0.52579
30.00000 15.00000 75.00000 0.47705
35.00000 15.00000 75.00000 0.45741
40.00000 15.00000 75.00000 0.45654
45.00000 15.00000 75.00000 0.46572
50.00000 15.00000 75.00000 0.48988
55.00000 15.00000 75.00000 0.52906
60.00000 15.00000 75.00000 0.55238
65.00000 15.00000 75.00000 0.52824
70.00000 15.00000 75.00000 0.48262
75.00000 15.00000 75.00000 0.45435
80.00000 15.00000 75.00000 0.44125
85.00000 15.00000 75.00000 0.42721
90.00000 15.00000 75.00000 0.41233
95.00000 15.00000 75.00000 0.41209
100.00000 15.00000 75.00000 0.43498
105.00000 15.00000 75.00000 0.46473
110.00000 15.00000 75.00000 0.47871
115.00000 15.00000 75.00000 0.48368
120.00000 15.00000 75.00000 0.50928
125.00000 15.00000 75.00000 0.56752
130.00000 15.00000 75.00000 0.64258
135.00000 15.00000 75.00000 0.71928
140.00000 15.00000 75.00000 0.81268
145.00000 15.00000 75.00000 0.92770
150.00000 15.00000 75.00000 0.99189
155.00000 15.00000 75.00000 0.93300
160.00000 15.00000 75.00000 0.79536
165.00000 15.00000 75.00000 0.68613
170.00000 15.00000 75.00000 0.63897
175.00000 15.00000 75.00000 0.62818
180.00000 15.00000 75.00000 0.63070
185.00000 15.00000 75.00000 0.64707
190.00000 15.00000 75.00000 0.67258
195.00000 15.00000 75.00000 0.66853
200.00000 15.00000 75.00000 0.60310
205.00000 15.00000 75.00000 0.50425
210.00000 15.00000 75.00000 0.42568
215.00000 15.00000 75.00000 0.38677
220.00000 15.00000 75.00000 0.37571
225.00000 15.00000 75.00000 0.37885
230.00000 15.00000 75.00000 0.39349
235.00000 15.00000 75.00000 0.41700
240.00000 15.00000 75.00000 0.43162
245.00000 15.00000 75.00000 0.41726
250.00000 15.00000 75.00000 0.38328
255.00000 15.00000 75.00000 0.36204
260.00000 15.00000 75.00000 0.36107
265.00000 15.00000 75.00000 0.37080
270.00000 15.00000 75.00000 0.38990
275.00000 15.00000 75.00000 0.43311
280.00000 15.00000 75.00000 0.51311
285.00000 15.00000 75.00000 0.61257
290.00000 15.00000 75.00000 0.69084
295.00000 15.00000 75.00000 0.73783
300.00000 15.00000 75.00000 0.78492
305.00000 15.00000 75.00000 0.85960
310.00000 15.00000 75.00000 0.95921
315.00000 15.00000 75.00000 1.06523
320.00000 15.00000 75.00000 1.17567
325.00000 15.00000 75.00000 1.22445
330.00000 15.00000 75.00000 1.14647
335.00000 15.00000 75.00000 1.07299
340.00000 15.00000 75.00000 0.94498
345.00000 15.00000 75.00000 0.81278
350.00000 15.00000 75.00000 0.74419
355.00000 15.00000 75.00000 0.71104
0.00000 20.00000 75.00000 0.61283
5.00000 20.00000 75.00000 0.55442
10.00000 20.00000 75.00000 0.52966
15.00000 20.00000 75.00000 0.51280
20.00000 20.00000 75.00000 0.47763
25.00000 20.00000 75.00000 0.43304
30.00000 20.00000 75.00000 0.40399
35.00000 20.00000 75.00000 0.39775
40.00000 20.00000 75.00000 0.40564
45.00000 20.00000 75.00000 0.42277
50.00000 20.00000 75.00000 0.45574
55.00000 20.00000 75.00000 0.50690
60.00000 20.00000 75.00000 0.54923
65.00000 20.00000 75.00000 0.54877
70.00000 20.00000 75.00000 0.52534
75.00000 20.00000 75.00000 0.51312
80.00000 20.00000 75.00000 0.50714
85.00000 20.00000 75.00000 0.49303
90.00000 20.00000 75.00000 0.47977
95.00000 20.00000 75.00000 0.49334
100.00000 20.00000 75.00000 0.54431
105.00000 20.00000 75.00000 0.60746
110.00000 20.00000 75.00000 0.64590
115.00000 20.00000 75.00000 0.66823
120.00000 20.00000 75.00000 0.72379
125.00000 20.00000 75.00000 0.83304
130.00000 20.00000 75.00000 0.95929
135.00000 20.00000 75.00000 1.05986
140.00000 20.00000 75.00000 1.15572
145.00000 20.00000 75.00000 1.26703
150.00000 20.00000 75.00000 1.30152
155.00000 20.00000 75.00000 1.19106
160.00000 20.00000 75.00000 0.99881
165.00000 20.00000 75.00000 0.84231
170.00000 20.00000 75.00000 0.76270
175.00000 20.00000 75.00000 0.72456
180.00000 20.00000 75.00000 0.70170
185.00000 20.00000 75.00000 0.69887
190.00000 20.00000 75.00000 0.70695
195.00000 20.00000 75.00000 0.68041
200.00000 20.00000 75.00000 0.59475
205.00000 20.00000 75.00000 0.48632
210.00000 20.00000 75.00000 0.40521
215.00000 20.00000 75.00000 0.36462
220.00000 20.00000 75.00000 0.34990
225.00000 20.00000 75.00000 0.34800
230.00000 20.00000 75.00000 0.35700
235.00000 20.00000 75.00000 0.37709
240.00000 20.00000 75.00000 0.39575
245.00000 20.00000 75.00000 0.39345
250.00000 20.00000 75.00000 0.37758
255.00000 20.00000 75.00000 0.37546
260.00000 20.00000 75.00000 0.39326
265.00000 20.00000 75.00000 0.41835
270.00000 20.00000 75.00000 0.44924
275.00000 20.00000 75.00000 0.50969
280.00000 20.00000 75.00000 0.62453
285.00000 20.00000 75.00000 0.77723
290.00000 20.00000 75.00000 0.91723
295.00000 20.00000 75.00000 1.02942
300.00000 20.00000 75.00000 1.14827
305.00000 20.00000 75.00000 1.29562
310.00000 20.00000 75.00000 1.45863
315.00000 20.00000 75.00000 1.61443
320.00000 20.00000 75.00000 1.76002
325.00000 20.00000 75.00000 1.79106
330.00000 20.00000 75.00000 1.61154
335.00000 20.00000 75.00000 1.41890
340.00000 20.00000 75.00000 1.17775
345.00000 20.00000 75.00000 0.94919
350.00000 20.00000 75.00000 0.80181
355.00000 20.00000 75.00000 0.69852
0.00000 25.00000 75.00000 0.57552
5.00000 25.00000 75.00000 0.48840
10.00000 25.00000 75.00000 0.44723
15.00000 25.00000 75.00000 0.42135
20.00000 25.00000 75.00000 0.38904
25.00000 25.00000 75.00000 0.35975
30.00000 25.00000 75.00000 0.34827
35.00000 25.00000 75.00000 0.35492
40.00000 25.00000 75.00000 0.37355
45.00000 25.00000 75.00000 0.40508
50.00000 25.00000 75.00000 0.45860
55.00000 25.00000 75.00000 0.53722
60.00000 25.00000 75.00000 0.61168
65.00000 25.00000 75.00000 0.64038
70.00000 25.00000 75.00000 0.63587
75.00000 25.00000 75.00000 0.63598
80.00000 25.00000 75.00000 0.63985
85.00000 25.00000 75.00000 0.63424
90.00000 25.00000 75.00000 0.63535
95.00000 25.00000 75.00000 0.67332
100.00000 25.00000 75.00000 0.75737
105.00000 25.00000 75.00000 0.85820
110.00000 25.00000 75.00000 0.93429
115.00000 25.00000 75.00000 0.99764
120.00000 25.00000 75.00000 1.11088
125.00000 25.00000 75.00000 1.30311
130.00000 25.00000 75.00000 1.51380
135.00000 25.00000 75.00000 1.65690
140.00000 25.00000 75.00000 1.74417
145.00000 25.00000 75.00000 1.80165
150.00000 25.00000 75.00000 1.72957
155.00000 25.00000 75.00000 1.52592
160.00000 25.00000 75.00000 1.26061
165.00000 25.00000 75.00000 1.02318
170.00000 25.00000 75.00000 0.87145
175.00000 25.00000 75.00000 0.76992
180.00000 25.00000 75.00000 0.69233
185.00000 25.00000 75.00000 0.64639
190.00000 25.00000 75.00000 0.61974
195.00000 25.00000 75.00000 0.57147
200.00000 25.00000 75.00000 0.49064
205.00000 25.00000 75.00000 0.40835
210.00000 25.00000 75.00000 0.35350
215.00000 25.00000 75.00000 0.32828
220.00000 25.00000 75.00000 0.32042
225.00000 25.00000 75.00000 0.32161
230.00000 25.00000 75.00000 0.33180
235.00000 25.00000 75.00000 0.35400
240.00000 25.00000 75.00000 0.38165
245.00000 25.00000 75.00000 0.39825
250.00000 25.00000 75.00000 0.40524
255.00000 25.00000 75.00000 0.42794
260.00000 25.00000 75.00000 0.47415
265.00000 25.00000 75.00000 0.52622
270.00000 25.00000 75.00000 0.58065
275.00000 25.00000 75.00000 0.66890
280.00000 25.00000 75.00000 0.82111
285.00000 25.00000 75.00000 1.01830
290.00000 25.00000 75.00000 1.20677
295.00000 25.00000 75.00000 1.38180
300.00000 25.00000 75.00000 1.59762
305.00000 25.00000 75.00000 1.87212
310.00000 25.00000 75.00000 2.14953
315.00000 25.00000 75.00000 2.37624
320.00000 25.00000 75.00000 2.55053
325.00000 25.00000 75.00000 2.53711
330.00000 25.00000 75.00000 2.23795
335.00000 25.00000 75.00000 1.88515
340.00000 25.00000 75.00000 1.47507
345.00000 25.00000 75.00000 1.11750
350.00000 25.00000 75.00000 0.87980
355.00000 25.00000 75.00000 0.70959
0.00000 30.00000 75.00000 0.62353
5.00000 30.00000 75.00000 0.52107
10.00000 30.00000 75.00000 0.46346
15.00000 30.00000 75.00000 0.42207
20.00000 30.00000 75.00000 0.38326
25.00000 30.00000 75.00000 0.35805
30.00000 30.00000 75.00000 0.35359
35.00000 30.00000 75.00000 0.36692
40.00000 30.00000 75.00000 0.39722
45.00000 30.00000 75.00000 0.45401
50.00000 30.00000 75.00000 0.54888
55.00000 30.00000 75.00000 0.67753
60.00000 30.00000 75.00000 0.79983
65.00000 30.00000 75.00000 0.86044
70.00000 30.00000 75.00000 0.86505
75.00000 30.00000 75.00000 0.87091
80.00000 30.00000 75.00000 0.89080
85.00000 30.00000 75.00000 0.91062
90.00000 30.00000 75.00000 0.94027
95.00000 30.00000 75.00000 1.00589
100.00000 30.00000 75.00000 1.11539
105.00000 30.00000 75.00000 1.24388
110.00000 30.00000 75.00000 1.36865
115.00000 30.00000 75.00000 1.50990
120.00000 30.00000 75.00000 1.72135
125.00000 30.00000 75.00000 2.02766
130.00000 30.00000 75.00000 2.34742
135.00000 30.00000 75.00000 2.55817
140.00000 30.00000 75.00000 2.64465
145.00000 30.00000 75.00000 2.61879
150.00000 30.00000 75.00000 2.40344
155.00000 30.00000 75.00000 2.03970
160.00000 30.00000 75.00000 1.63131
165.00000 30.00000 75.00000 1.27319
170.00000 30.00000 75.00000 1.02320
175.00000 30.00000 75.00000 0.84460
180.00000 30.00000 75.00000 0.70715
185.00000 30.00000 75.00000 0.61454
190.00000 30.00000 75.00000 0.55411
195.00000 30.00000 75.00000 0.49245
200.00000 30.00000 75.00000 0.42396
205.00000 30.00000 75.00000 0.36653
210.00000 30.00000 75.00000 0.33065
215.00000 30.00000 75.00000 0.31468
220.00000 30.00000 75.00000 0.31180
225.00000 30.00000 75.00000 0.31845
230.00000 30.00000 75.00000 0.33580
235.00000 30.00000 75.00000 0.36673
240.00000 30.00000 75.00000 0.41059
245.00000 30.00000 75.00000 0.45427
250.00000 30.00000 75.00000 0.49330
255.00000 30.00000 75.00000 0.54929
260.00000 30.00000 75.00000 0.63226
265.00000 30.00000 75.00000 0.72353
270.00000 30.00000 75.00000 0.81724
275.00000 30.00000 75.00000 0.94188
280.00000 30.00000 75.00000 1.12013
285.00000 30.00000 75.00000 1.32913
290.00000 30.00000 75.00000 1.53120
295.00000 30.00000 75.00000 1.74031
300.00000 30.00000 75.00000 2.02343
305.00000 30.00000 75.00000 2.40667
310.00000 30.00000 75.00000 2.79417
315.00000 30.00000 75.00000 3.07681
320.00000 30.00000 75.00000 3.23441
325.00000 30.00000 75.00000 3.07967
330.00000 30.00000 75.00000 2.62197
335.00000 30.00000 75.00000 2.22369
340.00000 30.00000 75.00000 1.72465
345.00000 30.00000 75.00000 1.26917
350.00000 30.00000 75.00000 0.97418
355.00000 30.00000 75.00000 0.77547
0.00000 35.00000 75.00000 0.69827
5.00000 35.00000 75.00000 0.60812
10.00000 35.00000 75.00000 0.54556
15.00000 35.00000 75.00000 0.49356
20.00000 35.00000 75.00000 0.45064
25.00000 35.00000 75.00000 0.42928
30.00000 35.00000 75.00000 0.43146
35.00000 35.00000 75.00000 0.45541
40.00000 35.00000 75.00000 0.51209
45.00000 35.00000 75.00000 0.62344
50.00000 35.00000 75.00000 0.79659
55.00000 35.00000 75.00000 1.00852
60.00000 35.00000 75.00000 1.21661
65.00000 35.00000 75.00000 1.32718
70.00000 35.00000 75.00000 1.32115
75.00000 35.00000 75.00000 1.31552
80.00000 35.00000 75.00000 1.35199
85.00000 35.00000 75.00000 1.40136
90.00000 35.00000 75.00000 1.45654
95.00000 35.00000 75.00000 1.54015
100.00000 35.00000 75.00000 1.65264
105.00000 35.00000 75.00000 1.77875
110.00000 35.00000 75.00000 1.93228
115.00000 35.00000 75.00000 2.15347
120.00000 35.00000 75.00000 2.46416
125.00000 35.00000 75.00000 2.85716
130.00000 35.00000 75.00000 3.23415
135.00000 35.00000 75.00000 3.46376
140.00000 35.00000 75.00000 3.50482
145.00000 35.00000 75.00000 3.31184
150.00000 35.00000 75.00000 2.90215
155.00000 35.00000 75.00000 2.42027
160.00000 35.00000 75.00000 1.90488
165.00000 35.00000 75.00000 1.46202
170.00000 35.00000 75.00000 1.14911
175.00000 35.00000 75.00000 0.93080
180.00000 35.00000 75.00000 0.76708
185.00000 35.00000 75.00000 0.65072
190.00000 35.00000 75.00000 0.57216
195.00000 35.00000 75.00000 0.50689
200.00000 35.00000 75.00000 0.44879
205.00000 35.00000 75.00000 0.40243
210.00000 35.00000 75.00000 0.36828
215.00000 35.00000 75.00000 0.34935
220.00000 35.00000 75.00000 0.34787
225.00000 35.00000 75.00000 0.36434
230.00000 35.00000 75.00000 0.39727
235.00000 35.00000 75.00000 0.44513
240.00000 35.00000 75.00000 0.51720
245.00000 35.00000 75.00000 0.61253
250.00000 35.00000 75.00000 0.70233
255.00000 35.00000 75.00000 0.79395
260.00000 35.00000 75.00000 0.90995
265.00000 35.00000 75.00000 1.04074
270.00000 35.00000 75.00000 1.17901
275.00000 35.00000 75.00000 1.33553
280.00000 35.00000 75.00000 1.50901
285.00000 35.00000 75.00000 1.67725
290.00000 35.00000 75.00000 1.83479
295.00000 35.00000 75.00000 2.01220
300.00000 35.00000 75.00000 2.25699
305.00000 35.00000 75.00000 2.59276
310.00000 35.00000 75.00000 2.93933
315.00000 35.00000 75.00000 3.17410
320.00000 35.00000 75.00000 3.24137
325.00000 35.00000 75.00000 2.92021
330.00000 35.00000 75.00000 2.36643
335.00000 35.00000 75.00000 2.08806
340.00000 35.00000 75.00000 1.67515
345.00000 35.00000 75.00000 1.24608
350.00000 35.00000 75.00000 0.98181
355.00000 35.00000 75.00000 0.81998
0.00000 40.00000 75.00000 0.70725
5.00000 40.00000 75.00000 0.65534
10.00000 40.00000 75.00000 0.61105
15.00000 40.00000 75.00000 0.57051
20.00000 40.00000 75.00000 0.54499
25.00000 40.00000 75.00000 0.55230
30.00000 40.00000 75.00000 0.58761
35.00000 40.00000 75.00000 0.64626
40.00000 40.00000 75.00000 0.76853
45.00000 40.00000 75.00000 0.97960
50.00000 40.00000 75.00000 1.23511
55.00000 40.00000 75.00000 1.54302
60.00000 40.00000 75.00000 1.94663
65.00000 40.00000 75.00000 2.17892
70.00000 40.00000 75.00000 2.12335
75.00000 40.00000 75.00000 2.04113
80.00000 40.00000 75.00000 2.02843
85.00000 40.00000 75.00000 2.04010
90.00000 40.00000 75.00000 2.06532
95.00000 40.00000 75.00000 2.11895
100.00000 40.00000 75.00000 2.19654
105.00000 40.00000 75.00000 2.28204
110.00000 40.00000 75.00000 2.40920
115.00000 40.00000 75.00000 2.65158
120.00000 40.00000 75.00000 2.98555
125.00000 40.00000 75.00000 3.35770
130.00000 40.00000 75.00000 3.65683
135.00000 40.00000 75.00000 3.76587
140.00000 40.00000 75.00000 3.60547
145.00000 40.00000 75.00000 3.12303
150.00000 40.00000 75.00000 2.57823
155.00000 40.00000 75.00000 2.24063
160.00000 40.00000 75.00000 1.81309
165.00000 40.00000 75.00000 1.40978
170.00000 40.00000 75.00000 1.11589
175.00000 40.00000 75.00000 0.91777
180.00000 40.00000 75.00000 0.77592
185.00000 40.00000 75.00000 0.67208
190.00000 40.00000 75.00000 0.60463
195.00000 40.00000 75.00000 0.55519
200.00000 40.00000 75.00000 0.52179
205.00000 40.00000 75.00000 0.49819
210.00000 40.00000 75.00000 0.47484
215.00000 40.00000 75.00000 0.46214
220.00000 40.00000 75.00000 0.47034
225.00000 40.00000 75.00000 0.51207
230.00000 40.00000 75.00000 0.56753
235.00000 40.00000 75.00000 0.62646
240.00000 40.00000 75.00000 0.75412
245.00000 40.00000 75.00000 0.94816
250.00000 40.00000 75.00000 1.09605
255.00000 40.00000 75.00000 1.19441
260.00000 40.00000 75.00000 1.29547
265.00000 40.00000 75.00000 1.41879
270.00000 40.00000 75.00000 1.55867
275.00000 40.00000 75.00000 1.70146
280.00000 40.00000 75.00000 1.81804
285.00000 40.00000 75.00000 1.89588
290.00000 40.00000 75.00000 1.95557
295.00000 40.00000 75.00000 2.02954
300.00000 40.00000 75.00000 2.13359
305.00000 40.00000 75.00000 2.26936
310.00000 40.00000 75.00000 2.41638
315.00000 40.00000 75.00000 2.50244
320.00000 40.00000 75.00000 2.46669
325.00000 40.00000 75.00000 2.14533
330.00000 40.00000 75.00000 1.71056
335.00000 40.00000 75.00000 1.56450
340.00000 40.00000 75.00000 1.31290
345.00000 40.00000 75.00000 1.02362
350.00000 40.00000 75.00000 0.86680
355.00000 40.00000 75.00000 0.77693
0.00000 45.00000 75.00000 0.61002
5.00000 45.00000 75.00000 0.60212
10.00000 45.00000 75.00000 0.59563
15.00000 45.00000 75.00000 0.59392
20.00000 45.00000 75.00000 0.61818
25.00000 45.00000 75.00000 0.70631
30.00000 45.00000 75.00000 0.83848
35.00000 45.00000 75.00000 0.98534
40.00000 45.00000 75.00000 1.24057
45.00000 45.00000 75.00000 1.56164
50.00000 45.00000 75.00000 1.76958
55.00000 45.00000 75.00000 2.10062
60.00000 45.00000 75.00000 2.63865
65.00000 45.00000 75.00000 2.90702
70.00000 45.00000 75.00000 2.80784
75.00000 45.00000 75.00000 2.63678
80.00000 45.00000 75.00000 2.51238
85.00000 45.00000 75.00000 2.40295
90.00000 45.00000 75.00000 2.32907
95.00000 45.00000 75.00000 2.29042
100.00000 45.00000 75.00000 2.29196
105.00000 45.00000 75.00000 2.32524
110.00000 45.00000 75.00000 2.39456
115.00000 45.00000 75.00000 2.59847
120.00000 45.00000 75.00000 2.88386
125.00000 45.00000 75.00000 3.17343
130.00000 45.00000 75.00000 3.33572
135.00000 45.00000 75.00000 3.25726
140.00000 45.00000 75.00000 2.79357
145.00000 45.00000 75.00000 2.16144
150.00000 45.00000 75.00000 1.75841
155.00000 45.00000 75.00000 1.60337
160.00000 45.00000 75.00000 1.32528
165.00000 45.00000 75.00000 1.06274
170.00000 45.00000 75.00000 0.86866
175.00000 45.00000 75.00000 0.74369
180.00000 45.00000 75.00000 0.65749
185.00000 45.00000 75.00000 0.59530
190.00000 45.00000 75.00000 0.56558
195.00000 45.00000 75.00000 0.55292
200.00000 45.00000 75.00000 0.57179
205.00000 45.00000 75.00000 0.61390
210.00000 45.00000 75.00000 0.65240
215.00000 45.00000 75.00000 0.69679
220.00000 45.00000 75.00000 0.74966
225.00000 45.00000 75.00000 0.84035
230.00000 45.00000 75.00000 0.90760
235.00000 45.00000 75.00000 0.95916
240.00000 45.00000 75.00000 1.12985
245.00000 45.00000 75.00000 1.35889
250.00000 45.00000 75.00000 1.50291
255.00000 45.00000 75.00000 1.55540
260.00000 45.00000 75.00000 1.57359
265.00000 45.00000 75.00000 1.61215
270.00000 45.00000 75.00000 1.66821
275.00000 45.00000 75.00000 1.72436
280.00000 45.00000 75.00000 1.73407
285.00000 45.00000 75.00000 1.71006
290.00000 45.00000 75.00000 1.68694
295.00000 45.00000 75.00000 1.66818
300.00000 45.00000 75.00000 1.65739
305.00000 45.00000 75.00000 1.63237
310.00000 45.00000 75.00000 1.61842
315.00000 45.00000 75.00000 1.59065
320.00000 45.00000 75.00000 1.48840
325.00000 45.00000 75.00000 1.25003
330.00000 45.00000 75.00000 1.03604
335.00000 45.00000 75.00000 0.97359
340.00000 45.00000 75.00000 0.84972
345.00000 45.00000 75.00000 0.71498
350.00000 45.00000 75.00000 0.66467
355.00000 45.00000 75.00000 0.63557
0.00000 50.00000 75.00000 0.49225
5.00000 50.00000 75.00000 0.52852
10.00000 50.00000 75.00000 0.56734
15.00000 50.00000 75.00000 0.61349
20.00000 50.00000 75.00000 0.69848
25.00000 50.00000 75.00000 0.87153
30.00000 50.00000 75.00000 1.11222
35.00000 50.00000 75.00000 1.38872
40.00000 50.00000 75.00000 1.78034
45.00000 50.00000 75.00000 2.14349
50.00000 50.00000 75.00000 2.33253
55.00000 50.00000 75.00000 2.73521
60.00000 50.00000 75.00000 3.12698
65.00000 50.00000 75.00000 3.18658
70.00000 50.00000 75.00000 3.02787
75.00000 50.00000 75.00000 2.79184
80.00000 50.00000 75.00000 2.55389
85.00000 50.00000 75.00000 2.33796
90.00000 50.00000 75.00000 2.18958
95.00000 50.00000 75.00000 2.10179
100.00000 50.00000 75.00000 2.04752
105.00000 50.00000 75.00000 2.00641
110.00000 50.00000 75.00000 1.98658
115.00000 50.00000 75.00000 2.08182
120.00000 50.00000 75.00000 2.23755
125.00000 50.00000 75.00000 2.37192
130.00000 50.00000 75.00000 2.38264
135.00000 50.00000 75.00000 2.17900
140.00000 50.00000 75.00000 1.67677
145.00000 50.00000 75.00000 1.23316
150.00000 50.00000 75.00000 1.01798
155.00000 50.00000 75.00000 0.87934
160.00000 50.00000 75.00000 0.72350
165.00000 50.00000 75.00000 0.61123
170.00000 50.00000 75.00000 0.54231
175.00000 50.00000 75.00000 0.51031
180.00000 50.00000 75.00000 0.49683
185.00000 50.00000 75.00000 0.49511
190.00000 50.00000 75.00000 0.50968
195.00000 50.00000 75.00000 0.53659
200.00000 50.00000 75.00000 0.60395
205.00000 50.00000 75.00000 0.71851
210.00000 50.00000 75.00000 0.85063
215.00000 50.00000 75.00000 0.99534
220.00000 50.00000 75.00000 1.14502
225.00000 50.00000 75.00000 1.30629
230.00000 50.00000 75.00000 1.42178
235.00000 50.00000 75.00000 1.53386
240.00000 50.00000 75.00000 1.66435
245.00000 50.00000 75.00000 1.75165
250.00000 50.00000 75.00000 1.77693
255.00000 50.00000 75.00000 1.72819
260.00000 50.00000 75.00000 1.63481
265.00000 50.00000 75.00000 1.56279
270.00000 50.00000 75.00000 1.52371
275.00000 50.00000 75.00000 1.49351
280.00000 50.00000 75.00000 1.42322
285.00000 50.00000 75.00000 1.32503
290.00000 50.00000 75.00000 1.23977
295.00000 50.00000 75.00000 1.16907
300.00000 50.00000 75.00000 1.11031
305.00000 50.00000 75.00000 1.03254
310.00000 50.00000 75.00000 0.96481
315.00000 50.00000 75.00000 0.89987
320.00000 50.00000 75.00000 0.79556
325.00000 50.00000 75.00000 0.65279
330.00000 50.00000 75.00000 0.56582
335.00000 50.00000 75.00000 0.52673
340.00000 50.00000 75.00000 0.47971
345.00000 50.00000 75.00000 0.44802
350.00000 50.00000 75.00000 0.45255
355.00000 50.00000 75.00000 0.46908
0.00000 55.00000 75.00000 0.40377
5.00000 55.00000 75.00000 0.46398
10.00000 55.00000 75.00000 0.53493
15.00000 55.00000 75.00000 0.61741
20.00000 55.00000 75.00000 0.75270
25.00000 55.00000 75.00000 0.98946
30.00000 55.00000 75.00000 1.31774
35.00000 55.00000 75.00000 1.71523
40.00000 55.00000 75.00000 2.18711
45.00000 55.00000 75.00000 2.62020
50.00000 55.00000 75.00000 2.97236
55.00000 55.00000 75.00000 3.33798
60.00000 55.00000 75.00000 3.44034
65.00000 55.00000 75.00000 3.25843
70.00000 55.00000 75.00000 2.96049
75.00000 55.00000 75.00000 2.59926
80.00000 55.00000 75.00000 2.22712
85.00000 55.00000 75.00000 1.91277
90.00000 55.00000 75.00000 1.70116
95.00000 55.00000 75.00000 1.58083
100.00000 55.00000 75.00000 1.49120
105.00000 55.00000 75.00000 1.39179
110.00000 55.00000 75.00000 1.30817
115.00000 55.00000 75.00000 1.29290
120.00000 55.00000 75.00000 1.31029
125.00000 55.00000 75.00000 1.29561
130.00000 55.00000 75.00000 1.21697
135.00000 55.00000 75.00000 1.05653
140.00000 55.00000 75.00000 0.81739
145.00000 55.00000 75.00000 0.64792
150.00000 55.00000 75.00000 0.54964
155.00000 55.00000 75.00000 0.46430
160.00000 55.00000 75.00000 0.40158
165.00000 55.00000 75.00000 0.36896
170.00000 55.00000 75.00000 0.35831
175.00000 55.00000 75.00000 0.36452
180.00000 55.00000 75.00000 0.38382
185.00000 55.00000 75.00000 0.41633
190.00000 55.00000 75.00000 0.46149
195.00000 55.00000 75.00000 0.52098
200.00000 55.00000 75.00000 0.62459
205.00000 55.00000 75.00000 0.80309
210.00000 55.00000 75.00000 1.04676
215.00000 55.00000 75.00000 1.32807
220.00000 55.00000 75.00000 1.62432
225.00000 55.00000 75.00000 1.91224
230.00000 55.00000 75.00000 2.15296
235.00000 55.00000 75.00000 2.31022
240.00000 55.00000 75.00000 2.29876
245.00000 55.00000 75.00000 2.14536
250.00000 55.00000 75.00000 1.95361
255.00000 55.00000 75.00000 1.74149
260.00000 55.00000 75.00000 1.51924
265.00000 55.00000 75.00000 1.33755
270.00000 55.00000 75.00000 1.21745
275.00000 55.00000 75.00000 1.12683
280.00000 55.00000 75.00000 1.01998
285.00000 55.00000 75.00000 0.89561
290.00000 55.00000 75.00000 0.78862
295.00000 55.00000 75.00000 0.71423
300.00000 55.00000 75.00000 0.65712
305.00000 55.00000 75.00000 0.59401
310.00000 55.00000 75.00000 0.53498
315.00000 55.00000 75.00000 0.48438
320.00000 55.00000 75.00000 0.43128
325.00000 55.00000 75.00000 0.38047
330.00000 55.00000 75.00000 0.34858
335.00000 55.00000 75.00000 0.32976
340.00000 55.00000 75.00000 0.31906
345.00000 55.00000 75.00000 0.31957
350.00000 55.00000 75.00000 0.33388
355.00000 55.00000 75.00000 0.36133
0.00000 60.00000 75.00000 0.36972
5.00000 60.00000 75.00000 0.44050
10.00000 60.00000 75.00000 0.52565
15.00000 60.00000 75.00000 0.62623
20.00000 60.00000 75.00000 0.79551
25.00000 60.00000 75.00000 1.09215
30.00000 60.00000 75.00000 1.50571
35.00000 60.00000 75.00000 1.99134
40.00000 60.00000 75.00000 2.49624
45.00000 60.00000 75.00000 2.93928
50.00000 60.00000 75.00000 3.33795
55.00000 60.00000 75.00000 3.54598
60.00000 60.00000 75.00000 3.40105
65.00000 60.00000 75.00000 3.04224
70.00000 60.00000 75.00000 2.62593
75.00000 60.00000 75.00000 2.19636
80.00000 60.00000 75.00000 1.78065
85.00000 60.00000 75.00000 1.44086
90.00000 60.00000 75.00000 1.20914
95.00000 60.00000 75.00000 1.06116
100.00000 60.00000 75.00000 0.94599
105.00000 60.00000 75.00000 0.83717
110.00000 60.00000 75.00000 0.75218
115.00000 60.00000 75.00000 0.71016
120.00000 60.00000 75.00000 0.68822
125.00000 60.00000 75.00000 0.64966
130.00000 60.00000 75.00000 0.58972
135.00000 60.00000 75.00000 0.51893
140.00000 60.00000 75.00000 0.44256
145.00000 60.00000 75.00000 0.38773
150.00000 60.00000 75.00000 0.34943
155.00000 60.00000 75.00000 0.31702
160.00000 60.00000 75.00000 0.29740
165.00000 60.00000 75.00000 0.29034
170.00000 60.00000 75.00000 0.29212
175.00000 60.00000 75.00000 0.30266
180.00000 60.00000 75.00000 0.32603
185.00000 60.00000 75.00000 0.36897
190.00000 60.00000 75.00000 0.43384
195.00000 60.00000 75.00000 0.52432
200.00000 60.00000 75.00000 0.67411
205.00000 60.00000 75.00000 0.93564
210.00000 60.00000 75.00000 1.31648
215.00000 60.00000 75.00000 1.76590
220.00000 60.00000 75.00000 2.22766
225.00000 60.00000 75.00000 2.66024
230.00000 60.00000 75.00000 2.98133
235.00000 60.00000 75.00000 3.06025
240.00000 60.00000 75.00000 2.83724
245.00000 60.00000 75.00000 2.42457
250.00000 60.00000 75.00000 2.00590
255.00000 60.00000 75.00000 1.64760
260.00000 60.00000 75.00000 1.33751
265.00000 60.00000 75.00000 1.09522
270.00000 60.00000 75.00000 0.93306
275.00000 60.00000 75.00000 0.81226
280.00000 60.00000 75.00000 0.69167
285.00000 60.00000 75.00000 0.57576
290.00000 60.00000 75.00000 0.49137
295.00000 60.00000 75.00000 0.44457
300.00000 60.00000 75.00000 0.41583
305.00000 60.00000 75.00000 0.38552
310.00000 60.00000 75.00000 0.35492
315.00000 60.00000 75.00000 0.33065
320.00000 60.00000 75.00000 0.31100
325.00000 60.00000 75.00000 0.29531
330.00000 60.00000 75.00000 0.28482
335.00000 60.00000 75.00000 0.27958
340.00000 60.00000 75.00000 0.27884
345.00000 60.00000 75.00000 0.28348
350.00000 60.00000 75.00000 0.29632
355.00000 60.00000 75.00000 0.32272
0.00000 65.00000 75.00000 0.41075
5.00000 65.00000 75.00000 0.49833
10.00000 65.00000 75.00000 0.59167
15.00000 65.00000 75.00000 0.69779
20.00000 65.00000 75.00000 0.87848
25.00000 65.00000 75.00000 1.19340
30.00000 65.00000 75.00000 1.62618
35.00000 65.00000 75.00000 2.11428
40.00000 65.00000 75.00000 2.58256
45.00000 65.00000 75.00000 2.93198
50.00000 65.00000 75.00000 3.23883
55.00000 65.00000 75.00000 3.31483
60.00000 65.00000 75.00000 3.02349
65.00000 65.00000 75.00000 2.58286
70.00000 65.00000 75.00000 2.14204
75.00000 65.00000 75.00000 1.74308
80.00000 65.00000 75.00000 1.38834
85.00000 65.00000 75.00000 1.10721
90.00000 65.00000 75.00000 0.90926
95.00000 65.00000 75.00000 0.76283
100.00000 65.00000 75.00000 0.64025
105.00000 65.00000 75.00000 0.54024
110.00000 65.00000 75.00000 0.47267
115.00000 65.00000 75.00000 0.43906
120.00000 65.00000 75.00000 0.42157
125.00000 65.00000 75.00000 0.39998
130.00000 65.00000 75.00000 0.37469
135.00000 65.00000 75.00000 0.35189
140.00000 65.00000 75.00000 0.33007
145.00000 65.00000 75.00000 0.31096
150.00000 65.00000 75.00000 0.29527
155.00000 65.00000 75.00000 0.28365
160.00000 65.00000 75.00000 0.27783
165.00000 65.00000 75.00000 0.27746
170.00000 65.00000 75.00000 0.28259
175.00000 65.00000 75.00000 0.29624
180.00000 65.00000 75.00000 0.32510
185.00000 65.00000 75.00000 0.37810
190.00000 65.00000 75.00000 0.46169
195.00000 65.00000 75.00000 0.58339
200.00000 65.00000 75.00000 0.77867
205.00000 65.00000 75.00000 1.10962
210.00000 65.00000 75.00000 1.59437
215.00000 65.00000 75.00000 2.16829
220.00000 65.00000 75.00000 2.74763
225.00000 65.00000 75.00000 3.25390
230.00000 65.00000 75.00000 3.53108
235.00000 65.00000 75.00000 3.43675
240.00000 65.00000 75.00000 3.01747
245.00000 65.00000 75.00000 2.44490
250.00000 65.00000 75.00000 1.90439
255.00000 65.00000 75.00000 1.48139
260.00000 65.00000 75.00000 1.15288
265.00000 65.00000 75.00000 0.91069
270.00000 65.00000 75.00000 0.75126
275.00000 65.00000 75.00000 0.63080
280.00000 65.00000 75.00000 0.51651
285.00000 65.00000 75.00000 0.42076
290.00000 65.00000 75.00000 0.36218
295.00000 65.00000 75.00000 0.33661
300.00000 65.00000 75.00000 0.32604
305.00000 65.00000 75.00000 0.31541
310.00000 65.00000 75.00000 0.30319
315.00000 65.00000 75.00000 0.29405
320.00000 65.00000 75.00000 0.28717
325.00000 65.00000 75.00000 0.28063
330.00000 65.00000 75.00000 0.27634
335.00000 65.00000 75.00000 0.27562
340.00000 65.00000 75.00000 0.27861
345.00000 65.00000 75.00000 0.28694
350.00000 65.00000 75.00000 0.30616
355.00000 65.00000 75.00000 0.34521
0.00000 70.00000 75.00000 0.50108
5.00000 70.00000 75.00000 0.61178
10.00000 70.00000 75.00000 0.71483
15.00000 70.00000 75.00000 0.82948
20.00000 70.00000 75.00000 1.01389
25.00000 70.00000 75.00000 1.30386
30.00000 70.00000 75.00000 1.67360
35.00000 70.00000 75.00000 2.07911
40.00000 70.00000 75.00000 2.48662
45.00000 70.00000 75.00000 2.81190
50.00000 70.00000 75.00000 2.97638
55.00000 70.00000 75.00000 2.84098
60.00000 70.00000 75.00000 2.46115
65.00000 70.00000 75.00000 2.04377
70.00000 70.00000 75.00000 1.66624
75.00000 70.00000 75.00000 1.34829
80.00000 70.00000 75.00000 1.08885
85.00000 70.00000 75.00000 0.89235
90.00000 70.00000 75.00000 0.74600
95.00000 70.00000 75.00000 0.61654
100.00000 70.00000 75.00000 0.49809
105.00000 70.00000 75.00000 0.40985
110.00000 70.00000 75.00000 0.35919
115.00000 70.00000 75.00000 0.33697
120.00000 70.00000 75.00000 0.32828
125.00000 70.00000 75.00000 0.32177
130.00000 70.00000 75.00000 0.31544
135.00000 70.00000 75.00000 0.31156
140.00000 70.00000 75.00000 0.30621
145.00000 70.00000 75.00000 0.29799
150.00000 70.00000 75.00000 0.29077
155.00000 70.00000 75.00000 0.28715
160.00000 70.00000 75.00000 0.28770
165.00000 70.00000 75.00000 0.29367
170.00000 70.00000 75.00000 0.30904
175.00000 70.00000 75.00000 0.34020
180.00000 70.00000 75.00000 0.39192
185.00000 70.00000 75.00000 0.46753
190.00000 70.00000 75.00000 0.57448
195.00000 70.00000 75.00000 0.72651
200.00000 70.00000 75.00000 0.95550
205.00000 70.00000 75.00000 1.31245
210.00000 70.00000 75.00000 1.81290
215.00000 70.00000 75.00000 2.39955
220.00000 70.00000 75.00000 2.98516
225.00000 70.00000 75.00000 3.43550
230.00000 70.00000 75.00000 3.55122
235.00000 70.00000 75.00000 3.26381
240.00000 70.00000 75.00000 2.74967
245.00000 70.00000 75.00000 2.18588
250.00000 70.00000 75.00000 1.67540
255.00000 70.00000 75.00000 1.27809
260.00000 70.00000 75.00000 0.98342
265.00000 70.00000 75.00000 0.77736
270.00000 70.00000 75.00000 0.64163
275.00000 70.00000 75.00000 0.53490
280.00000 70.00000 75.00000 0.43546
285.00000 70.00000 75.00000 0.35896
290.00000 70.00000 75.00000 0.31762
295.00000 70.00000 75.00000 0.30248
300.00000 70.00000 75.00000 0.29879
305.00000 70.00000 75.00000 0.29647
310.00000 70.00000 75.00000 0.29394
315.00000 70.00000 75.00000 0.29292
320.00000 70.00000 75.00000 0.29068
325.00000 70.00000 75.00000 0.28586
330.00000 70.00000 75.00000 0.28254
335.00000 70.00000 75.00000 0.28357
340.00000 70.00000 75.00000 0.28983
345.00000 70.00000 75.00000 0.30491
350.00000 70.00000 75.00000 0.33834
355.00000 70.00000 75.00000 0.40321
0.00000 75.00000 75.00000 0.56052
5.00000 75.00000 75.00000 0.67751
10.00000 75.00000 75.00000 0.77912
15.00000 75.00000 75.00000 0.89890
20.00000 75.00000 75.00000 1.07742
25.00000 75.00000 75.00000 1.31379
30.00000 75.00000 75.00000 1.57858
35.00000 75.00000 75.00000 1.86797
40.00000 75.00000 75.00000 2.18375
45.00000 75.00000 75.00000 2.43531
50.00000 75.00000 75.00000 2.47265
55.00000 75.00000 75.00000 2.21736
60.00000 75.00000 75.00000 1.84845
65.00000 75.00000 75.00000 1.53333
70.00000 75.00000 75.00000 1.27263
75.00000 75.00000 75.00000 1.05509
80.00000 75.00000 75.00000 0.88786
85.00000 75.00000 75.00000 0.76832
90.00000 75.00000 75.00000 0.66884
95.00000 75.00000 75.00000 0.55800
100.00000 75.00000 75.00000 0.44537
105.00000 75.00000 75.00000 0.36415
110.00000 75.00000 75.00000 0.32248
115.00000 75.00000 75.00000 0.30667
120.00000 75.00000 75.00000 0.30319
125.00000 75.00000 75.00000 0.30462
130.00000 75.00000 75.00000 0.30847
135.00000 75.00000 75.00000 0.31184
140.00000 75.00000 75.00000 0.31012
145.00000 75.00000 75.00000 0.30394
150.00000 75.00000 75.00000 0.29974
155.00000 75.00000 75.00000 0.30179
160.00000 75.00000 75.00000 0.31004
165.00000 75.00000 75.00000 0.32768
170.00000 75.00000 75.00000 0.36473
175.00000 75.00000 75.00000 0.43239
180.00000 75.00000 75.00000 0.52824
185.00000 75.00000 75.00000 0.63742
190.00000 75.00000 75.00000 0.76144
195.00000 75.00000 75.00000 0.92379
200.00000 75.00000 75.00000 1.15273
205.00000 75.00000 75.00000 1.47351
210.00000 75.00000 75.00000 1.88691
215.00000 75.00000 75.00000 2.35883
220.00000 75.00000 75.00000 2.79974
225.00000 75.00000 75.00000 3.01866
230.00000 75.00000 75.00000 2.96179
235.00000 75.00000 75.00000 2.62342
240.00000 75.00000 75.00000 2.16197
245.00000 75.00000 75.00000 1.73943
250.00000 75.00000 75.00000 1.37289
255.00000 75.00000 75.00000 1.07376
260.00000 75.00000 75.00000 0.84974
265.00000 75.00000 75.00000 0.69666
270.00000 75.00000 75.00000 0.59168
275.00000 75.00000 75.00000 0.50057
280.00000 75.00000 75.00000 0.41322
285.00000 75.00000 75.00000 0.34804
290.00000 75.00000 75.00000 0.31421
295.00000 75.00000 75.00000 0.30199
300.00000 75.00000 75.00000 0.29969
305.00000 75.00000 75.00000 0.30122
310.00000 75.00000 75.00000 0.30544
315.00000 75.00000 75.00000 0.31006
320.00000 75.00000 75.00000 0.30829
325.00000 75.00000 75.00000 0.30030
330.00000 75.00000 75.00000 0.29463
335.00000 75.00000 75.00000 0.29525
340.00000 75.00000 75.00000 0.30248
345.00000 75.00000 75.00000 0.32096
350.00000 75.00000 75.00000 0.36338
355.00000 75.00000 75.00000 0.44490
0.00000 80.00000 75.00000 0.53195
5.00000 80.00000 75.00000 0.61806
10.00000 80.00000 75.00000 0.68847
15.00000 80.00000 75.00000 0.77996
20.00000 80.00000 75.00000 0.91801
25.00000 80.00000 75.00000 1.08250
30.00000 80.00000 75.00000 1.24820
35.00000 80.00000 75.00000 1.43451
40.00000 80.00000 75.00000 1.65762
45.00000 80.00000 75.00000 1.81504
50.00000 80.00000 75.00000 1.77050
55.00000 80.00000 75.00000 1.52697
60.00000 80.00000 75.00000 1.26237
65.00000 80.00000 75.00000 1.08099
70.00000 80.00000 75.00000 0.95127
75.00000 80.00000 75.00000 0.84344
80.00000 80.00000 75.00000 0.76436
85.00000 80.00000 75.00000 0.71363
90.00000 80.00000 75.00000 0.65715
95.00000 80.00000 75.00000 0.56391
100.00000 80.00000 75.00000 0.45302
105.00000 80.00000 75.00000 0.36955
110.00000 80.00000 75.00000 0.32727
115.00000 80.00000 75.00000 0.31205
120.00000 80.00000 75.00000 0.31029
125.00000 80.00000 75.00000 0.31620
130.00000 80.00000 75.00000 0.32696
135.00000 80.00000 75.00000 0.33456
140.00000 80.00000 75.00000 0.33111
145.00000 80.00000 75.00000 0.31982
150.00000 80.00000 75.00000 0.31365
155.00000 80.00000 75.00000 0.31906
160.00000 80.00000 75.00000 0.33364
165.00000 80.00000 75.00000 0.36080
170.00000 80.00000 75.00000 0.41597
175.00000 80.00000 75.00000 0.51525
180.00000 80.00000 75.00000 0.64774
185.00000 80.00000 75.00000 0.77580
190.00000 80.00000 75.00000 0.88750
195.00000 80.00000 75.00000 1.01465
200.00000 80.00000 75.00000 1.18799
205.00000 80.00000 75.00000 1.41464
210.00000 80.00000 75.00000 1.67960
215.00000 80.00000 75.00000 1.96980
220.00000 80.00000 75.00000 2.18880
225.00000 80.00000 75.00000 2.15204
230.00000 80.00000 75.00000 2.03070
235.00000 80.00000 75.00000 1.79928
240.00000 80.00000 75.00000 1.48881
245.00000 80.00000 75.00000 1.24579
250.00000 80.00000 75.00000 1.05292
255.00000 80.00000 75.00000 0.88560
260.00000 80.00000 75.00000 0.75339
265.00000 80.00000 75.00000 0.66356
270.00000 80.00000 75.00000 0.59518
275.00000 80.00000 75.00000 0.52043
280.00000 80.00000 75.00000 0.44005
285.00000 80.00000 75.00000 0.37808
290.00000 80.00000 75.00000 0.34534
295.00000 80.00000 75.00000 0.33274
300.00000 80.00000 75.00000 0.33046
305.00000 80.00000 75.00000 0.33567
310.00000 80.00000 75.00000 0.34804
315.00000 80.00000 75.00000 0.35854
320.00000 80.00000 75.00000 0.35281
325.00000 80.00000 75.00000 0.33531
330.00000 80.00000 75.00000 0.32312
335.00000 80.00000 75.00000 0.32032
340.00000 80.00000 75.00000 0.32331
345.00000 80.00000 75.00000 0.33539
350.00000 80.00000 75.00000 0.36925
355.00000 80.00000 75.00000 0.43792
0.00000 85.00000 75.00000 0.47684
5.00000 85.00000 75.00000 0.50762
10.00000 85.00000 75.00000 0.52497
15.00000 85.00000 75.00000 0.56095
20.00000 85.00000 75.00000 0.63307
25.00000 85.00000 75.00000 0.72476
30.00000 85.00000 75.00000 0.81581
35.00000 85.00000 75.00000 0.92134
40.00000 85.00000 75.00000 1.05504
45.00000 85.00000 75.00000 1.14205
50.00000 85.00000 75.00000 1.08852
55.00000 85.00000 75.00000 0.92898
60.00000 85.00000 75.00000 0.78775
65.00000 85.00000 75.00000 0.71651
70.00000 85.00000 75.00000 0.68808
75.00000 85.00000 75.00000 0.67406
80.00000 85.00000 75.00000 0.67440
85.00000 85.00000 75.00000 0.68782
90.00000 85.00000 75.00000 0.67751
95.00000 85.00000 75.00000 0.60852
100.00000 85.00000 75.00000 0.50380
105.00000 85.00000 75.00000 0.41771
110.00000 85.00000 75.00000 0.37271
115.00000 85.00000 75.00000 0.35742
120.00000 85.00000 75.00000 0.35730
125.00000 85.00000 75.00000 0.36786
130.00000 85.00000 75.00000 0.38751
135.00000 85.00000 75.00000 0.40232
140.00000 85.00000 75.00000 0.39315
145.00000 85.00000 75.00000 0.36610
150.00000 85.00000 75.00000 0.34860
155.00000 85.00000 75.00000 0.34994
160.00000 85.00000 75.00000 0.36219
165.00000 85.00000 75.00000 0.38409
170.00000 85.00000 75.00000 0.43058
175.00000 85.00000 75.00000 0.51804
180.00000 85.00000 75.00000 0.63325
185.00000 85.00000 75.00000 0.73294
190.00000 85.00000 75.00000 0.79970
195.00000 85.00000 75.00000 0.86302
200.00000 85.00000 75.00000 0.95449
205.00000 85.00000 75.00000 1.07535
210.00000 85.00000 75.00000 1.20663
215.00000 85.00000 75.00000 1.34392
220.00000 85.00000 75.00000 1.42304
225.00000 85.00000 75.00000 1.33841
230.00000 85.00000 75.00000 1.24310
235.00000 85.00000 75.00000 1.09858
240.00000 85.00000 75.00000 0.92914
245.00000 85.00000 75.00000 0.82689
250.00000 85.00000 75.00000 0.76669
255.00000 85.00000 75.00000 0.71537
260.00000 85.00000 75.00000 0.67339
265.00000 85.00000 75.00000 0.65015
270.00000 85.00000 75.00000 0.62651
275.00000 85.00000 75.00000 0.57602
280.00000 85.00000 75.00000 0.50735
285.00000 85.00000 75.00000 0.45305
290.00000 85.00000 75.00000 0.42743
295.00000 85.00000 75.00000 0.42157
300.00000 85.00000 75.00000 0.42619
305.00000 85.00000 75.00000 0.44323
310.00000 85.00000 75.00000 0.47494
315.00000 85.00000 75.00000 0.49855
320.00000 85.00000 75.00000 0.48369
325.00000 85.00000 75.00000 0.44629
330.00000 85.00000 75.00000 0.42139
335.00000 85.00000 75.00000 0.41086
340.00000 85.00000 75.00000 0.40155
345.00000 85.00000 75.00000 0.39300
350.00000 85.00000 75.00000 0.39956
355.00000 85.00000 75.00000 0.43197
0.00000 90.00000 75.00000 0.49042
5.00000 90.00000 75.00000 0.45939
10.00000 90.00000 75.00000 0.42269
15.00000 90.00000 75.00000 0.40864
20.00000 90.00000 75.00000 0.42676
25.00000 90.00000 75.00000 0.46395
30.00000 90.00000 75.00000 0.50483
35.00000 90.00000 75.00000 0.55411
40.00000 90.00000 75.00000 0.61799
45.00000 90.00000 75.00000 0.65668
50.00000 90.00000 75.00000 0.62390
55.00000 90.00000 75.00000 0.54649
60.00000 90.00000 75.00000 0.48922
65.00000 90.00000 75.00000 0.47556
70.00000 90.00000 75.00000 0.49410
75.00000 90.00000 75.00000 0.53151
80.00000 90.00000 75.00000 0.58467
85.00000 90.00000 75.00000 0.64782
90.00000 90.00000 75.00000 0.68375
95.00000 90.00000 75.00000 0.65350
100.00000 90.00000 75.00000 0.57714
105.00000 90.00000 75.00000 0.50998
110.00000 90.00000 75.00000 0.47864
115.00000 90.00000 75.00000 0.47603
120.00000 90.00000 75.00000 0.48886
125.00000 90.00000 75.00000 0.51634
130.00000 90.00000 75.00000 0.55934
135.00000 90.00000 75.00000 0.59151
140.00000 90.00000 75.00000 0.57439
145.00000 90.00000 75.00000 0.51459
150.00000 90.00000 75.00000 0.46572
155.00000 90.00000 75.00000 0.44612
160.00000 90.00000 75.00000 0.44073
165.00000 90.00000 75.00000 0.43984
170.00000 90.00000 75.00000 0.45249
175.00000 90.00000 75.00000 0.49007
180.00000 90.00000 75.00000 0.54051
185.00000 90.00000 75.00000 0.57524
190.00000 90.00000 75.00000 0.58641
195.00000 90.00000 75.00000 0.59763
200.00000 90.00000 75.00000 0.62906
205.00000 90.00000 75.00000 0.67827
210.00000 90.00000 75.00000 0.73003
215.00000 90.00000 75.00000 0.78311
220.00000 90.00000 75.00000 0.80585
225.00000 90.00000 75.00000 0.75923
230.00000 90.00000 75.00000 0.71811
235.00000 90.00000 75.00000 0.64509
240.00000 90.00000 75.00000 0.57185
245.00000 90.00000 75.00000 0.54516
250.00000 90.00000 75.00000 0.55065
255.00000 90.00000 75.00000 0.56710
260.00000 90.00000 75.00000 0.59019
265.00000 90.00000 75.00000 0.62309
270.00000 90.00000 75.00000 0.64718
275.00000 90.00000 75.00000 0.63620
280.00000 90.00000 75.00000 0.60085
285.00000 90.00000 75.00000 0.57906
290.00000 90.00000 75.00000 0.58725
295.00000 90.00000 75.00000 0.61644
300.00000 90.00000 75.00000 0.65696
305.00000 90.00000 75.00000 0.71830
310.00000 90.00000 75.00000 0.80321
315.00000 90.00000 75.00000 0.85837
320.00000 90.00000 75.00000 0.82562
325.00000 90.00000 75.00000 0.74795
330.00000 90.00000 75.00000 0.69430
335.00000 90.00000 75.00000 0.66301
340.00000 90.00000 75.00000 0.62367
345.00000 90.00000 75.00000 0.56947
350.00000 90.00000 75.00000 0.52459
355.00000 90.00000 75.00000 0.50457
0.00000 0.00000 80.00000 0.38832
5.00000 0.00000 80.00000 0.39978
10.00000 0.00000 80.00000 0.40177
15.00000 0.00000 80.00000 0.38220
20.00000 0.00000 80.00000 0.35700
25.00000 0.00000 80.00000 0.35101
30.00000 0.00000 80.00000 0.37178
35.00000 0.00000 80.00000 0.40854
40.00000 0.00000 80.00000 0.44692
45.00000 0.00000 80.00000 0.49143
50.00000 0.00000 80.00000 0.54557
55.00000 0.00000 80.00000 0.57547
60.00000 0.00000 80.00000 0.54641
65.00000 0.00000 80.00000 0.47081
70.00000 0.00000 80.00000 0.41292
75.00000 0.00000 80.00000 0.39105
80.00000 0.00000 80.00000 0.38546
85.00000 0.00000 80.00000 0.38361
90.00000 0.00000 80.00000 0.38832
95.00000 0.00000 80.00000 0.39978
100.00000 0.00000 80.00000 0.40177
105.00000 0.00000 80.00000 0.38220
110.00000 0.00000 80.00000 0.35700
115.00000 0.00000 80.00000 0.35101
120.00000 0.00000 80.00000 0.37178
125.00000 0.00000 80.00000 0.40854
130.00000 0.00000 80.00000 0.44692
135.00000 0.00000 80.00000 0.49143
140.00000 0.00000 80.00000 0.54557
145.00000 0.00000 80.00000 0.57547
150.00000 0.00000 80.00000 0.54641
155.00000 0.00000 80.00000 0.47081
160.00000 0.00000 80.00000 0.41292
165.00000 0.00000 80.00000 0.39105
170.00000 0.00000 80.00000 0.38546
175.00000 0.00000 80.00000 0.38361
180.00000 0.00000 80.00000 0.38832
185.00000 0.00000 80.00000 0.39978
190.00000 0.00000 80.00000 0.40177
195.00000 0.00000 80.00000 0.38220
200.00000 0.00000 80.00000 0.35700
205.00000 0.00000 80.00000 0.35101
210.00000 0.00000 80.00000 0.37178
215.00000 0.00000 80.00000 0.40854
220.00000 0.00000 80.00000 0.44692
225.00000 0.00000 80.00000 0.49143
230.00000 0.00000 80.00000 0.54557
235.00000 0.00000 80.00000 0.57547
240.00000 0.00000 80.00000 0.54641
245.00000 0.00000 80.00000 0.47081
250.00000 0.00000 80.00000 0.41292
255.00000 0.00000 80.00000 0.39105
260.00000 0.00000 80.00000 0.38546
265.00000 0.00000 80.00000 0.38361
270.00000 0.00000 80.00000 0.38832
275.00000 0.00000 80.00000 0.39978
280.00000 0.00000 80.00000 0.40177
285.00000 0.00000 80.00000 0.38220
290.00000 0.00000 80.00000 0.35700
295.00000 0.00000 80.00000 0.35101
300.00000 0.00000 80.00000 0.37178
305.00000 0.00000 80.00000 0.40854
310.00000 0.00000 80.00000 0.44692
315.00000 0.00000 80.00000 0.49143
320.00000 0.00000 80.00000 0.54557
325.00000 0.00000 80.00000 0.57547
330.00000 0.00000 80.00000 0.54641
335.00000 0.00000 80.00000 0.47081
340.00000 0.00000 80.00000 0.41292
345.00000 0.00000 80.00000 0.39105
350.00000 0.00000 80.00000 0.38546
355.00000 0.00000 80.00000 0.38361
0.00000 5.00000 80.00000 0.51446
5.00000 5.00000 80.00000 0.53331
10.00000 5.00000 80.00000 0.53052
15.00000 5.00000 80.00000 0.49285
20.00000 5.00000 80.00000 0.44586
25.00000 5.00000 80.00000 0.42403
30.00000 5.00000 80.00000 0.43436
35.00000 5.00000 80.00000 0.46142
40.00000 5.00000 80.00000 0.49086
45.00000 5.00000 80.00000 0.52971
50.00000 5.00000 80.00000 0.58439
55.00000 5.00000 80.00000 0.61396
60.00000 5.00000 80.00000 0.57107
65.00000 5.00000 80.00000 0.48954
70.00000 5.00000 80.00000 0.43353
75.00000 5.00000 80.00000 0.41176
80.00000 5.00000 80.00000 0.40320
85.00000 5.00000 80.00000 0.39536
90.00000 5.00000 80.00000 0.39092
95.00000 5.00000 80.00000 0.39186
100.00000 5.00000 80.00000 0.38763
105.00000 5.00000 80.00000 0.37000
110.00000 5.00000 80.00000 0.35016
115.00000 5.00000 80.00000 0.34665
120.00000 5.00000 80.00000 0.36619
125.00000 5.00000 80.00000 0.40172
130.00000 5.00000 80.00000 0.44277
135.00000 5.00000 80.00000 0.49184
140.00000 5.00000 80.00000 0.54068
145.00000 5.00000 80.00000 0.55991
150.00000 5.00000 80.00000 0.54502
155.00000 5.00000 80.00000 0.48004
160.00000 5.00000 80.00000 0.41834
165.00000 5.00000 80.00000 0.38999
170.00000 5.00000 80.00000 0.37922
175.00000 5.00000 80.00000 0.37433
180.00000 5.00000 80.00000 0.37756
185.00000 5.00000 80.00000 0.38984
190.00000 5.00000 80.00000 0.39621
195.00000 5.00000 80.00000 0.38187
200.00000 5.00000 80.00000 0.35740
205.00000 5.00000 80.00000 0.34639
210.00000 5.00000 80.00000 0.35863
215.00000 5.00000 80.00000 0.38707
220.00000 5.00000 80.00000 0.42028
225.00000 5.00000 80.00000 0.45870
230.00000 5.00000 80.00000 0.49506
235.00000 5.00000 80.00000 0.51030
240.00000 5.00000 80.00000 0.49919
245.00000 5.00000 80.00000 0.44324
250.00000 5.00000 80.00000 0.39305
255.00000 5.00000 80.00000 0.37342
260.00000 5.00000 80.00000 0.36966
265.00000 5.00000 80.00000 0.37302
270.00000 5.00000 80.00000 0.38812
275.00000 5.00000 80.00000 0.41510
280.00000 5.00000 80.00000 0.43396
285.00000 5.00000 80.00000 0.42532
290.00000 5.00000 80.00000 0.40353
295.00000 5.00000 80.00000 0.39974
300.00000 5.00000 80.00000 0.42588
305.00000 5.00000 80.00000 0.46964
310.00000 5.00000 80.00000 0.51419
315.00000 5.00000 80.00000 0.56482
320.00000 5.00000 80.00000 0.62408
325.00000 5.00000 80.00000 0.65431
330.00000 5.00000 80.00000 0.62297
335.00000 5.00000 80.00000 0.54429
340.00000 5.00000 80.00000 0.48759
345.00000 5.00000 80.00000 0.47431
350.00000 5.00000 80.00000 0.48315
355.00000 5.00000 80.00000 0.49682
0.00000 10.00000 80.00000 0.64937
5.00000 10.00000 80.00000 0.66891
10.00000 10.00000 80.00000 0.66350
15.00000 10.00000 80.00000 0.61536
20.00000 10.00000 80.00000 0.54997
25.00000 10.00000 80.00000 0.50758
30.00000 10.00000 80.00000 0.49836
35.00000 10.00000 80.00000 0.50813
40.00000 10.00000 80.00000 0.52512
45.00000 10.00000 80.00000 0.55603
50.00000 10.00000 80.00000 0.60309
55.00000 10.00000 80.00000 0.62582
60.00000 10.00000 80.00000 0.58301
65.00000 10.00000 80.00000 0.51079
70.00000 10.00000 80.00000 0.46340
75.00000 10.00000 80.00000 0.44301
80.00000 10.00000 80.00000 0.42923
85.00000 10.00000 80.00000 0.41323
90.00000 10.00000 80.00000 0.40224
95.00000 10.00000 80.00000 0.40211
100.00000 10.00000 80.00000 0.40298
105.00000 10.00000 80.00000 0.39328
110.00000 10.00000 80.00000 0.38065
115.00000 10.00000 80.00000 0.38360
120.00000 10.00000 80.00000 0.40970
125.00000 10.00000 80.00000 0.45255
130.00000 10.00000 80.00000 0.50405
135.00000 10.00000 80.00000 0.56929
140.00000 10.00000 80.00000 0.64173
145.00000 10.00000 80.00000 0.67876
150.00000 10.00000 80.00000 0.65535
155.00000 10.00000 80.00000 0.57413
160.00000 10.00000 80.00000 0.50136
165.00000 10.00000 80.00000 0.47034
170.00000 10.00000 80.00000 0.46535
175.00000 10.00000 80.00000 0.47122
180.00000 10.00000 80.00000 0.48773
185.00000 10.00000 80.00000 0.51355
190.00000 10.00000 80.00000 0.52479
195.00000 10.00000 80.00000 0.49638
200.00000 10.00000 80.00000 0.44272
205.00000 10.00000 80.00000 0.40118
210.00000 10.00000 80.00000 0.38826
215.00000 10.00000 80.00000 0.39691
220.00000 10.00000 80.00000 0.41590
225.00000 10.00000 80.00000 0.44364
230.00000 10.00000 80.00000 0.47280
235.00000 10.00000 80.00000 0.48569
240.00000 10.00000 80.00000 0.47242
245.00000 10.00000 80.00000 0.42409
250.00000 10.00000 80.00000 0.38312
255.00000 10.00000 80.00000 0.36778
260.00000 10.00000 80.00000 0.36648
265.00000 10.00000 80.00000 0.37435
270.00000 10.00000 80.00000 0.39906
275.00000 10.00000 80.00000 0.44423
280.00000 10.00000 80.00000 0.49081
285.00000 10.00000 80.00000 0.51072
290.00000 10.00000 80.00000 0.50759
295.00000 10.00000 80.00000 0.51434
300.00000 10.00000 80.00000 0.55144
305.00000 10.00000 80.00000 0.61053
310.00000 10.00000 80.00000 0.67343
315.00000 10.00000 80.00000 0.74074
320.00000 10.00000 80.00000 0.78750
325.00000 10.00000 80.00000 0.77953
330.00000 10.00000 80.00000 0.75904
335.00000 10.00000 80.00000 0.68500
340.00000 10.00000 80.00000 0.61543
345.00000 10.00000 80.00000 0.59737
350.00000 10.00000 80.00000 0.61002
355.00000 10.00000 80.00000 0.62905
0.00000 15.00000 80.00000 0.63850
5.00000 15.00000 80.00000 0.64566
10.00000 15.00000 80.00000 0.64333
15.00000 15.00000 80.00000 0.60652
20.00000 15.00000 80.00000 0.54900
25.00000 15.00000 80.00000 0.50724
30.00000 15.00000 80.00000 0.49456
35.00000 15.00000 80.00000 0.50076
40.00000 15.00000 80.00000 0.51718
45.00000 15.00000 80.00000 0.55022
50.00000 15.00000 80.00000 0.60153
55.00000 15.00000 80.00000 0.63343
60.00000 15.00000 80.00000 0.60685
65.00000 15.00000 80.00000 0.55303
70.00000 15.00000 80.00000 0.51886
75.00000 15.00000 80.00000 0.50153
80.00000 15.00000 80.00000 0.48072
85.00000 15.00000 80.00000 0.45460
90.00000 15.00000 80.00000 0.44167
95.00000 15.00000 80.00000 0.45191
100.00000 15.00000 80.00000 0.46815
105.00000 15.00000 80.00000 0.46776
110.00000 15.00000 80.00000 0.45900
115.00000 15.00000 80.00000 0.47089
120.00000 15.00000 80.00000 0.51502
125.00000 15.00000 80.00000 0.57686
130.00000 15.00000 80.00000 0.64054
135.00000 15.00000 80.00000 0.71736
140.00000 15.00000 80.00000 0.81344
145.00000 15.00000 80.00000 0.86846
150.00000 15.00000 80.00000 0.81850
155.00000 15.00000 80.00000 0.70298
160.00000 15.00000 80.00000 0.61318
165.00000 15.00000 80.00000 0.58006
170.00000 15.00000 80.00000 0.58222
175.00000 15.00000 80.00000 0.59932
180.00000 15.00000 80.00000 0.63001
185.00000 15.00000 80.00000 0.66934
190.00000 15.00000 80.00000 0.67849
195.00000 15.00000 80.00000 0.62295
200.00000 15.00000 80.00000 0.52864
205.00000 15.00000 80.00000 0.45098
210.00000 15.00000 80.00000 0.41236
215.00000 15.00000 80.00000 0.40225
220.00000 15.00000 80.00000 0.40693
225.00000 15.00000 80.00000 0.42403
230.00000 15.00000 80.00000 0.45214
235.00000 15.00000 80.00000 0.47102
240.00000 15.00000 80.00000 0.45549
245.00000 15.00000 80.00000 0.41480
250.00000 15.00000 80.00000 0.38676
255.00000 15.00000 80.00000 0.38177
260.00000 15.00000 80.00000 0.38791
265.00000 15.00000 80.00000 0.40145
270.00000 15.00000 80.00000 0.43541
275.00000 15.00000 80.00000 0.50297
280.00000 15.00000 80.00000 0.58861
285.00000 15.00000 80.00000 0.65495
290.00000 15.00000 80.00000 0.69117
295.00000 15.00000 80.00000 0.72608
300.00000 15.00000 80.00000 0.78508
305.00000 15.00000 80.00000 0.86592
310.00000 15.00000 80.00000 0.95131
315.00000 15.00000 80.00000 1.03918
320.00000 15.00000 80.00000 1.07701
325.00000 15.00000 80.00000 1.00755
330.00000 15.00000 80.00000 0.94356
335.00000 15.00000 80.00000 0.83418
340.00000 15.00000 80.00000 0.72294
345.00000 15.00000 80.00000 0.67057
350.00000 15.00000 80.00000 0.65309
355.00000 15.00000 80.00000 0.64280
0.00000 20.00000 80.00000 0.52610
5.00000 20.00000 80.00000 0.51659
10.00000 20.00000 80.00000 0.51422
15.00000 20.00000 80.00000 0.49137
20.00000 20.00000 80.00000 0.45533
25.00000 20.00000 80.00000 0.43387
30.00000 20.00000 80.00000 0.43709
35.00000 20.00000 80.00000 0.45676
40.00000 20.00000 80.00000 0.48723
45.00000 20.00000 80.00000 0.53730
50.00000 20.00000 80.00000 0.61192
55.00000 20.00000 80.00000 0.67563
60.00000 20.00000 80.00000 0.68175
65.00000 20.00000 80.00000 0.65169
70.00000 20.00000 80.00000 0.63258
75.00000 20.00000 80.00000 0.61861
80.00000 20.00000 80.00000 0.58934
85.00000 20.00000 80.00000 0.55552
90.00000 20.00000 80.00000 0.54809
95.00000 20.00000 80.00000 0.57829
100.00000 20.00000 80.00000 0.61715
105.00000 20.00000 80.00000 0.62847
110.00000 20.00000 80.00000 0.62288
115.00000 20.00000 80.00000 0.64835
120.00000 20.00000 80.00000 0.72595
125.00000 20.00000 80.00000 0.82315
130.00000 20.00000 80.00000 0.89835
135.00000 20.00000 80.00000 0.96519
140.00000 20.00000 80.00000 1.04723
145.00000 20.00000 80.00000 1.07573
150.00000 20.00000 80.00000 0.98438
155.00000 20.00000 80.00000 0.82928
160.00000 20.00000 80.00000 0.70999
165.00000 20.00000 80.00000 0.65775
170.00000 20.00000 80.00000 0.64530
175.00000 20.00000 80.00000 0.64873
180.00000 20.00000 80.00000 0.66926
185.00000 20.00000 80.00000 0.69934
190.00000 20.00000 80.00000 0.69248
195.00000 20.00000 80.00000 0.61907
200.00000 20.00000 80.00000 0.51507
205.00000 20.00000 80.00000 0.43461
210.00000 20.00000 80.00000 0.39442
215.00000 20.00000 80.00000 0.38128
220.00000 20.00000 80.00000 0.38146
225.00000 20.00000 80.00000 0.39383
230.00000 20.00000 80.00000 0.42098
235.00000 20.00000 80.00000 0.44854
240.00000 20.00000 80.00000 0.44938
245.00000 20.00000 80.00000 0.42834
250.00000 20.00000 80.00000 0.42023
255.00000 20.00000 80.00000 0.43609
260.00000 20.00000 80.00000 0.46005
265.00000 20.00000 80.00000 0.48513
270.00000 20.00000 80.00000 0.53386
275.00000 20.00000 80.00000 0.63218
280.00000 20.00000 80.00000 0.76730
285.00000 20.00000 80.00000 0.89076
290.00000 20.00000 80.00000 0.98476
295.00000 20.00000 80.00000 1.07991
300.00000 20.00000 80.00000 1.19713
305.00000 20.00000 80.00000 1.32133
310.00000 20.00000 80.00000 1.43100
315.00000 20.00000 80.00000 1.52926
320.00000 20.00000 80.00000 1.53515
325.00000 20.00000 80.00000 1.36248
330.00000 20.00000 80.00000 1.19175
335.00000 20.00000 80.00000 0.99358
340.00000 20.00000 80.00000 0.80669
345.00000 20.00000 80.00000 0.69328
350.00000 20.00000 80.00000 0.62174
355.00000 20.00000 80.00000 0.56403
0.00000 25.00000 80.00000 0.46776
5.00000 25.00000 80.00000 0.44335
10.00000 25.00000 80.00000 0.43157
15.00000 25.00000 80.00000 0.40904
20.00000 25.00000 80.00000 0.38525
25.00000 25.00000 80.00000 0.38090
30.00000 25.00000 80.00000 0.40003
35.00000 25.00000 80.00000 0.43629
40.00000 25.00000 80.00000 0.49069
45.00000 25.00000 80.00000 0.57614
50.00000 25.00000 80.00000 0.69861
55.00000 25.00000 80.00000 0.81844
60.00000 25.00000 80.00000 0.87086
65.00000 25.00000 80.00000 0.86582
70.00000 25.00000 80.00000 0.85633
75.00000 25.00000 80.00000 0.84220
80.00000 25.00000 80.00000 0.80856
85.00000 25.00000 80.00000 0.77632
90.00000 25.00000 80.00000 0.78326
95.00000 25.00000 80.00000 0.83676
100.00000 25.00000 80.00000 0.89944
105.00000 25.00000 80.00000 0.93016
110.00000 25.00000 80.00000 0.94332
115.00000 25.00000 80.00000 1.00095
120.00000 25.00000 80.00000 1.13405
125.00000 25.00000 80.00000 1.29045
130.00000 25.00000 80.00000 1.38837
135.00000 25.00000 80.00000 1.43031
140.00000 25.00000 80.00000 1.45554
145.00000 25.00000 80.00000 1.39973
150.00000 25.00000 80.00000 1.22736
155.00000 25.00000 80.00000 1.00841
160.00000 25.00000 80.00000 0.82956
165.00000 25.00000 80.00000 0.72585
170.00000 25.00000 80.00000 0.66724
175.00000 25.00000 80.00000 0.62901
180.00000 25.00000 80.00000 0.61417
185.00000 25.00000 80.00000 0.61420
190.00000 25.00000 80.00000 0.58749
195.00000 25.00000 80.00000 0.51727
200.00000 25.00000 80.00000 0.43743
205.00000 25.00000 80.00000 0.38295
210.00000 25.00000 80.00000 0.35947
215.00000 25.00000 80.00000 0.35497
220.00000 25.00000 80.00000 0.36057
225.00000 25.00000 80.00000 0.37771
230.00000 25.00000 80.00000 0.41194
235.00000 25.00000 80.00000 0.45698
240.00000 25.00000 80.00000 0.48618
245.00000 25.00000 80.00000 0.49526
250.00000 25.00000 80.00000 0.51747
255.00000 25.00000 80.00000 0.56801
260.00000 25.00000 80.00000 0.62389
265.00000 25.00000 80.00000 0.67289
270.00000 25.00000 80.00000 0.74800
275.00000 25.00000 80.00000 0.88564
280.00000 25.00000 80.00000 1.07025
285.00000 25.00000 80.00000 1.24782
290.00000 25.00000 80.00000 1.40696
295.00000 25.00000 80.00000 1.59555
300.00000 25.00000 80.00000 1.82949
305.00000 25.00000 80.00000 2.04769
310.00000 25.00000 80.00000 2.19533
315.00000 25.00000 80.00000 2.28901
320.00000 25.00000 80.00000 2.22195
325.00000 25.00000 80.00000 1.89890
330.00000 25.00000 80.00000 1.57837
335.00000 25.00000 80.00000 1.23944
340.00000 25.00000 80.00000 0.93984
345.00000 25.00000 80.00000 0.75013
350.00000 25.00000 80.00000 0.62541
355.00000 25.00000 80.00000 0.52974
0.00000 30.00000 80.00000 0.52250
5.00000 30.00000 80.00000 0.48474
10.00000 30.00000 80.00000 0.45692
15.00000 30.00000 80.00000 0.42406
20.00000 30.00000 80.00000 0.40143
25.00000 30.00000 80.00000 0.40464
30.00000 30.00000 80.00000 0.43411
35.00000 30.00000 80.00000 0.48995
40.00000 30.00000 80.00000 0.58530
45.00000 30.00000 80.00000 0.73800
50.00000 30.00000 80.00000 0.94470
55.00000 30.00000 80.00000 1.14998
60.00000 30.00000 80.00000 1.26456
65.00000 30.00000 80.00000 1.28177
70.00000 30.00000 80.00000 1.27191
75.00000 30.00000 80.00000 1.25898
80.00000 30.00000 80.00000 1.23440
85.00000 30.00000 80.00000 1.21787
90.00000 30.00000 80.00000 1.24270
95.00000 30.00000 80.00000 1.31156
100.00000 30.00000 80.00000 1.39023
105.00000 30.00000 80.00000 1.45136
110.00000 30.00000 80.00000 1.51899
115.00000 30.00000 80.00000 1.64657
120.00000 30.00000 80.00000 1.86052
125.00000 30.00000 80.00000 2.09522
130.00000 30.00000 80.00000 2.23334
135.00000 30.00000 80.00000 2.25185
140.00000 30.00000 80.00000 2.18003
145.00000 30.00000 80.00000 1.97913
150.00000 30.00000 80.00000 1.66295
155.00000 30.00000 80.00000 1.32342
160.00000 30.00000 80.00000 1.04400
165.00000 30.00000 80.00000 0.85883
170.00000 30.00000 80.00000 0.73903
175.00000 30.00000 80.00000 0.65353
180.00000 30.00000 80.00000 0.59983
185.00000 30.00000 80.00000 0.56825
190.00000 30.00000 80.00000 0.52672
195.00000 30.00000 80.00000 0.46568
200.00000 30.00000 80.00000 0.40843
205.00000 30.00000 80.00000 0.37225
210.00000 30.00000 80.00000 0.35785
215.00000 30.00000 80.00000 0.36018
220.00000 30.00000 80.00000 0.37607
225.00000 30.00000 80.00000 0.40799
230.00000 30.00000 80.00000 0.46212
235.00000 30.00000 80.00000 0.53665
240.00000 30.00000 80.00000 0.61086
245.00000 30.00000 80.00000 0.67071
250.00000 30.00000 80.00000 0.74163
255.00000 30.00000 80.00000 0.84129
260.00000 30.00000 80.00000 0.94345
265.00000 30.00000 80.00000 1.03537
270.00000 30.00000 80.00000 1.15385
275.00000 30.00000 80.00000 1.33050
280.00000 30.00000 80.00000 1.54384
285.00000 30.00000 80.00000 1.75233
290.00000 30.00000 80.00000 1.96612
295.00000 30.00000 80.00000 2.24443
300.00000 30.00000 80.00000 2.60137
305.00000 30.00000 80.00000 2.92987
310.00000 30.00000 80.00000 3.11557
315.00000 30.00000 80.00000 3.16357
320.00000 30.00000 80.00000 2.92043
325.00000 30.00000 80.00000 2.35738
330.00000 30.00000 80.00000 1.95701
335.00000 30.00000 80.00000 1.53405
340.00000 30.00000 80.00000 1.12108
345.00000 30.00000 80.00000 0.86211
350.00000 30.00000 80.00000 0.70544
355.00000 30.00000 80.00000 0.59510
0.00000 35.00000 80.00000 0.65971
5.00000 35.00000 80.00000 0.61879
10.00000 35.00000 80.00000 0.57707
15.00000 35.00000 80.00000 0.53484
20.00000 35.00000 80.00000 0.51324
25.00000 35.00000 80.00000 0.52308
30.00000 35.00000 80.00000 0.56610
35.00000 35.00000 80.00000 0.65723
40.00000 35.00000 80.00000 0.82993
45.00000 35.00000 80.00000 1.10059
50.00000 35.00000 80.00000 1.43541
55.00000 35.00000 80.00000 1.77984
60.00000 35.00000 80.00000 2.00645
65.00000 35.00000 80.00000 2.03564
70.00000 35.00000 80.00000 2.01244
75.00000 35.00000 80.00000 2.00482
80.00000 35.00000 80.00000 2.00259
85.00000 35.00000 80.00000 2.00730
90.00000 35.00000 80.00000 2.04558
95.00000 35.00000 80.00000 2.11503
100.00000 35.00000 80.00000 2.18879
105.00000 35.00000 80.00000 2.27346
110.00000 35.00000 80.00000 2.41674
115.00000 35.00000 80.00000 2.63838
120.00000 35.00000 80.00000 2.92531
125.00000 35.00000 80.00000 3.20053
130.00000 35.00000 80.00000 3.34203
135.00000 35.00000 80.00000 3.29733
140.00000 35.00000 80.00000 3.04101
145.00000 35.00000 80.00000 2.59842
150.00000 35.00000 80.00000 2.13661
155.00000 35.00000 80.00000 1.67941
160.00000 35.00000 80.00000 1.29504
165.00000 35.00000 80.00000 1.03364
170.00000 35.00000 80.00000 0.86880
175.00000 35.00000 80.00000 0.76062
180.00000 35.00000 80.00000 0.68752
185.00000 35.00000 80.00000 0.63669
190.00000 35.00000 80.00000 0.58626
195.00000 35.00000 80.00000 0.53142
200.00000 35.00000 80.00000 0.48384
205.00000 35.00000 80.00000 0.44825
210.00000 35.00000 80.00000 0.42980
215.00000 35.00000 80.00000 0.43592
220.00000 35.00000 80.00000 0.47267
225.00000 35.00000 80.00000 0.53907
230.00000 35.00000 80.00000 0.63047
235.00000 35.00000 80.00000 0.75509
240.00000 35.00000 80.00000 0.91027
245.00000 35.00000 80.00000 1.06104
250.00000 35.00000 80.00000 1.19970
255.00000 35.00000 80.00000 1.34801
260.00000 35.00000 80.00000 1.49692
265.00000 35.00000 80.00000 1.64591
270.00000 35.00000 80.00000 1.81747
275.00000 35.00000 80.00000 2.01286
280.00000 35.00000 80.00000 2.20476
285.00000 35.00000 80.00000 2.38719
290.00000 35.00000 80.00000 2.60048
295.00000 35.00000 80.00000 2.88221
300.00000 35.00000 80.00000 3.22698
305.00000 35.00000 80.00000 3.53498
310.00000 35.00000 80.00000 3.67777
315.00000 35.00000 80.00000 3.62775
320.00000 35.00000 80.00000 3.19941
325.00000 35.00000 80.00000 2.44491
330.00000 35.00000 80.00000 2.05719
335.00000 35.00000 80.00000 1.66474
340.00000 35.00000 80.00000 1.22004
345.00000 35.00000 80.00000 0.94663
350.00000 35.00000 80.00000 0.80308
355.00000 35.00000 80.00000 0.71684
0.00000 40.00000 80.00000 0.77689
5.00000 40.00000 80.00000 0.75380
10.00000 40.00000 80.00000 0.71751
15.00000 40.00000 80.00000 0.68553
20.00000 40.00000 80.00000 0.68459
25.00000 40.00000 80.00000 0.72082
30.00000 40.00000 80.00000 0.79399
35.00000 40.00000 80.00000 0.94996
40.00000 40.00000 80.00000 1.24805
45.00000 40.00000 80.00000 1.64890
50.00000 40.00000 80.00000 2.10542
55.00000 40.00000 80.00000 2.69976
60.00000 40.00000 80.00000 3.16843
65.00000 40.00000 80.00000 3.17998
70.00000 40.00000 80.00000 3.09266
75.00000 40.00000 80.00000 3.03914
80.00000 40.00000 80.00000 3.01591
85.00000 40.00000 80.00000 3.00553
90.00000 40.00000 80.00000 3.03740
95.00000 40.00000 80.00000 3.08393
100.00000 40.00000 80.00000 3.12250
105.00000 40.00000 80.00000 3.19170
110.00000 40.00000 80.00000 3.37901
115.00000 40.00000 80.00000 3.66446
120.00000 40.00000 80.00000 3.96477
125.00000 40.00000 80.00000 4.18573
130.00000 40.00000 80.00000 4.23070
135.00000 40.00000 80.00000 3.98346
140.00000 40.00000 80.00000 3.39354
145.00000 40.00000 80.00000 2.68772
150.00000 40.00000 80.00000 2.27125
155.00000 40.00000 80.00000 1.82372
160.00000 40.00000 80.00000 1.40307
165.00000 40.00000 80.00000 1.11740
170.00000 40.00000 80.00000 0.94222
175.00000 40.00000 80.00000 0.84856
180.00000 40.00000 80.00000 0.78750
185.00000 40.00000 80.00000 0.74141
190.00000 40.00000 80.00000 0.69727
195.00000 40.00000 80.00000 0.65957
200.00000 40.00000 80.00000 0.63277
205.00000 40.00000 80.00000 0.60857
210.00000 40.00000 80.00000 0.60046
215.00000 40.00000 80.00000 0.62801
220.00000 40.00000 80.00000 0.71500
225.00000 40.00000 80.00000 0.84524
230.00000 40.00000 80.00000 0.97077
235.00000 40.00000 80.00000 1.17632
240.00000 40.00000 80.00000 1.48362
245.00000 40.00000 80.00000 1.75922
250.00000 40.00000 80.00000 1.93404
255.00000 40.00000 80.00000 2.07338
260.00000 40.00000 80.00000 2.21083
265.00000 40.00000 80.00000 2.37651
270.00000 40.00000 80.00000 2.55881
275.00000 40.00000 80.00000 2.71602
280.00000 40.00000 80.00000 2.81781
285.00000 40.00000 80.00000 2.89452
290.00000 40.00000 80.00000 3.00722
295.00000 40.00000 80.00000 3.15941
300.00000 40.00000 80.00000 3.30603
305.00000 40.00000 80.00000 3.41029
310.00000 40.00000 80.00000 3.41267
315.00000 40.00000 80.00000 3.26823
320.00000 40.00000 80.00000 2.83505
325.00000 40.00000 80.00000 2.18148
330.00000 40.00000 80.00000 1.82667
335.00000 40.00000 80.00000 1.49868
340.00000 40.00000 80.00000 1.13034
345.00000 40.00000 80.00000 0.92188
350.00000 40.00000 80.00000 0.83307
355.00000 40.00000 80.00000 0.79473
0.00000 45.00000 80.00000 0.76293
5.00000 45.00000 80.00000 0.77574
10.00000 45.00000 80.00000 0.77233
15.00000 45.00000 80.00000 0.77827
20.00000 45.00000 80.00000 0.83143
25.00000 45.00000 80.00000 0.93947
30.00000 45.00000 80.00000 1.07637
35.00000 45.00000 80.00000 1.33081
40.00000 45.00000 80.00000 1.77148
45.00000 45.00000 80.00000 2.18387
50.00000 45.00000 80.00000 2.63994
55.00000 45.00000 80.00000 3.39094
60.00000 45.00000 80.00000 3.97989
65.00000 45.00000 80.00000 4.01164
70.00000 45.00000 80.00000 3.89307
75.00000 45.00000 80.00000 3.75641
80.00000 45.00000 80.00000 3.63544
85.00000 45.00000 80.00000 3.54185
90.00000 45.00000 80.00000 3.51927
95.00000 45.00000 80.00000 3.51253
100.00000 45.00000 80.00000 3.49591
105.00000 45.00000 80.00000 3.51517
110.00000 45.00000 80.00000 3.68850
115.00000 45.00000 80.00000 3.97934
120.00000 45.00000 80.00000 4.26221
125.00000 45.00000 80.00000 4.40823
130.00000 45.00000 80.00000 4.34473
135.00000 45.00000 80.00000 3.80186
140.00000 45.00000 80.00000 2.94221
145.00000 45.00000 80.00000 2.23511
150.00000 45.00000 80.00000 1.91796
155.00000 45.00000 80.00000 1.53473
160.00000 45.00000 80.00000 1.18607
165.00000 45.00000 80.00000 0.96159
170.00000 45.00000 80.00000 0.83192
175.00000 45.00000 80.00000 0.78290
180.00000 45.00000 80.00000 0.75875
185.00000 45.00000 80.00000 0.74229
190.00000 45.00000 80.00000 0.72555
195.00000 45.00000 80.00000 0.72557
200.00000 45.00000 80.00000 0.75399
205.00000 45.00000 80.00000 0.79283
210.00000 45.00000 80.00000 0.85740
215.00000 45.00000 80.00000 0.95617
220.00000 45.00000 80.00000 1.13970
225.00000 45.00000 80.00000 1.35013
230.00000 45.00000 80.00000 1.46638
235.00000 45.00000 80.00000 1.75702
240.00000 45.00000 80.00000 2.18409
245.00000 45.00000 80.00000 2.49991
250.00000 45.00000 80.00000 2.62892
255.00000 45.00000 80.00000 2.65761
260.00000 45.00000 80.00000 2.67297
265.00000 45.00000 80.00000 2.74035
270.00000 45.00000 80.00000 2.82538
275.00000 45.00000 80.00000 2.86570
280.00000 45.00000 80.00000 2.83284
285.00000 45.00000 80.00000 2.77151
290.00000 45.00000 80.00000 2.74004
295.00000 45.00000 80.00000 2.73102
300.00000 45.00000 80.00000 2.67913
305.00000 45.00000 80.00000 2.60264
310.00000 45.00000 80.00000 2.50801
315.00000 45.00000 80.00000 2.34249
320.00000 45.00000 80.00000 1.97979
325.00000 45.00000 80.00000 1.56293
330.00000 45.00000 80.00000 1.31272
335.00000 45.00000 80.00000 1.08713
340.00000 45.00000 80.00000 0.86385
345.00000 45.00000 80.00000 0.75944
350.00000 45.00000 80.00000 0.73398
355.00000 45.00000 80.00000 0.73952
0.00000 50.00000 80.00000 0.65287
5.00000 50.00000 80.00000 0.70362
10.00000 50.00000 80.00000 0.74201
15.00000 50.00000 80.00000 0.79248
20.00000 50.00000 80.00000 0.90039
25.00000 50.00000 80.00000 1.07787
30.00000 50.00000 80.00000 1.29529
35.00000 50.00000 80.00000 1.63216
40.00000 50.00000 80.00000 2.11958
45.00000 50.00000 80.00000 2.50293
50.00000 50.00000 80.00000 2.96991
55.00000 50.00000 80.00000 3.62385
60.00000 50.00000 80.00000 4.00207
65.00000 50.00000 80.00000 4.04190
70.00000 50.00000 80.00000 3.93692
75.00000 50.00000 80.00000 3.74028
80.00000 50.00000 80.00000 3.50699
85.00000 50.00000 80.00000 3.31253
90.00000 50.00000 80.00000 3.21691
95.00000 50.00000 80.00000 3.16192
100.00000 50.00000 80.00000 3.09389
105.00000 50.00000 80.00000 3.05094
110.00000 50.00000 80.00000 3.14673
115.00000 50.00000 80.00000 3.35500
120.00000 50.00000 80.00000 3.54157
125.00000 50.00000 80.00000 3.57121
130.00000 50.00000 80.00000 3.39720
135.00000 50.00000 80.00000 2.79376
140.00000 50.00000 80.00000 2.06801
145.00000 50.00000 80.00000 1.58414
150.00000 50.00000 80.00000 1.27435
155.00000 50.00000 80.00000 0.98059
160.00000 50.00000 80.00000 0.77009
165.00000 50.00000 80.00000 0.65358
170.00000 50.00000 80.00000 0.60656
175.00000 50.00000 80.00000 0.61041
180.00000 50.00000 80.00000 0.63068
185.00000 50.00000 80.00000 0.65249
190.00000 50.00000 80.00000 0.67054
195.00000 50.00000 80.00000 0.70828
200.00000 50.00000 80.00000 0.79366
205.00000 50.00000 80.00000 0.91817
210.00000 50.00000 80.00000 1.08838
215.00000 50.00000 80.00000 1.30386
220.00000 50.00000 80.00000 1.60679
225.00000 50.00000 80.00000 1.92709
230.00000 50.00000 80.00000 2.15529
235.00000 50.00000 80.00000 2.48061
240.00000 50.00000 80.00000 2.79047
245.00000 50.00000 80.00000 2.95507
250.00000 50.00000 80.00000 2.94656
255.00000 50.00000 80.00000 2.80483
260.00000 50.00000 80.00000 2.64840
265.00000 50.00000 80.00000 2.55562
270.00000 50.00000 80.00000 2.49913
275.00000 50.00000 80.00000 2.41477
280.00000 50.00000 80.00000 2.26982
285.00000 50.00000 80.00000 2.10517
290.00000 50.00000 80.00000 1.97484
295.00000 50.00000 80.00000 1.87682
300.00000 50.00000 80.00000 1.75566
305.00000 50.00000 80.00000 1.62968
310.00000 50.00000 80.00000 1.52150
315.00000 50.00000 80.00000 1.38871
320.00000 50.00000 80.00000 1.14089
325.00000 50.00000 80.00000 0.91258
330.00000 50.00000 80.00000 0.76668
335.00000 50.00000 80.00000 0.65091
340.00000 50.00000 80.00000 0.56539
345.00000 50.00000 80.00000 0.53916
350.00000 50.00000 80.00000 0.55664
355.00000 50.00000 80.00000 0.59780
0.00000 55.00000 80.00000 0.51732
5.00000 55.00000 80.00000 0.58725
10.00000 55.00000 80.00000 0.64932
15.00000 55.00000 80.00000 0.72411
20.00000 55.00000 80.00000 0.86037
25.00000 55.00000 80.00000 1.07268
30.00000 55.00000 80.00000 1.34679
35.00000 55.00000 80.00000 1.70576
40.00000 55.00000 80.00000 2.14970
45.00000 55.00000 80.00000 2.59021
50.00000 55.00000 80.00000 3.07583
55.00000 55.00000 80.00000 3.49171
60.00000 55.00000 80.00000 3.61048
65.00000 55.00000 80.00000 3.52612
70.00000 55.00000 80.00000 3.34074
75.00000 55.00000 80.00000 3.06474
80.00000 55.00000 80.00000 2.74095
85.00000 55.00000 80.00000 2.46449
90.00000 55.00000 80.00000 2.30242
95.00000 55.00000 80.00000 2.21147
100.00000 55.00000 80.00000 2.12004
105.00000 55.00000 80.00000 2.04006
110.00000 55.00000 80.00000 2.04737
115.00000 55.00000 80.00000 2.13175
120.00000 55.00000 80.00000 2.18004
125.00000 55.00000 80.00000 2.10010
130.00000 55.00000 80.00000 1.89327
135.00000 55.00000 80.00000 1.52889
140.00000 55.00000 80.00000 1.16231
145.00000 55.00000 80.00000 0.92740
150.00000 55.00000 80.00000 0.73187
155.00000 55.00000 80.00000 0.57067
160.00000 55.00000 80.00000 0.47388
165.00000 55.00000 80.00000 0.43067
170.00000 55.00000 80.00000 0.42527
175.00000 55.00000 80.00000 0.44656
180.00000 55.00000 80.00000 0.48486
185.00000 55.00000 80.00000 0.53130
190.00000 55.00000 80.00000 0.57739
195.00000 55.00000 80.00000 0.64119
200.00000 55.00000 80.00000 0.76409
205.00000 55.00000 80.00000 0.96337
210.00000 55.00000 80.00000 1.23597
215.00000 55.00000 80.00000 1.57743
220.00000 55.00000 80.00000 1.99398
225.00000 55.00000 80.00000 2.44631
230.00000 55.00000 80.00000 2.84345
235.00000 55.00000 80.00000 3.10536
240.00000 55.00000 80.00000 3.15515
245.00000 55.00000 80.00000 3.05093
250.00000 55.00000 80.00000 2.82986
255.00000 55.00000 80.00000 2.51895
260.00000 55.00000 80.00000 2.21489
265.00000 55.00000 80.00000 1.99206
270.00000 55.00000 80.00000 1.83547
275.00000 55.00000 80.00000 1.67925
280.00000 55.00000 80.00000 1.48893
285.00000 55.00000 80.00000 1.29885
290.00000 55.00000 80.00000 1.15769
295.00000 55.00000 80.00000 1.06314
300.00000 55.00000 80.00000 0.97227
305.00000 55.00000 80.00000 0.87752
310.00000 55.00000 80.00000 0.79343
315.00000 55.00000 80.00000 0.71070
320.00000 55.00000 80.00000 0.60417
325.00000 55.00000 80.00000 0.50949
330.00000 55.00000 80.00000 0.44366
335.00000 55.00000 80.00000 0.40087
340.00000 55.00000 80.00000 0.38002
345.00000 55.00000 80.00000 0.38301
350.00000 55.00000 80.00000 0.40866
355.00000 55.00000 80.00000 0.45421
0.00000 60.00000 80.00000 0.45011
5.00000 60.00000 80.00000 0.52405
10.00000 60.00000 80.00000 0.58614
15.00000 60.00000 80.00000 0.65869
20.00000 60.00000 80.00000 0.79894
25.00000 60.00000 80.00000 1.02637
30.00000 60.00000 80.00000 1.31938
35.00000 60.00000 80.00000 1.65909
40.00000 60.00000 80.00000 2.03694
45.00000 60.00000 80.00000 2.44621
50.00000 60.00000 80.00000 2.83737
55.00000 60.00000 80.00000 3.03725
60.00000 60.00000 80.00000 2.96825
65.00000 60.00000 80.00000 2.75956
70.00000 60.00000 80.00000 2.51903
75.00000 60.00000 80.00000 2.23888
80.00000 60.00000 80.00000 1.92462
85.00000 60.00000 80.00000 1.64854
90.00000 60.00000 80.00000 1.46831
95.00000 60.00000 80.00000 1.35629
100.00000 60.00000 80.00000 1.25663
105.00000 60.00000 80.00000 1.16825
110.00000 60.00000 80.00000 1.13225
115.00000 60.00000 80.00000 1.14540
120.00000 60.00000 80.00000 1.13857
125.00000 60.00000 80.00000 1.06221
130.00000 60.00000 80.00000 0.93777
135.00000 60.00000 80.00000 0.77680
140.00000 60.00000 80.00000 0.62373
145.00000 60.00000 80.00000 0.52920
150.00000 60.00000 80.00000 0.44297
155.00000 60.00000 80.00000 0.37413
160.00000 60.00000 80.00000 0.33820
165.00000 60.00000 80.00000 0.32632
170.00000 60.00000 80.00000 0.33021
175.00000 60.00000 80.00000 0.34917
180.00000 60.00000 80.00000 0.38752
185.00000 60.00000 80.00000 0.44461
190.00000 60.00000 80.00000 0.50970
195.00000 60.00000 80.00000 0.59413
200.00000 60.00000 80.00000 0.74756
205.00000 60.00000 80.00000 1.00902
210.00000 60.00000 80.00000 1.37223
215.00000 60.00000 80.00000 1.80904
220.00000 60.00000 80.00000 2.30056
225.00000 60.00000 80.00000 2.81499
230.00000 60.00000 80.00000 3.22184
235.00000 60.00000 80.00000 3.34553
240.00000 60.00000 80.00000 3.16909
245.00000 60.00000 80.00000 2.84400
250.00000 60.00000 80.00000 2.47470
255.00000 60.00000 80.00000 2.08670
260.00000 60.00000 80.00000 1.72986
265.00000 60.00000 80.00000 1.46490
270.00000 60.00000 80.00000 1.27951
275.00000 60.00000 80.00000 1.10639
280.00000 60.00000 80.00000 0.91771
285.00000 60.00000 80.00000 0.75147
290.00000 60.00000 80.00000 0.64547
295.00000 60.00000 80.00000 0.59079
300.00000 60.00000 80.00000 0.55097
305.00000 60.00000 80.00000 0.50520
310.00000 60.00000 80.00000 0.45960
315.00000 60.00000 80.00000 0.42055
320.00000 60.00000 80.00000 0.38221
325.00000 60.00000 80.00000 0.34744
330.00000 60.00000 80.00000 0.32278
335.00000 60.00000 80.00000 0.30979
340.00000 60.00000 80.00000 0.30802
345.00000 60.00000 80.00000 0.31806
350.00000 60.00000 80.00000 0.34236
355.00000 60.00000 80.00000 0.38539
0.00000 65.00000 80.00000 0.48906
5.00000 65.00000 80.00000 0.56805
10.00000 65.00000 80.00000 0.62055
15.00000 65.00000 80.00000 0.67632
20.00000 65.00000 80.00000 0.79718
25.00000 65.00000 80.00000 1.00169
30.00000 65.00000 80.00000 1.25992
35.00000 65.00000 80.00000 1.53983
40.00000 65.00000 80.00000 1.83599
45.00000 65.00000 80.00000 2.15392
50.00000 65.00000 80.00000 2.41764
55.00000 65.00000 80.00000 2.45982
60.00000 65.00000 80.00000 2.28023
65.00000 65.00000 80.00000 2.02702
70.00000 65.00000 80.00000 1.79778
75.00000 65.00000 80.00000 1.57693
80.00000 65.00000 80.00000 1.34431
85.00000 65.00000 80.00000 1.13755
90.00000 65.00000 80.00000 0.98632
95.00000 65.00000 80.00000 0.87280
100.00000 65.00000 80.00000 0.77170
105.00000 65.00000 80.00000 0.68812
110.00000 65.00000 80.00000 0.64338
115.00000 65.00000 80.00000 0.63262
120.00000 65.00000 80.00000 0.61949
125.00000 65.00000 80.00000 0.58130
130.00000 65.00000 80.00000 0.53419
135.00000 65.00000 80.00000 0.48387
140.00000 65.00000 80.00000 0.42946
145.00000 65.00000 80.00000 0.38242
150.00000 65.00000 80.00000 0.34049
155.00000 65.00000 80.00000 0.31224
160.00000 65.00000 80.00000 0.30053
165.00000 65.00000 80.00000 0.30032
170.00000 65.00000 80.00000 0.30847
175.00000 65.00000 80.00000 0.32884
180.00000 65.00000 80.00000 0.36997
185.00000 65.00000 80.00000 0.43509
190.00000 65.00000 80.00000 0.51426
195.00000 65.00000 80.00000 0.61387
200.00000 65.00000 80.00000 0.78241
205.00000 65.00000 80.00000 1.06722
210.00000 65.00000 80.00000 1.46288
215.00000 65.00000 80.00000 1.92368
220.00000 65.00000 80.00000 2.41859
225.00000 65.00000 80.00000 2.89468
230.00000 65.00000 80.00000 3.17874
235.00000 65.00000 80.00000 3.13396
240.00000 65.00000 80.00000 2.83145
245.00000 65.00000 80.00000 2.43495
250.00000 65.00000 80.00000 2.04588
255.00000 65.00000 80.00000 1.67946
260.00000 65.00000 80.00000 1.35247
265.00000 65.00000 80.00000 1.11169
270.00000 65.00000 80.00000 0.94476
275.00000 65.00000 80.00000 0.78765
280.00000 65.00000 80.00000 0.62451
285.00000 65.00000 80.00000 0.49442
290.00000 65.00000 80.00000 0.42290
295.00000 65.00000 80.00000 0.39668
300.00000 65.00000 80.00000 0.38491
305.00000 65.00000 80.00000 0.36830
310.00000 65.00000 80.00000 0.35033
315.00000 65.00000 80.00000 0.33722
320.00000 65.00000 80.00000 0.32396
325.00000 65.00000 80.00000 0.30818
330.00000 65.00000 80.00000 0.29646
335.00000 65.00000 80.00000 0.29289
340.00000 65.00000 80.00000 0.29875
345.00000 65.00000 80.00000 0.31635
350.00000 65.00000 80.00000 0.35094
355.00000 65.00000 80.00000 0.40882
0.00000 70.00000 80.00000 0.57661
5.00000 70.00000 80.00000 0.66426
10.00000 70.00000 80.00000 0.71305
15.00000 70.00000 80.00000 0.76037
20.00000 70.00000 80.00000 0.86031
25.00000 70.00000 80.00000 1.02154
30.00000 70.00000 80.00000 1.21758
35.00000 70.00000 80.00000 1.43078
40.00000 70.00000 80.00000 1.67068
45.00000 70.00000 80.00000 1.91727
50.00000 70.00000 80.00000 2.04511
55.00000 70.00000 80.00000 1.94911
60.00000 70.00000 80.00000 1.71734
65.00000 70.00000 80.00000 1.48109
70.00000 70.00000 80.00000 1.28924
75.00000 70.00000 80.00000 1.12561
80.00000 70.00000 80.00000 0.97308
85.00000 70.00000 80.00000 0.84284
90.00000 70.00000 80.00000 0.73506
95.00000 70.00000 80.00000 0.63328
100.00000 70.00000 80.00000 0.53784
105.00000 70.00000 80.00000 0.46608
110.00000 70.00000 80.00000 0.42835
115.00000 70.00000 80.00000 0.41677
120.00000 70.00000 80.00000 0.41230
125.00000 70.00000 80.00000 0.40329
130.00000 70.00000 80.00000 0.39545
135.00000 70.00000 80.00000 0.38733
140.00000 70.00000 80.00000 0.36984
145.00000 70.00000 80.00000 0.34452
150.00000 70.00000 80.00000 0.32161
155.00000 70.00000 80.00000 0.30985
160.00000 70.00000 80.00000 0.31020
165.00000 70.00000 80.00000 0.32094
170.00000 70.00000 80.00000 0.34280
175.00000 70.00000 80.00000 0.38034
180.00000 70.00000 80.00000 0.43883
185.00000 70.00000 80.00000 0.51756
190.00000 70.00000 80.00000 0.60846
195.00000 70.00000 80.00000 0.71897
200.00000 70.00000 80.00000 0.88723
205.00000 70.00000 80.00000 1.15245
210.00000 70.00000 80.00000 1.50958
215.00000 70.00000 80.00000 1.92111
220.00000 70.00000 80.00000 2.35408
225.00000 70.00000 80.00000 2.71448
230.00000 70.00000 80.00000 2.82032
235.00000 70.00000 80.00000 2.62888
240.00000 70.00000 80.00000 2.30084
245.00000 70.00000 80.00000 1.95759
250.00000 70.00000 80.00000 1.63771
255.00000 70.00000 80.00000 1.34230
260.00000 70.00000 80.00000 1.07957
265.00000 70.00000 80.00000 0.88562
270.00000 70.00000 80.00000 0.74945
275.00000 70.00000 80.00000 0.61961
280.00000 70.00000 80.00000 0.48838
285.00000 70.00000 80.00000 0.39117
290.00000 70.00000 80.00000 0.34335
295.00000 70.00000 80.00000 0.32972
300.00000 70.00000 80.00000 0.32814
305.00000 70.00000 80.00000 0.32589
310.00000 70.00000 80.00000 0.32452
315.00000 70.00000 80.00000 0.32580
320.00000 70.00000 80.00000 0.32118
325.00000 70.00000 80.00000 0.30921
330.00000 70.00000 80.00000 0.29936
335.00000 70.00000 80.00000 0.29869
340.00000 70.00000 80.00000 0.31002
345.00000 70.00000 80.00000 0.33775
350.00000 70.00000 80.00000 0.39003
355.00000 70.00000 80.00000 0.47307
0.00000 75.00000 80.00000 0.59452
5.00000 75.00000 80.00000 0.67784
10.00000 75.00000 80.00000 0.72674
15.00000 75.00000 80.00000 0.77832
20.00000 75.00000 80.00000 0.86656
25.00000 75.00000 80.00000 0.98883
30.00000 75.00000 80.00000 1.13097
35.00000 75.00000 80.00000 1.29840
40.00000 75.00000 80.00000 1.50307
45.00000 75.00000 80.00000 1.68740
50.00000 75.00000 80.00000 1.70571
55.00000 75.00000 80.00000 1.52561
60.00000 75.00000 80.00000 1.29219
65.00000 75.00000 80.00000 1.10502
70.00000 75.00000 80.00000 0.96226
75.00000 75.00000 80.00000 0.84460
80.00000 75.00000 80.00000 0.74900
85.00000 75.00000 80.00000 0.67601
90.00000 75.00000 80.00000 0.60658
95.00000 75.00000 80.00000 0.52184
100.00000 75.00000 80.00000 0.43539
105.00000 75.00000 80.00000 0.37435
110.00000 75.00000 80.00000 0.34553
115.00000 75.00000 80.00000 0.33911
120.00000 75.00000 80.00000 0.34275
125.00000 75.00000 80.00000 0.34963
130.00000 75.00000 80.00000 0.35746
135.00000 75.00000 80.00000 0.35859
140.00000 75.00000 80.00000 0.35394
145.00000 75.00000 80.00000 0.34135
150.00000 75.00000 80.00000 0.32748
155.00000 75.00000 80.00000 0.32500
160.00000 75.00000 80.00000 0.33648
165.00000 75.00000 80.00000 0.36332
170.00000 75.00000 80.00000 0.41038
175.00000 75.00000 80.00000 0.48170
180.00000 75.00000 80.00000 0.57021
185.00000 75.00000 80.00000 0.65991
190.00000 75.00000 80.00000 0.74632
195.00000 75.00000 80.00000 0.84975
200.00000 75.00000 80.00000 0.99992
205.00000 75.00000 80.00000 1.21317
210.00000 75.00000 80.00000 1.48275
215.00000 75.00000 80.00000 1.79289
220.00000 75.00000 80.00000 2.09836
225.00000 75.00000 80.00000 2.28329
230.00000 75.00000 80.00000 2.26509
235.00000 75.00000 80.00000 2.02752
240.00000 75.00000 80.00000 1.74193
245.00000 75.00000 80.00000 1.50197
250.00000 75.00000 80.00000 1.28946
255.00000 75.00000 80.00000 1.08633
260.00000 75.00000 80.00000 0.90062
265.00000 75.00000 80.00000 0.75859
270.00000 75.00000 80.00000 0.65198
275.00000 75.00000 80.00000 0.54576
280.00000 75.00000 80.00000 0.43945
285.00000 75.00000 80.00000 0.36294
290.00000 75.00000 80.00000 0.32642
295.00000 75.00000 80.00000 0.31626
300.00000 75.00000 80.00000 0.31735
305.00000 75.00000 80.00000 0.32238
310.00000 75.00000 80.00000 0.33164
315.00000 75.00000 80.00000 0.34052
320.00000 75.00000 80.00000 0.33646
325.00000 75.00000 80.00000 0.32042
330.00000 75.00000 80.00000 0.30720
335.00000 75.00000 80.00000 0.30516
340.00000 75.00000 80.00000 0.31648
345.00000 75.00000 80.00000 0.34571
350.00000 75.00000 80.00000 0.40168
355.00000 75.00000 80.00000 0.48998
0.00000 80.00000 80.00000 0.50442
5.00000 80.00000 80.00000 0.56015
10.00000 80.00000 80.00000 0.59685
15.00000 80.00000 80.00000 0.64273
20.00000 80.00000 80.00000 0.71623
25.00000 80.00000 80.00000 0.80966
30.00000 80.00000 80.00000 0.91648
35.00000 80.00000 80.00000 1.05106
40.00000 80.00000 80.00000 1.21617
45.00000 80.00000 80.00000 1.33518
50.00000 80.00000 80.00000 1.30350
55.00000 80.00000 80.00000 1.12669
60.00000 80.00000 80.00000 0.94167
65.00000 80.00000 80.00000 0.82007
70.00000 80.00000 80.00000 0.73751
75.00000 80.00000 80.00000 0.67021
80.00000 80.00000 80.00000 0.62119
85.00000 80.00000 80.00000 0.59080
90.00000 80.00000 80.00000 0.55341
95.00000 80.00000 80.00000 0.48627
100.00000 80.00000 80.00000 0.40726
105.00000 80.00000 80.00000 0.35093
110.00000 80.00000 80.00000 0.32652
115.00000 80.00000 80.00000 0.32365
120.00000 80.00000 80.00000 0.33165
125.00000 80.00000 80.00000 0.34586
130.00000 80.00000 80.00000 0.36107
135.00000 80.00000 80.00000 0.36509
140.00000 80.00000 80.00000 0.36186
145.00000 80.00000 80.00000 0.34804
150.00000 80.00000 80.00000 0.33393
155.00000 80.00000 80.00000 0.33502
160.00000 80.00000 80.00000 0.35205
165.00000 80.00000 80.00000 0.38724
170.00000 80.00000 80.00000 0.44941
175.00000 80.00000 80.00000 0.54289
180.00000 80.00000 80.00000 0.64736
185.00000 80.00000 80.00000 0.72790
190.00000 80.00000 80.00000 0.78286
195.00000 80.00000 80.00000 0.85044
200.00000 80.00000 80.00000 0.95958
205.00000 80.00000 80.00000 1.10788
210.00000 80.00000 80.00000 1.27958
215.00000 80.00000 80.00000 1.47486
220.00000 80.00000 80.00000 1.63790
225.00000 80.00000 80.00000 1.66668
230.00000 80.00000 80.00000 1.61821
235.00000 80.00000 80.00000 1.43946
240.00000 80.00000 80.00000 1.23632
245.00000 80.00000 80.00000 1.10093
250.00000 80.00000 80.00000 0.99791
255.00000 80.00000 80.00000 0.89403
260.00000 80.00000 80.00000 0.79200
265.00000 80.00000 80.00000 0.70763
270.00000 80.00000 80.00000 0.63189
275.00000 80.00000 80.00000 0.54357
280.00000 80.00000 80.00000 0.45068
285.00000 80.00000 80.00000 0.38267
290.00000 80.00000 80.00000 0.34943
295.00000 80.00000 80.00000 0.33948
300.00000 80.00000 80.00000 0.34092
305.00000 80.00000 80.00000 0.35034
310.00000 80.00000 80.00000 0.36728
315.00000 80.00000 80.00000 0.37979
320.00000 80.00000 80.00000 0.36899
325.00000 80.00000 80.00000 0.34182
330.00000 80.00000 80.00000 0.32082
335.00000 80.00000 80.00000 0.31362
340.00000 80.00000 80.00000 0.31799
345.00000 80.00000 80.00000 0.33506
350.00000 80.00000 80.00000 0.37183
355.00000 80.00000 80.00000 0.43276
0.00000 85.00000 80.00000 0.41309
5.00000 85.00000 80.00000 0.43042
10.00000 85.00000 80.00000 0.43973
15.00000 85.00000 80.00000 0.46150
20.00000 85.00000 80.00000 0.50723
25.00000 85.00000 80.00000 0.57069
30.00000 85.00000 80.00000 0.64446
35.00000 85.00000 80.00000 0.73771
40.00000 85.00000 80.00000 0.84436
45.00000 85.00000 80.00000 0.90528
50.00000 85.00000 80.00000 0.87786
55.00000 85.00000 80.00000 0.76184
60.00000 85.00000 80.00000 0.64826
65.00000 85.00000 80.00000 0.58834
70.00000 85.00000 80.00000 0.56047
75.00000 85.00000 80.00000 0.54313
80.00000 85.00000 80.00000 0.53730
85.00000 85.00000 80.00000 0.54364
90.00000 85.00000 80.00000 0.53687
95.00000 85.00000 80.00000 0.49126
100.00000 85.00000 80.00000 0.42304
105.00000 85.00000 80.00000 0.37083
110.00000 85.00000 80.00000 0.34960
115.00000 85.00000 80.00000 0.35072
120.00000 85.00000 80.00000 0.36266
125.00000 85.00000 80.00000 0.38253
130.00000 85.00000 80.00000 0.40636
135.00000 85.00000 80.00000 0.41818
140.00000 85.00000 80.00000 0.40802
145.00000 85.00000 80.00000 0.37537
150.00000 85.00000 80.00000 0.34919
155.00000 85.00000 80.00000 0.34401
160.00000 85.00000 80.00000 0.35355
165.00000 85.00000 80.00000 0.37653
170.00000 85.00000 80.00000 0.42184
175.00000 85.00000 80.00000 0.49474
180.00000 85.00000 80.00000 0.57365
185.00000 85.00000 80.00000 0.62185
190.00000 85.00000 80.00000 0.63869
195.00000 85.00000 80.00000 0.66419
200.00000 85.00000 80.00000 0.72595
205.00000 85.00000 80.00000 0.81577
210.00000 85.00000 80.00000 0.91216
215.00000 85.00000 80.00000 1.01806
220.00000 85.00000 80.00000 1.09961
225.00000 85.00000 80.00000 1.09238
230.00000 85.00000 80.00000 1.05199
235.00000 85.00000 80.00000 0.93747
240.00000 85.00000 80.00000 0.82111
245.00000 85.00000 80.00000 0.76806
250.00000 85.00000 80.00000 0.74873
255.00000 85.00000 80.00000 0.72994
260.00000 85.00000 80.00000 0.70779
265.00000 85.00000 80.00000 0.68740
270.00000 85.00000 80.00000 0.65188
275.00000 85.00000 80.00000 0.58446
280.00000 85.00000 80.00000 0.50371
285.00000 85.00000 80.00000 0.44491
290.00000 85.00000 80.00000 0.41933
295.00000 85.00000 80.00000 0.41520
300.00000 85.00000 80.00000 0.42077
305.00000 85.00000 80.00000 0.43737
310.00000 85.00000 80.00000 0.46634
315.00000 85.00000 80.00000 0.48308
320.00000 85.00000 80.00000 0.45758
325.00000 85.00000 80.00000 0.40880
330.00000 85.00000 80.00000 0.37455
335.00000 85.00000 80.00000 0.36001
340.00000 85.00000 80.00000 0.35406
345.00000 85.00000 80.00000 0.35260
350.00000 85.00000 80.00000 0.36135
355.00000 85.00000 80.00000 0.38477
0.00000 90.00000 80.00000 0.42034
5.00000 90.00000 80.00000 0.39598
10.00000 90.00000 80.00000 0.37028
15.00000 90.00000 80.00000 0.36214
20.00000 90.00000 80.00000 0.37786
25.00000 90.00000 80.00000 0.41043
30.00000 90.00000 80.00000 0.45101
35.00000 90.00000 80.00000 0.50317
40.00000 90.00000 80.00000 0.56360
45.00000 90.00000 80.00000 0.59603
50.00000 90.00000 80.00000 0.57463
55.00000 90.00000 80.00000 0.50660
60.00000 90.00000 80.00000 0.44831
65.00000 90.00000 80.00000 0.42638
70.00000 90.00000 80.00000 0.42869
75.00000 90.00000 80.00000 0.44320
80.00000 90.00000 80.00000 0.46904
85.00000 90.00000 80.00000 0.50434
90.00000 90.00000 80.00000 0.52633
95.00000 90.00000 80.00000 0.50921
100.00000 90.00000 80.00000 0.46468
105.00000 90.00000 80.00000 0.42924
110.00000 90.00000 80.00000 0.42104
115.00000 90.00000 80.00000 0.43446
120.00000 90.00000 80.00000 0.45881
125.00000 90.00000 80.00000 0.49330
130.00000 90.00000 80.00000 0.52810
135.00000 90.00000 80.00000 0.54333
140.00000 90.00000 80.00000 0.52985
145.00000 90.00000 80.00000 0.47156
150.00000 90.00000 80.00000 0.41858
155.00000 90.00000 80.00000 0.39440
160.00000 90.00000 80.00000 0.38513
165.00000 90.00000 80.00000 0.38360
170.00000 90.00000 80.00000 0.39638
175.00000 90.00000 80.00000 0.42672
180.00000 90.00000 80.00000 0.45773
185.00000 90.00000 80.00000 0.46593
190.00000 90.00000 80.00000 0.45542
195.00000 90.00000 80.00000 0.45435
200.00000 90.00000 80.00000 0.48012
205.00000 90.00000 80.00000 0.52606
210.00000 90.00000 80.00000 0.57596
215.00000 90.00000 80.00000 0.62915
220.00000 90.00000 80.00000 0.66432
225.00000 90.00000 80.00000 0.65586
230.00000 90.00000 80.00000 0.64614
235.00000 90.00000 80.00000 0.59211
240.00000 90.00000 80.00000 0.53858
245.00000 90.00000 80.00000 0.52957
250.00000 90.00000 80.00000 0.55062
255.00000 90.00000 80.00000 0.58235
260.00000 90.00000 80.00000 0.61964
265.00000 90.00000 80.00000 0.65820
270.00000 90.00000 80.00000 0.67134
275.00000 90.00000 80.00000 0.63829
280.00000 90.00000 80.00000 0.58457
285.00000 90.00000 80.00000 0.55319
290.00000 90.00000 80.00000 0.55555
295.00000 90.00000 80.00000 0.57652
300.00000 90.00000 80.00000 0.60402
305.00000 90.00000 80.00000 0.64756
310.00000 90.00000 80.00000 0.70951
315.00000 90.00000 80.00000 0.73989
320.00000 90.00000 80.00000 0.68853
325.00000 90.00000 80.00000 0.60000
330.00000 90.00000 80.00000 0.54187
335.00000 90.00000 80.00000 0.51624
340.00000 90.00000 80.00000 0.49692
345.00000 90.00000 80.00000 0.47126
350.00000 90.00000 80.00000 0.44748
355.00000 90.00000 80.00000 0.43381
0.00000 0.00000 85.00000 0.39978
5.00000 0.00000 85.00000 0.40177
10.00000 0.00000 85.00000 0.38220
15.00000 0.00000 85.00000 0.35700
20.00000 0.00000 85.00000 0.35101
25.00000 0.00000 85.00000 0.37178
30.00000 0.00000 85.00000 0.40854
35.00000 0.00000 85.00000 0.44692
40.00000 0.00000 85.00000 0.49143
45.00000 0.00000 85.00000 0.54557
50.00000 0.00000 85.00000 0.57547
55.00000 0.00000 85.00000 0.54641
60.00000 0.00000 85.00000 0.47081
65.00000 0.00000 85.00000 0.41292
70.00000 0.00000 85.00000 0.39105
75.00000 0.00000 85.00000 0.38546
80.00000 0.00000 85.00000 0.38361
85.00000 0.00000 85.00000 0.38832
90.00000 0.00000 85.00000 0.39978
95.00000 0.00000 85.00000 0.40177
100.00000 0.00000 85.00000 0.38220
105.00000 0.00000 85.00000 0.35700
110.00000 0.00000 85.00000 0.35101
115.00000 0.00000 85.00000 0.37178
120.00000 0.00000 85.00000 0.40854
125.00000 0.00000 85.00000 0.44692
130.00000 0.00000 85.00000 0.49143
135.00000 0.00000 85.00000 0.54557
140.00000 0.00000 85.00000 0.57547
145.00000 0.00000 85.00000 0.54641
150.00000 0.00000 85.00000 0.47081
155.00000 0.00000 85.00000 0.41292
160.00000 0.00000 85.00000 0.39105
165.00000 0.00000 85.00000 0.38546
170.00000 0.00000 85.00000 0.38361
175.00000 0.00000 85.00000 0.38832
180.00000 0.00000 85.00000 0.39978
185.00000 0.00000 85.00000 0.40177
190.00000 0.00000 85.00000 0.38220
195.00000 0.00000 85.00000 0.35700
200.00000 0.00000 85.00000 0.35101
205.00000 0.00000 85.00000 0.37178
210.00000 0.00000 85.00000 0.40854
215.00000 0.00000 85.00000 0.44692
220.00000 0.00000 85.00000 0.49143
225.00000 0.00000 85.00000 0.54557
230.00000 0.00000 85.00000 0.57547
235.00000 0.00000 85.00000 0.54641
240.00000 0.00000 85.00000 0.47081
245.00000 0.00000 85.00000 0.41292
250.00000 0.00000 85.00000 0.39105
255.00000 0.00000 85.00000 0.38546
260.00000 0.00000 85.00000 0.38361
265.00000 0.00000 85.00000 0.38832
270.00000 0.00000 85.00000 0.39978
275.00000 0.00000 85.00000 0.40177
280.00000 0.00000 85.00000 0.38220
285.00000 0.00000 85.00000 0.35700
290.00000 0.00000 85.00000 0.35101
295.00000 0.00000 85.00000 0.37178
300.00000 0.00000 85.00000 0.40854
305.00000 0.00000 85.00000 0.44692
310.00000 0.00000 85.00000 0.49143
315.00000 0.00000 85.00000 0.54557
320.00000 0.00000 85.00000 0.57547
325.00000 0.00000 85.00000 0.54641
330.00000 0.00000 85.00000 0.47081
335.00000 0.00000 85.00000 0.41292
340.00000 0.00000 85.00000 0.39105
345.00000 0.00000 85.00000 0.38546
350.00000 0.00000 85.00000 0.38361
355.00000 0.00000 85.00000 0.38832
0.00000 5.00000 85.00000 0.53305
5.00000 5.00000 85.00000 0.53344
10.00000 5.00000 85.00000 0.49778
15.00000 5.00000 85.00000 0.45190
20.00000 5.00000 85.00000 0.43121
25.00000 5.00000 85.00000 0.44312
30.00000 5.00000 85.00000 0.47186
35.00000 5.00000 85.00000 0.50262
40.00000 5.00000 85.00000 0.54310
45.00000 5.00000 85.00000 0.59984
50.00000 5.00000 85.00000 0.63054
55.00000 5.00000 85.00000 0.58613
60.00000 5.00000 85.00000 0.50192
65.00000 5.00000 85.00000 0.44436
70.00000 5.00000 85.00000 0.42229
75.00000 5.00000 85.00000 0.41364
80.00000 5.00000 85.00000 0.40522
85.00000 5.00000 85.00000 0.39965
90.00000 5.00000 85.00000 0.39906
95.00000 5.00000 85.00000 0.39269
100.00000 5.00000 85.00000 0.37262
105.00000 5.00000 85.00000 0.35068
110.00000 5.00000 85.00000 0.34561
115.00000 5.00000 85.00000 0.36386
120.00000 5.00000 85.00000 0.39805
125.00000 5.00000 85.00000 0.43772
130.00000 5.00000 85.00000 0.48538
135.00000 5.00000 85.00000 0.53418
140.00000 5.00000 85.00000 0.55447
145.00000 5.00000 85.00000 0.53805
150.00000 5.00000 85.00000 0.47330
155.00000 5.00000 85.00000 0.41319
160.00000 5.00000 85.00000 0.38586
165.00000 5.00000 85.00000 0.37594
170.00000 5.00000 85.00000 0.37194
175.00000 5.00000 85.00000 0.37598
180.00000 5.00000 85.00000 0.38885
185.00000 5.00000 85.00000 0.39605
190.00000 5.00000 85.00000 0.38278
195.00000 5.00000 85.00000 0.35933
200.00000 5.00000 85.00000 0.34904
205.00000 5.00000 85.00000 0.36193
210.00000 5.00000 85.00000 0.39112
215.00000 5.00000 85.00000 0.42512
220.00000 5.00000 85.00000 0.46448
225.00000 5.00000 85.00000 0.50051
230.00000 5.00000 85.00000 0.51464
235.00000 5.00000 85.00000 0.50468
240.00000 5.00000 85.00000 0.44833
245.00000 5.00000 85.00000 0.39638
250.00000 5.00000 85.00000 0.37521
255.00000 5.00000 85.00000 0.36982
260.00000 5.00000 85.00000 0.37123
265.00000 5.00000 85.00000 0.38407
270.00000 5.00000 85.00000 0.40873
275.00000 5.00000 85.00000 0.42585
280.00000 5.00000 85.00000 0.41666
285.00000 5.00000 85.00000 0.39492
290.00000 5.00000 85.00000 0.39070
295.00000 5.00000 85.00000 0.41557
300.00000 5.00000 85.00000 0.45789
305.00000 5.00000 85.00000 0.50133
310.00000 5.00000 85.00000 0.55045
315.00000 5.00000 85.00000 0.60748
320.00000 5.00000 85.00000 0.63661
325.00000 5.00000 85.00000 0.60728
330.00000 5.00000 85.00000 0.53193
335.00000 5.00000 85.00000 0.47730
340.00000 5.00000 85.00000 0.46496
345.00000 5.00000 85.00000 0.47489
350.00000 5.00000 85.00000 0.49044
355.00000 5.00000 85.00000 0.51092
0.00000 10.00000 85.00000 0.66449
5.00000 10.00000 85.00000 0.66838
10.00000 10.00000 85.00000 0.62753
15.00000 10.00000 85.00000 0.56759
20.00000 10.00000 85.00000 0.53022
25.00000 10.00000 85.00000 0.52628
30.00000 10.00000 85.00000 0.54098
35.00000 10.00000 85.00000 0.56273
40.00000 10.00000 85.00000 0.59932
45.00000 10.00000 85.00000 0.65319
50.00000 10.00000 85.00000 0.67958
55.00000 10.00000 85.00000 0.63256
60.00000 10.00000 85.00000 0.55274
65.00000 10.00000 85.00000 0.50046
70.00000 10.00000 85.00000 0.47756
75.00000 10.00000 85.00000 0.46115
80.00000 10.00000 85.00000 0.44033
85.00000 10.00000 85.00000 0.42306
90.00000 10.00000 85.00000 0.41629
95.00000 10.00000 85.00000 0.41009
100.00000 10.00000 85.00000 0.39325
105.00000 10.00000 85.00000 0.37424
110.00000 10.00000 85.00000 0.37172
115.00000 10.00000 85.00000 0.39270
120.00000 10.00000 85.00000 0.43036
125.00000 10.00000 85.00000 0.47632
130.00000 10.00000 85.00000 0.53500
135.00000 10.00000 85.00000 0.60131
140.00000 10.00000 85.00000 0.63614
145.00000 10.00000 85.00000 0.61383
150.00000 10.00000 85.00000 0.53930
155.00000 10.00000 85.00000 0.47419
160.00000 10.00000 85.00000 0.44803
165.00000 10.00000 85.00000 0.44716
170.00000 10.00000 85.00000 0.45781
175.00000 10.00000 85.00000 0.47938
180.00000 10.00000 85.00000 0.51025
185.00000 10.00000 85.00000 0.52694
190.00000 10.00000 85.00000 0.50391
195.00000 10.00000 85.00000 0.45424
200.00000 10.00000 85.00000 0.41510
205.00000 10.00000 85.00000 0.40402
210.00000 10.00000 85.00000 0.41457
215.00000 10.00000 85.00000 0.43593
220.00000 10.00000 85.00000 0.46658
225.00000 10.00000 85.00000 0.49804
230.00000 10.00000 85.00000 0.51192
235.00000 10.00000 85.00000 0.49853
240.00000 10.00000 85.00000 0.44561
245.00000 10.00000 85.00000 0.39910
250.00000 10.00000 85.00000 0.37956
255.00000 10.00000 85.00000 0.37449
260.00000 10.00000 85.00000 0.37772
265.00000 10.00000 85.00000 0.39642
270.00000 10.00000 85.00000 0.43420
275.00000 10.00000 85.00000 0.47314
280.00000 10.00000 85.00000 0.48752
285.00000 10.00000 85.00000 0.48087
290.00000 10.00000 85.00000 0.48366
295.00000 10.00000 85.00000 0.51500
300.00000 10.00000 85.00000 0.56733
305.00000 10.00000 85.00000 0.62353
310.00000 10.00000 85.00000 0.68361
315.00000 10.00000 85.00000 0.72389
320.00000 10.00000 85.00000 0.71528
325.00000 10.00000 85.00000 0.70065
330.00000 10.00000 85.00000 0.63698
335.00000 10.00000 85.00000 0.57588
340.00000 10.00000 85.00000 0.56261
345.00000 10.00000 85.00000 0.58000
350.00000 10.00000 85.00000 0.60588
355.00000 10.00000 85.00000 0.63515
0.00000 15.00000 85.00000 0.63445
5.00000 15.00000 85.00000 0.64564
10.00000 15.00000 85.00000 0.62138
15.00000 15.00000 85.00000 0.57422
20.00000 15.00000 85.00000 0.54133
25.00000 15.00000 85.00000 0.53794
30.00000 15.00000 85.00000 0.55407
35.00000 15.00000 85.00000 0.58078
40.00000 15.00000 85.00000 0.62619
45.00000 15.00000 85.00000 0.69253
50.00000 15.00000 85.00000 0.73539
55.00000 15.00000 85.00000 0.70610
60.00000 15.00000 85.00000 0.64159
65.00000 15.00000 85.00000 0.59924
70.00000 15.00000 85.00000 0.57611
75.00000 15.00000 85.00000 0.54676
80.00000 15.00000 85.00000 0.50752
85.00000 15.00000 85.00000 0.47951
90.00000 15.00000 85.00000 0.47541
95.00000 15.00000 85.00000 0.47683
100.00000 15.00000 85.00000 0.46134
105.00000 15.00000 85.00000 0.43841
110.00000 15.00000 85.00000 0.43692
115.00000 15.00000 85.00000 0.46740
120.00000 15.00000 85.00000 0.51633
125.00000 15.00000 85.00000 0.56799
130.00000 15.00000 85.00000 0.62994
135.00000 15.00000 85.00000 0.70873
140.00000 15.00000 85.00000 0.75517
145.00000 15.00000 85.00000 0.71429
150.00000 15.00000 85.00000 0.61899
155.00000 15.00000 85.00000 0.54697
160.00000 15.00000 85.00000 0.52477
165.00000 15.00000 85.00000 0.53693
170.00000 15.00000 85.00000 0.56575
175.00000 15.00000 85.00000 0.60894
180.00000 15.00000 85.00000 0.66103
185.00000 15.00000 85.00000 0.68374
190.00000 15.00000 85.00000 0.64003
195.00000 15.00000 85.00000 0.55327
200.00000 15.00000 85.00000 0.47924
205.00000 15.00000 85.00000 0.44299
210.00000 15.00000 85.00000 0.43557
215.00000 15.00000 85.00000 0.44327
220.00000 15.00000 85.00000 0.46456
225.00000 15.00000 85.00000 0.49887
230.00000 15.00000 85.00000 0.52364
235.00000 15.00000 85.00000 0.50723
240.00000 15.00000 85.00000 0.45791
245.00000 15.00000 85.00000 0.42088
250.00000 15.00000 85.00000 0.40973
255.00000 15.00000 85.00000 0.41109
260.00000 15.00000 85.00000 0.41788
265.00000 15.00000 85.00000 0.44171
270.00000 15.00000 85.00000 0.49466
275.00000 15.00000 85.00000 0.56375
280.00000 15.00000 85.00000 0.61521
285.00000 15.00000 85.00000 0.63944
290.00000 15.00000 85.00000 0.66212
295.00000 15.00000 85.00000 0.70663
300.00000 15.00000 85.00000 0.77042
305.00000 15.00000 85.00000 0.83744
310.00000 15.00000 85.00000 0.90630
315.00000 15.00000 85.00000 0.93512
320.00000 15.00000 85.00000 0.87690
325.00000 15.00000 85.00000 0.82392
330.00000 15.00000 85.00000 0.73345
335.00000 15.00000 85.00000 0.64216
340.00000 15.00000 85.00000 0.60374
345.00000 15.00000 85.00000 0.59926
350.00000 15.00000 85.00000 0.60362
355.00000 15.00000 85.00000 0.61385
0.00000 20.00000 85.00000 0.50382
5.00000 20.00000 85.00000 0.51581
10.00000 20.00000 85.00000 0.50711
15.00000 20.00000 85.00000 0.48197
20.00000 20.00000 85.00000 0.47069
25.00000 20.00000 85.00000 0.48724
30.00000 20.00000 85.00000 0.52393
35.00000 20.00000 85.00000 0.57412
40.00000 20.00000 85.00000 0.64793
45.00000 20.00000 85.00000 0.75276
50.00000 20.00000 85.00000 0.84411
55.00000 20.00000 85.00000 0.85799
60.00000 20.00000 85.00000 0.81930
65.00000 20.00000 85.00000 0.78814
70.00000 20.00000 85.00000 0.76148
75.00000 20.00000 85.00000 0.71214
80.00000 20.00000 85.00000 0.65058
85.00000 20.00000 85.00000 0.61570
90.00000 20.00000 85.00000 0.62028
95.00000 20.00000 85.00000 0.63158
100.00000 20.00000 85.00000 0.61356
105.00000 20.00000 85.00000 0.58000
110.00000 20.00000 85.00000 0.57724
115.00000 20.00000 85.00000 0.62479
120.00000 20.00000 85.00000 0.69495
125.00000 20.00000 85.00000 0.74858
130.00000 20.00000 85.00000 0.79305
135.00000 20.00000 85.00000 0.85065
140.00000 20.00000 85.00000 0.87309
145.00000 20.00000 85.00000 0.80297
150.00000 20.00000 85.00000 0.68392
155.00000 20.00000 85.00000 0.59654
160.00000 20.00000 85.00000 0.56569
165.00000 20.00000 85.00000 0.57189
170.00000 20.00000 85.00000 0.59577
175.00000 20.00000 85.00000 0.63617
180.00000 20.00000 85.00000 0.68614
185.00000 20.00000 85.00000 0.70018
190.00000 20.00000 85.00000 0.64258
195.00000 20.00000 85.00000 0.54680
200.00000 20.00000 85.00000 0.47039
205.00000 20.00000 85.00000 0.43385
210.00000 20.00000 85.00000 0.42505
215.00000 20.00000 85.00000 0.43003
220.00000 20.00000 85.00000 0.44844
225.00000 20.00000 85.00000 0.48584
230.00000 20.00000 85.00000 0.52605
235.00000 20.00000 85.00000 0.53182
240.00000 20.00000 85.00000 0.50373
245.00000 20.00000 85.00000 0.48524
250.00000 20.00000 85.00000 0.49485
255.00000 20.00000 85.00000 0.51427
260.00000 20.00000 85.00000 0.53014
265.00000 20.00000 85.00000 0.56187
270.00000 20.00000 85.00000 0.63672
275.00000 20.00000 85.00000 0.74501
280.00000 20.00000 85.00000 0.84361
285.00000 20.00000 85.00000 0.91396
290.00000 20.00000 85.00000 0.98336
295.00000 20.00000 85.00000 1.07089
300.00000 20.00000 85.00000 1.16113
305.00000 20.00000 85.00000 1.23229
310.00000 20.00000 85.00000 1.29288
315.00000 20.00000 85.00000 1.28821
320.00000 20.00000 85.00000 1.13998
325.00000 20.00000 85.00000 0.99188
330.00000 20.00000 85.00000 0.83120
335.00000 20.00000 85.00000 0.68295
340.00000 20.00000 85.00000 0.59857
345.00000 20.00000 85.00000 0.55267
350.00000 20.00000 85.00000 0.51901
355.00000 20.00000 85.00000 0.49948
0.00000 25.00000 85.00000 0.43590
5.00000 25.00000 85.00000 0.43992
10.00000 25.00000 85.00000 0.43088
15.00000 25.00000 85.00000 0.41629
20.00000 25.00000 85.00000 0.42266
25.00000 25.00000 85.00000 0.46024
30.00000 25.00000 85.00000 0.52316
35.00000 25.00000 85.00000 0.61090
40.00000 25.00000 85.00000 0.73888
45.00000 25.00000 85.00000 0.91708
50.00000 25.00000 85.00000 1.09439
55.00000 25.00000 85.00000 1.17804
60.00000 25.00000 85.00000 1.17169
65.00000 25.00000 85.00000 1.14501
70.00000 25.00000 85.00000 1.10274
75.00000 25.00000 85.00000 1.02674
80.00000 25.00000 85.00000 0.94554
85.00000 25.00000 85.00000 0.90690
90.00000 25.00000 85.00000 0.91824
95.00000 25.00000 85.00000 0.93465
100.00000 25.00000 85.00000 0.91395
105.00000 25.00000 85.00000 0.87523
110.00000 25.00000 85.00000 0.87850
115.00000 25.00000 85.00000 0.95334
120.00000 25.00000 85.00000 1.05705
125.00000 25.00000 85.00000 1.11665
130.00000 25.00000 85.00000 1.12878
135.00000 25.00000 85.00000 1.13018
140.00000 25.00000 85.00000 1.08495
145.00000 25.00000 85.00000 0.95384
150.00000 25.00000 85.00000 0.78983
155.00000 25.00000 85.00000 0.66395
160.00000 25.00000 85.00000 0.59854
165.00000 25.00000 85.00000 0.57274
170.00000 25.00000 85.00000 0.56557
175.00000 25.00000 85.00000 0.57729
180.00000 25.00000 85.00000 0.60197
185.00000 25.00000 85.00000 0.59964
190.00000 25.00000 85.00000 0.54538
195.00000 25.00000 85.00000 0.47248
200.00000 25.00000 85.00000 0.42267
205.00000 25.00000 85.00000 0.40543
210.00000 25.00000 85.00000 0.40955
215.00000 25.00000 85.00000 0.42475
220.00000 25.00000 85.00000 0.45364
225.00000 25.00000 85.00000 0.50659
230.00000 25.00000 85.00000 0.57638
235.00000 25.00000 85.00000 0.62465
240.00000 25.00000 85.00000 0.63464
245.00000 25.00000 85.00000 0.64955
250.00000 25.00000 85.00000 0.69642
255.00000 25.00000 85.00000 0.74803
260.00000 25.00000 85.00000 0.78140
265.00000 25.00000 85.00000 0.82843
270.00000 25.00000 85.00000 0.93292
275.00000 25.00000 85.00000 1.08477
280.00000 25.00000 85.00000 1.23242
285.00000 25.00000 85.00000 1.36063
290.00000 25.00000 85.00000 1.51107
295.00000 25.00000 85.00000 1.69796
300.00000 25.00000 85.00000 1.85949
305.00000 25.00000 85.00000 1.93982
310.00000 25.00000 85.00000 1.96676
315.00000 25.00000 85.00000 1.88080
320.00000 25.00000 85.00000 1.58522
325.00000 25.00000 85.00000 1.29754
330.00000 25.00000 85.00000 1.02211
335.00000 25.00000 85.00000 0.77992
340.00000 25.00000 85.00000 0.63312
345.00000 25.00000 85.00000 0.54571
350.00000 25.00000 85.00000 0.48284
355.00000 25.00000 85.00000 0.44413
0.00000 30.00000 85.00000 0.49242
5.00000 30.00000 85.00000 0.48384
10.00000 30.00000 85.00000 0.46405
15.00000 30.00000 85.00000 0.44941
20.00000 30.00000 85.00000 0.46544
25.00000 30.00000 85.00000 0.51915
30.00000 30.00000 85.00000 0.61134
35.00000 30.00000 85.00000 0.75688
40.00000 30.00000 85.00000 0.97885
45.00000 30.00000 85.00000 1.27652
50.00000 30.00000 85.00000 1.58016
55.00000 30.00000 85.00000 1.76554
60.00000 30.00000 85.00000 1.80377
65.00000 30.00000 85.00000 1.77553
70.00000 30.00000 85.00000 1.71066
75.00000 30.00000 85.00000 1.61309
80.00000 30.00000 85.00000 1.52075
85.00000 30.00000 85.00000 1.47787
90.00000 30.00000 85.00000 1.48520
95.00000 30.00000 85.00000 1.49621
100.00000 30.00000 85.00000 1.47905
105.00000 30.00000 85.00000 1.46086
110.00000 30.00000 85.00000 1.49634
115.00000 30.00000 85.00000 1.61024
120.00000 30.00000 85.00000 1.75099
125.00000 30.00000 85.00000 1.82195
130.00000 30.00000 85.00000 1.79841
135.00000 30.00000 85.00000 1.70791
140.00000 30.00000 85.00000 1.53423
145.00000 30.00000 85.00000 1.28532
150.00000 30.00000 85.00000 1.02971
155.00000 30.00000 85.00000 0.82885
160.00000 30.00000 85.00000 0.70232
165.00000 30.00000 85.00000 0.63064
170.00000 30.00000 85.00000 0.58916
175.00000 30.00000 85.00000 0.57111
180.00000 30.00000 85.00000 0.56965
185.00000 30.00000 85.00000 0.55422
190.00000 30.00000 85.00000 0.50898
195.00000 30.00000 85.00000 0.45898
200.00000 30.00000 85.00000 0.42949
205.00000 30.00000 85.00000 0.42488
210.00000 30.00000 85.00000 0.44069
215.00000 30.00000 85.00000 0.47542
220.00000 30.00000 85.00000 0.53264
225.00000 30.00000 85.00000 0.62186
230.00000 30.00000 85.00000 0.74286
235.00000 30.00000 85.00000 0.85890
240.00000 30.00000 85.00000 0.94106
245.00000 30.00000 85.00000 1.02017
250.00000 30.00000 85.00000 1.12344
255.00000 30.00000 85.00000 1.21911
260.00000 30.00000 85.00000 1.28368
265.00000 30.00000 85.00000 1.36283
270.00000 30.00000 85.00000 1.50366
275.00000 30.00000 85.00000 1.68808
280.00000 30.00000 85.00000 1.87156
285.00000 30.00000 85.00000 2.06089
290.00000 30.00000 85.00000 2.30999
295.00000 30.00000 85.00000 2.62380
300.00000 30.00000 85.00000 2.88539
305.00000 30.00000 85.00000 2.97692
310.00000 30.00000 85.00000 2.92696
315.00000 30.00000 85.00000 2.66035
320.00000 30.00000 85.00000 2.11291
325.00000 30.00000 85.00000 1.69617
330.00000 30.00000 85.00000 1.32645
335.00000 30.00000 85.00000 0.96884
340.00000 30.00000 85.00000 0.74697
345.00000 30.00000 85.00000 0.62572
350.00000 30.00000 85.00000 0.55118
355.00000 30.00000 85.00000 0.50793
0.00000 35.00000 85.00000 0.66463
5.00000 35.00000 85.00000 0.64376
10.00000 35.00000 85.00000 0.61194
15.00000 35.00000 85.00000 0.59641
20.00000 35.00000 85.00000 0.61878
25.00000 35.00000 85.00000 0.68606
30.00000 35.00000 85.00000 0.81593
35.00000 35.00000 85.00000 1.04864
40.00000 35.00000 85.00000 1.41100
45.00000 35.00000 85.00000 1.85736
50.00000 35.00000 85.00000 2.32393
55.00000 35.00000 85.00000 2.68631
60.00000 35.00000 85.00000 2.80545
65.00000 35.00000 85.00000 2.78971
70.00000 35.00000 85.00000 2.72406
75.00000 35.00000 85.00000 2.62998
80.00000 35.00000 85.00000 2.54352
85.00000 35.00000 85.00000 2.50272
90.00000 35.00000 85.00000 2.49835
95.00000 35.00000 85.00000 2.49324
100.00000 35.00000 85.00000 2.48066
105.00000 35.00000 85.00000 2.50905
110.00000 35.00000 85.00000 2.60768
115.00000 35.00000 85.00000 2.75648
120.00000 35.00000 85.00000 2.89706
125.00000 35.00000 85.00000 2.94222
130.00000 35.00000 85.00000 2.85008
135.00000 35.00000 85.00000 2.59800
140.00000 35.00000 85.00000 2.19437
145.00000 35.00000 85.00000 1.77977
150.00000 35.00000 85.00000 1.40407
155.00000 35.00000 85.00000 1.09642
160.00000 35.00000 85.00000 0.89309
165.00000 35.00000 85.00000 0.77853
170.00000 35.00000 85.00000 0.72100
175.00000 35.00000 85.00000 0.69356
180.00000 35.00000 85.00000 0.67875
185.00000 35.00000 85.00000 0.65446
190.00000 35.00000 85.00000 0.61413
195.00000 35.00000 85.00000 0.57547
200.00000 35.00000 85.00000 0.54986
205.00000 35.00000 85.00000 0.54360
210.00000 35.00000 85.00000 0.56947
215.00000 35.00000 85.00000 0.64021
220.00000 35.00000 85.00000 0.75978
225.00000 35.00000 85.00000 0.91980
230.00000 35.00000 85.00000 1.12120
235.00000 35.00000 85.00000 1.35075
240.00000 35.00000 85.00000 1.56674
245.00000 35.00000 85.00000 1.75366
250.00000 35.00000 85.00000 1.92393
255.00000 35.00000 85.00000 2.06102
260.00000 35.00000 85.00000 2.17236
265.00000 35.00000 85.00000 2.30581
270.00000 35.00000 85.00000 2.47755
275.00000 35.00000 85.00000 2.65442
280.00000 35.00000 85.00000 2.82545
285.00000 35.00000 85.00000 3.03945
290.00000 35.00000 85.00000 3.33852
295.00000 35.00000 85.00000 3.68465
300.00000 35.00000 85.00000 3.94617
305.00000 35.00000 85.00000 3.98908
310.00000 35.00000 85.00000 3.81365
315.00000 35.00000 85.00000 3.35445
320.00000 35.00000 85.00000 2.58865
325.00000 35.00000 85.00000 2.04888
330.00000 35.00000 85.00000 1.61378
335.00000 35.00000 85.00000 1.17012
340.00000 35.00000 85.00000 0.89262
345.00000 35.00000 85.00000 0.75888
350.00000 35.00000 85.00000 0.70058
355.00000 35.00000 85.00000 0.67681
0.00000 40.00000 85.00000 0.86566
5.00000 40.00000 85.00000 0.84469
10.00000 40.00000 85.00000 0.81438
15.00000 40.00000 85.00000 0.80897
20.00000 40.00000 85.00000 0.84204
25.00000 40.00000 85.00000 0.92180
30.00000 40.00000 85.00000 1.09316
35.00000 40.00000 85.00000 1.42860
40.00000 40.00000 85.00000 1.92460
45.00000 40.00000 85.00000 2.45558
50.00000 40.00000 85.00000 3.10507
55.00000 40.00000 85.00000 3.78881
60.00000 40.00000 85.00000 4.03215
65.00000 40.00000 85.00000 4.04291
70.00000 40.00000 85.00000 3.99673
75.00000 40.00000 85.00000 3.92060
80.00000 40.00000 85.00000 3.85452
85.00000 40.00000 85.00000 3.83652
90.00000 40.00000 85.00000 3.83296
95.00000 40.00000 85.00000 3.80635
100.00000 40.00000 85.00000 3.78626
105.00000 40.00000 85.00000 3.86097
110.00000 40.00000 85.00000 4.03351
115.00000 40.00000 85.00000 4.19881
120.00000 40.00000 85.00000 4.27551
125.00000 40.00000 85.00000 4.22265
130.00000 40.00000 85.00000 3.96273
135.00000 40.00000 85.00000 3.42522
140.00000 40.00000 85.00000 2.71038
145.00000 40.00000 85.00000 2.18497
150.00000 40.00000 85.00000 1.73754
155.00000 40.00000 85.00000 1.33107
160.00000 40.00000 85.00000 1.06643
165.00000 40.00000 85.00000 0.92379
170.00000 40.00000 85.00000 0.87559
175.00000 40.00000 85.00000 0.86674
180.00000 40.00000 85.00000 0.85752
185.00000 40.00000 85.00000 0.83244
190.00000 40.00000 85.00000 0.80025
195.00000 40.00000 85.00000 0.77730
200.00000 40.00000 85.00000 0.76131
205.00000 40.00000 85.00000 0.76405
210.00000 40.00000 85.00000 0.82001
215.00000 40.00000 85.00000 0.96516
220.00000 40.00000 85.00000 1.19622
225.00000 40.00000 85.00000 1.43703
230.00000 40.00000 85.00000 1.74655
235.00000 40.00000 85.00000 2.17337
240.00000 40.00000 85.00000 2.58047
245.00000 40.00000 85.00000 2.86921
250.00000 40.00000 85.00000 3.05721
255.00000 40.00000 85.00000 3.18259
260.00000 40.00000 85.00000 3.31195
265.00000 40.00000 85.00000 3.47680
270.00000 40.00000 85.00000 3.63241
275.00000 40.00000 85.00000 3.73322
280.00000 40.00000 85.00000 3.80901
285.00000 40.00000 85.00000 3.94760
290.00000 40.00000 85.00000 4.16400
295.00000 40.00000 85.00000 4.35667
300.00000 40.00000 85.00000 4.43043
305.00000 40.00000 85.00000 4.33539
310.00000 40.00000 85.00000 4.05074
315.00000 40.00000 85.00000 3.52851
320.00000 40.00000 85.00000 2.78807
325.00000 40.00000 85.00000 2.18018
330.00000 40.00000 85.00000 1.69184
335.00000 40.00000 85.00000 1.24587
340.00000 40.00000 85.00000 0.97445
345.00000 40.00000 85.00000 0.86267
350.00000 40.00000 85.00000 0.84325
355.00000 40.00000 85.00000 0.85927
0.00000 45.00000 85.00000 0.93782
5.00000 45.00000 85.00000 0.93678
10.00000 45.00000 85.00000 0.92788
15.00000 45.00000 85.00000 0.94615
20.00000 45.00000 85.00000 1.00231
25.00000 45.00000 85.00000 1.09951
30.00000 45.00000 85.00000 1.30023
35.00000 45.00000 85.00000 1.70467
40.00000 45.00000 85.00000 2.23358
45.00000 45.00000 85.00000 2.75211
50.00000 45.00000 85.00000 3.47577
55.00000 45.00000 85.00000 4.28150
60.00000 45.00000 85.00000 4.63403
65.00000 45.00000 85.00000 4.72762
70.00000 45.00000 85.00000 4.71601
75.00000 45.00000 85.00000 4.63902
80.00000 45.00000 85.00000 4.56777
85.00000 45.00000 85.00000 4.56218
90.00000 45.00000 85.00000 4.56746
95.00000 45.00000 85.00000 4.53190
100.00000 45.00000 85.00000 4.50551
105.00000 45.00000 85.00000 4.61118
110.00000 45.00000 85.00000 4.84863
115.00000 45.00000 85.00000 5.04808
120.00000 45.00000 85.00000 5.08489
125.00000 45.00000 85.00000 4.95131
130.00000 45.00000 85.00000 4.47811
135.00000 45.00000 85.00000 3.66605
140.00000 45.00000 85.00000 2.81298
145.00000 45.00000 85.00000 2.23432
150.00000 45.00000 85.00000 1.73724
155.00000 45.00000 85.00000 1.30375
160.00000 45.00000 85.00000 1.03796
165.00000 45.00000 85.00000 0.90705
170.00000 45.00000 85.00000 0.88591
175.00000 45.00000 85.00000 0.90737
180.00000 45.00000 85.00000 0.91857
185.00000 45.00000 85.00000 0.90623
190.00000 45.00000 85.00000 0.89198
195.00000 45.00000 85.00000 0.90071
200.00000 45.00000 85.00000 0.92759
205.00000 45.00000 85.00000 0.98774
210.00000 45.00000 85.00000 1.11949
215.00000 45.00000 85.00000 1.37819
220.00000 45.00000 85.00000 1.74098
225.00000 45.00000 85.00000 1.99365
230.00000 45.00000 85.00000 2.39993
235.00000 45.00000 85.00000 3.06060
240.00000 45.00000 85.00000 3.57617
245.00000 45.00000 85.00000 3.85222
250.00000 45.00000 85.00000 3.93807
255.00000 45.00000 85.00000 3.93603
260.00000 45.00000 85.00000 3.96930
265.00000 45.00000 85.00000 4.05114
270.00000 45.00000 85.00000 4.10040
275.00000 45.00000 85.00000 4.07078
280.00000 45.00000 85.00000 4.00293
285.00000 45.00000 85.00000 3.98779
290.00000 45.00000 85.00000 4.02974
295.00000 45.00000 85.00000 4.01068
300.00000 45.00000 85.00000 3.88507
305.00000 45.00000 85.00000 3.69265
310.00000 45.00000 85.00000 3.41602
315.00000 45.00000 85.00000 2.94561
320.00000 45.00000 85.00000 2.35253
325.00000 45.00000 85.00000 1.84726
330.00000 45.00000 85.00000 1.43725
335.00000 45.00000 85.00000 1.09924
340.00000 45.00000 85.00000 0.90293
345.00000 45.00000 85.00000 0.83846
350.00000 45.00000 85.00000 0.85633
355.00000 45.00000 85.00000 0.90559
0.00000 50.00000 85.00000 0.82910
5.00000 50.00000 85.00000 0.85510
10.00000 50.00000 85.00000 0.87092
15.00000 50.00000 85.00000 0.91041
20.00000 50.00000 85.00000 0.98848
25.00000 50.00000 85.00000 1.10708
30.00000 50.00000 85.00000 1.31545
35.00000 50.00000 85.00000 1.69281
40.00000 50.00000 85.00000 2.15408
45.00000 50.00000 85.00000 2.63459
50.00000 50.00000 85.00000 3.26368
55.00000 50.00000 85.00000 3.84404
60.00000 50.00000 85.00000 4.17372
65.00000 50.00000 85.00000 4.32906
70.00000 50.00000 85.00000 4.34073
75.00000 50.00000 85.00000 4.23617
80.00000 50.00000 85.00000 4.11237
85.00000 50.00000 85.00000 4.06549
90.00000 50.00000 85.00000 4.06491
95.00000 50.00000 85.00000 4.04336
100.00000 50.00000 85.00000 4.02974
105.00000 50.00000 85.00000 4.14121
110.00000 50.00000 85.00000 4.39353
115.00000 50.00000 85.00000 4.61904
120.00000 50.00000 85.00000 4.65046
125.00000 50.00000 85.00000 4.45772
130.00000 50.00000 85.00000 3.92155
135.00000 50.00000 85.00000 3.13480
140.00000 50.00000 85.00000 2.42066
145.00000 50.00000 85.00000 1.86040
150.00000 50.00000 85.00000 1.37883
155.00000 50.00000 85.00000 1.01947
160.00000 50.00000 85.00000 0.81491
165.00000 50.00000 85.00000 0.73090
170.00000 50.00000 85.00000 0.73374
175.00000 50.00000 85.00000 0.77195
180.00000 50.00000 85.00000 0.80310
185.00000 50.00000 85.00000 0.81212
190.00000 50.00000 85.00000 0.81847
195.00000 50.00000 85.00000 0.85744
200.00000 50.00000 85.00000 0.93938
205.00000 50.00000 85.00000 1.07764
210.00000 50.00000 85.00000 1.30194
215.00000 50.00000 85.00000 1.66397
220.00000 50.00000 85.00000 2.14117
225.00000 50.00000 85.00000 2.51673
230.00000 50.00000 85.00000 3.00489
235.00000 50.00000 85.00000 3.61391
240.00000 50.00000 85.00000 3.98045
245.00000 50.00000 85.00000 4.09469
250.00000 50.00000 85.00000 3.99092
255.00000 50.00000 85.00000 3.79728
260.00000 50.00000 85.00000 3.65278
265.00000 50.00000 85.00000 3.57326
270.00000 50.00000 85.00000 3.48796
275.00000 50.00000 85.00000 3.34644
280.00000 50.00000 85.00000 3.17148
285.00000 50.00000 85.00000 3.03539
290.00000 50.00000 85.00000 2.95118
295.00000 50.00000 85.00000 2.83970
300.00000 50.00000 85.00000 2.67398
305.00000 50.00000 85.00000 2.49578
310.00000 50.00000 85.00000 2.30157
315.00000 50.00000 85.00000 1.97654
320.00000 50.00000 85.00000 1.57900
325.00000 50.00000 85.00000 1.25099
330.00000 50.00000 85.00000 0.99450
335.00000 50.00000 85.00000 0.80622
340.00000 50.00000 85.00000 0.70402
345.00000 50.00000 85.00000 0.68305
350.00000 50.00000 85.00000 0.71871
355.00000 50.00000 85.00000 0.77806
0.00000 55.00000 85.00000 0.63739
5.00000 55.00000 85.00000 0.67659
10.00000 55.00000 85.00000 0.69999
15.00000 55.00000 85.00000 0.74306
20.00000 55.00000 85.00000 0.82898
25.00000 55.00000 85.00000 0.95907
30.00000 55.00000 85.00000 1.15087
35.00000 55.00000 85.00000 1.43284
40.00000 55.00000 85.00000 1.78604
45.00000 55.00000 85.00000 2.19774
50.00000 55.00000 85.00000 2.65224
55.00000 55.00000 85.00000 2.98549
60.00000 55.00000 85.00000 3.14961
65.00000 55.00000 85.00000 3.21589
70.00000 55.00000 85.00000 3.19037
75.00000 55.00000 85.00000 3.05572
80.00000 55.00000 85.00000 2.87766
85.00000 55.00000 85.00000 2.76942
90.00000 55.00000 85.00000 2.74723
95.00000 55.00000 85.00000 2.74381
100.00000 55.00000 85.00000 2.74543
105.00000 55.00000 85.00000 2.82409
110.00000 55.00000 85.00000 3.01341
115.00000 55.00000 85.00000 3.19976
120.00000 55.00000 85.00000 3.21440
125.00000 55.00000 85.00000 3.01237
130.00000 55.00000 85.00000 2.61529
135.00000 55.00000 85.00000 2.09005
140.00000 55.00000 85.00000 1.63357
145.00000 55.00000 85.00000 1.26299
150.00000 55.00000 85.00000 0.92980
155.00000 55.00000 85.00000 0.69756
160.00000 55.00000 85.00000 0.57471
165.00000 55.00000 85.00000 0.52962
170.00000 55.00000 85.00000 0.53439
175.00000 55.00000 85.00000 0.56608
180.00000 55.00000 85.00000 0.60524
185.00000 55.00000 85.00000 0.63410
190.00000 55.00000 85.00000 0.65706
195.00000 55.00000 85.00000 0.71171
200.00000 55.00000 85.00000 0.82922
205.00000 55.00000 85.00000 1.02155
210.00000 55.00000 85.00000 1.30454
215.00000 55.00000 85.00000 1.70820
220.00000 55.00000 85.00000 2.23203
225.00000 55.00000 85.00000 2.77866
230.00000 55.00000 85.00000 3.27260
235.00000 55.00000 85.00000 3.59281
240.00000 55.00000 85.00000 3.67522
245.00000 55.00000 85.00000 3.57143
250.00000 55.00000 85.00000 3.30263
255.00000 55.00000 85.00000 2.97286
260.00000 55.00000 85.00000 2.70008
265.00000 55.00000 85.00000 2.51301
270.00000 55.00000 85.00000 2.35803
275.00000 55.00000 85.00000 2.17398
280.00000 55.00000 85.00000 1.96809
285.00000 55.00000 85.00000 1.80069
290.00000 55.00000 85.00000 1.69614
295.00000 55.00000 85.00000 1.61656
300.00000 55.00000 85.00000 1.52066
305.00000 55.00000 85.00000 1.40883
310.00000 55.00000 85.00000 1.28722
315.00000 55.00000 85.00000 1.12053
320.00000 55.00000 85.00000 0.92331
325.00000 55.00000 85.00000 0.75160
330.00000 55.00000 85.00000 0.62308
335.00000 55.00000 85.00000 0.53939
340.00000 55.00000 85.00000 0.49979
345.00000 55.00000 85.00000 0.50007
350.00000 55.00000 85.00000 0.53112
355.00000 55.00000 85.00000 0.58167
0.00000 60.00000 85.00000 0.53329
5.00000 60.00000 85.00000 0.57031
10.00000 60.00000 85.00000 0.58122
15.00000 60.00000 85.00000 0.60832
20.00000 60.00000 85.00000 0.68399
25.00000 60.00000 85.00000 0.80522
30.00000 60.00000 85.00000 0.96319
35.00000 60.00000 85.00000 1.15741
40.00000 60.00000 85.00000 1.40011
45.00000 60.00000 85.00000 1.70112
50.00000 60.00000 85.00000 1.99287
55.00000 60.00000 85.00000 2.14335
60.00000 60.00000 85.00000 2.14843
65.00000 60.00000 85.00000 2.11639
70.00000 60.00000 85.00000 2.06864
75.00000 60.00000 85.00000 1.95227
80.00000 60.00000 85.00000 1.78703
85.00000 60.00000 85.00000 1.66774
90.00000 60.00000 85.00000 1.63112
95.00000 60.00000 85.00000 1.62770
100.00000 60.00000 85.00000 1.62135
105.00000 60.00000 85.00000 1.64814
110.00000 60.00000 85.00000 1.74494
115.00000 60.00000 85.00000 1.85041
120.00000 60.00000 85.00000 1.84844
125.00000 60.00000 85.00000 1.71977
130.00000 60.00000 85.00000 1.51276
135.00000 60.00000 85.00000 1.23173
140.00000 60.00000 85.00000 0.98469
145.00000 60.00000 85.00000 0.78815
150.00000 60.00000 85.00000 0.60327
155.00000 60.00000 85.00000 0.47992
160.00000 60.00000 85.00000 0.41982
165.00000 60.00000 85.00000 0.39742
170.00000 60.00000 85.00000 0.39787
175.00000 60.00000 85.00000 0.41901
180.00000 60.00000 85.00000 0.45855
185.00000 60.00000 85.00000 0.49982
190.00000 60.00000 85.00000 0.53403
195.00000 60.00000 85.00000 0.59388
200.00000 60.00000 85.00000 0.72236
205.00000 60.00000 85.00000 0.93408
210.00000 60.00000 85.00000 1.22664
215.00000 60.00000 85.00000 1.60520
220.00000 60.00000 85.00000 2.07878
225.00000 60.00000 85.00000 2.59639
230.00000 60.00000 85.00000 2.98306
235.00000 60.00000 85.00000 3.09481
240.00000 60.00000 85.00000 2.99295
245.00000 60.00000 85.00000 2.77860
250.00000 60.00000 85.00000 2.47314
255.00000 60.00000 85.00000 2.12925
260.00000 60.00000 85.00000 1.84087
265.00000 60.00000 85.00000 1.64536
270.00000 60.00000 85.00000 1.49297
275.00000 60.00000 85.00000 1.31750
280.00000 60.00000 85.00000 1.12557
285.00000 60.00000 85.00000 0.97548
290.00000 60.00000 85.00000 0.89799
295.00000 60.00000 85.00000 0.86879
300.00000 60.00000 85.00000 0.83823
305.00000 60.00000 85.00000 0.78457
310.00000 60.00000 85.00000 0.72200
315.00000 60.00000 85.00000 0.65124
320.00000 60.00000 85.00000 0.56749
325.00000 60.00000 85.00000 0.48656
330.00000 60.00000 85.00000 0.42748
335.00000 60.00000 85.00000 0.39462
340.00000 60.00000 85.00000 0.38583
345.00000 60.00000 85.00000 0.39737
350.00000 60.00000 85.00000 0.42698
355.00000 60.00000 85.00000 0.47553
0.00000 65.00000 85.00000 0.57047
5.00000 65.00000 85.00000 0.60279
10.00000 65.00000 85.00000 0.59220
15.00000 65.00000 85.00000 0.59079
20.00000 65.00000 85.00000 0.63704
25.00000 65.00000 85.00000 0.72621
30.00000 65.00000 85.00000 0.83688
35.00000 65.00000 85.00000 0.96267
40.00000 65.00000 85.00000 1.12326
45.00000 65.00000 85.00000 1.32627
50.00000 65.00000 85.00000 1.48933
55.00000 65.00000 85.00000 1.51240
60.00000 65.00000 85.00000 1.43254
65.00000 65.00000 85.00000 1.35745
70.00000 65.00000 85.00000 1.30750
75.00000 65.00000 85.00000 1.23030
80.00000 65.00000 85.00000 1.12074
85.00000 65.00000 85.00000 1.03500
90.00000 65.00000 85.00000 0.99966
95.00000 65.00000 85.00000 0.98404
100.00000 65.00000 85.00000 0.96128
105.00000 65.00000 85.00000 0.95178
110.00000 65.00000 85.00000 0.98062
115.00000 65.00000 85.00000 1.01992
120.00000 65.00000 85.00000 1.01408
125.00000 65.00000 85.00000 0.96165
130.00000 65.00000 85.00000 0.89400
135.00000 65.00000 85.00000 0.78921
140.00000 65.00000 85.00000 0.66340
145.00000 65.00000 85.00000 0.54591
150.00000 65.00000 85.00000 0.44598
155.00000 65.00000 85.00000 0.38653
160.00000 65.00000 85.00000 0.36156
165.00000 65.00000 85.00000 0.35393
170.00000 65.00000 85.00000 0.35736
175.00000 65.00000 85.00000 0.37771
180.00000 65.00000 85.00000 0.41966
185.00000 65.00000 85.00000 0.46845
190.00000 65.00000 85.00000 0.50921
195.00000 65.00000 85.00000 0.56643
200.00000 65.00000 85.00000 0.68382
205.00000 65.00000 85.00000 0.87708
210.00000 65.00000 85.00000 1.13251
215.00000 65.00000 85.00000 1.44134
220.00000 65.00000 85.00000 1.81423
225.00000 65.00000 85.00000 2.19927
230.00000 65.00000 85.00000 2.42319
235.00000 65.00000 85.00000 2.40361
240.00000 65.00000 85.00000 2.24686
245.00000 65.00000 85.00000 2.04490
250.00000 65.00000 85.00000 1.79999
255.00000 65.00000 85.00000 1.52181
260.00000 65.00000 85.00000 1.28061
265.00000 65.00000 85.00000 1.12146
270.00000 65.00000 85.00000 1.00039
275.00000 65.00000 85.00000 0.85625
280.00000 65.00000 85.00000 0.69919
285.00000 65.00000 85.00000 0.58359
290.00000 65.00000 85.00000 0.53483
295.00000 65.00000 85.00000 0.53105
300.00000 65.00000 85.00000 0.52938
305.00000 65.00000 85.00000 0.51129
310.00000 65.00000 85.00000 0.49148
315.00000 65.00000 85.00000 0.47258
320.00000 65.00000 85.00000 0.43874
325.00000 65.00000 85.00000 0.39543
330.00000 65.00000 85.00000 0.36315
335.00000 65.00000 85.00000 0.35202
340.00000 65.00000 85.00000 0.36110
345.00000 65.00000 85.00000 0.38819
350.00000 65.00000 85.00000 0.43385
355.00000 65.00000 85.00000 0.50020
0.00000 70.00000 85.00000 0.66108
5.00000 70.00000 85.00000 0.69405
10.00000 70.00000 85.00000 0.67058
15.00000 70.00000 85.00000 0.64713
20.00000 70.00000 85.00000 0.66389
25.00000 70.00000 85.00000 0.71675
30.00000 70.00000 85.00000 0.78748
35.00000 70.00000 85.00000 0.87205
40.00000 70.00000 85.00000 0.98944
45.00000 70.00000 85.00000 1.12456
50.00000 70.00000 85.00000 1.18541
55.00000 70.00000 85.00000 1.12207
60.00000 70.00000 85.00000 1.00790
65.00000 70.00000 85.00000 0.92229
70.00000 70.00000 85.00000 0.86913
75.00000 70.00000 85.00000 0.81512
80.00000 70.00000 85.00000 0.75328
85.00000 70.00000 85.00000 0.70631
90.00000 70.00000 85.00000 0.67989
95.00000 70.00000 85.00000 0.65467
100.00000 70.00000 85.00000 0.62150
105.00000 70.00000 85.00000 0.59699
110.00000 70.00000 85.00000 0.59645
115.00000 70.00000 85.00000 0.61055
120.00000 70.00000 85.00000 0.61653
125.00000 70.00000 85.00000 0.61253
130.00000 70.00000 85.00000 0.60872
135.00000 70.00000 85.00000 0.57968
140.00000 70.00000 85.00000 0.52322
145.00000 70.00000 85.00000 0.45780
150.00000 70.00000 85.00000 0.40239
155.00000 70.00000 85.00000 0.37564
160.00000 70.00000 85.00000 0.37285
165.00000 70.00000 85.00000 0.38334
170.00000 70.00000 85.00000 0.40334
175.00000 70.00000 85.00000 0.43869
180.00000 70.00000 85.00000 0.49151
185.00000 70.00000 85.00000 0.54544
190.00000 70.00000 85.00000 0.58647
195.00000 70.00000 85.00000 0.63639
200.00000 70.00000 85.00000 0.73103
205.00000 70.00000 85.00000 0.88215
210.00000 70.00000 85.00000 1.07510
215.00000 70.00000 85.00000 1.30332
220.00000 70.00000 85.00000 1.57300
225.00000 70.00000 85.00000 1.81505
230.00000 70.00000 85.00000 1.88370
235.00000 70.00000 85.00000 1.77815
240.00000 70.00000 85.00000 1.62641
245.00000 70.00000 85.00000 1.47977
250.00000 70.00000 85.00000 1.31518
255.00000 70.00000 85.00000 1.12030
260.00000 70.00000 85.00000 0.93956
265.00000 70.00000 85.00000 0.81811
270.00000 70.00000 85.00000 0.72715
275.00000 70.00000 85.00000 0.61814
280.00000 70.00000 85.00000 0.50178
285.00000 70.00000 85.00000 0.42163
290.00000 70.00000 85.00000 0.39263
295.00000 70.00000 85.00000 0.39647
300.00000 70.00000 85.00000 0.40575
305.00000 70.00000 85.00000 0.41002
310.00000 70.00000 85.00000 0.41901
315.00000 70.00000 85.00000 0.42742
320.00000 70.00000 85.00000 0.41320
325.00000 70.00000 85.00000 0.38047
330.00000 70.00000 85.00000 0.35558
335.00000 70.00000 85.00000 0.35295
340.00000 70.00000 85.00000 0.37368
345.00000 70.00000 85.00000 0.41701
350.00000 70.00000 85.00000 0.48442
355.00000 70.00000 85.00000 0.57456
0.00000 75.00000 85.00000 0.64951
5.00000 75.00000 85.00000 0.68202
10.00000 75.00000 85.00000 0.66496
15.00000 75.00000 85.00000 0.64506
20.00000 75.00000 85.00000 0.65408
25.00000 75.00000 85.00000 0.69085
30.00000 75.00000 85.00000 0.74500
35.00000 75.00000 85.00000 0.81853
40.00000 75.00000 85.00000 0.91984
45.00000 75.00000 85.00000 1.00956
50.00000 75.00000 85.00000 1.00396
55.00000 75.00000 85.00000 0.89348
60.00000 75.00000 85.00000 0.77104
65.00000 75.00000 85.00000 0.68970
70.00000 75.00000 85.00000 0.63725
75.00000 75.00000 85.00000 0.59361
80.00000 75.00000 85.00000 0.55859
85.00000 75.00000 85.00000 0.53757
90.00000 75.00000 85.00000 0.52070
95.00000 75.00000 85.00000 0.49186
100.00000 75.00000 85.00000 0.45441
105.00000 75.00000 85.00000 0.42761
110.00000 75.00000 85.00000 0.42251
115.00000 75.00000 85.00000 0.43539
120.00000 75.00000 85.00000 0.45362
125.00000 75.00000 85.00000 0.47322
130.00000 75.00000 85.00000 0.48710
135.00000 75.00000 85.00000 0.47579
140.00000 75.00000 85.00000 0.46255
145.00000 75.00000 85.00000 0.43445
150.00000 75.00000 85.00000 0.40208
155.00000 75.00000 85.00000 0.39426
160.00000 75.00000 85.00000 0.41105
165.00000 75.00000 85.00000 0.44528
170.00000 75.00000 85.00000 0.49420
175.00000 75.00000 85.00000 0.55773
180.00000 75.00000 85.00000 0.62416
185.00000 75.00000 85.00000 0.67010
190.00000 75.00000 85.00000 0.69387
195.00000 75.00000 85.00000 0.72732
200.00000 75.00000 85.00000 0.79648
205.00000 75.00000 85.00000 0.90127
210.00000 75.00000 85.00000 1.03027
215.00000 75.00000 85.00000 1.18727
220.00000 75.00000 85.00000 1.36978
225.00000 75.00000 85.00000 1.49796
230.00000 75.00000 85.00000 1.46644
235.00000 75.00000 85.00000 1.31702
240.00000 75.00000 85.00000 1.18051
245.00000 75.00000 85.00000 1.08316
250.00000 75.00000 85.00000 0.98596
255.00000 75.00000 85.00000 0.86621
260.00000 75.00000 85.00000 0.74552
265.00000 75.00000 85.00000 0.65656
270.00000 75.00000 85.00000 0.58586
275.00000 75.00000 85.00000 0.50347
280.00000 75.00000 85.00000 0.41895
285.00000 75.00000 85.00000 0.36327
290.00000 75.00000 85.00000 0.34467
295.00000 75.00000 85.00000 0.34977
300.00000 75.00000 85.00000 0.36340
305.00000 75.00000 85.00000 0.38111
310.00000 75.00000 85.00000 0.40701
315.00000 75.00000 85.00000 0.42771
320.00000 75.00000 85.00000 0.41748
325.00000 75.00000 85.00000 0.38340
330.00000 75.00000 85.00000 0.35669
335.00000 75.00000 85.00000 0.35300
340.00000 75.00000 85.00000 0.37283
345.00000 75.00000 85.00000 0.41524
350.00000 75.00000 85.00000 0.48144
355.00000 75.00000 85.00000 0.56843
0.00000 80.00000 85.00000 0.51135
5.00000 80.00000 85.00000 0.53288
10.00000 80.00000 85.00000 0.52789
15.00000 80.00000 85.00000 0.52632
20.00000 80.00000 85.00000 0.54734
25.00000 80.00000 85.00000 0.58892
30.00000 80.00000 85.00000 0.64431
35.00000 80.00000 85.00000 0.71688
40.00000 80.00000 85.00000 0.79846
45.00000 80.00000 85.00000 0.84595
50.00000 80.00000 85.00000 0.82766
55.00000 80.00000 85.00000 0.72418
60.00000 80.00000 85.00000 0.61579
65.00000 80.00000 85.00000 0.55093
70.00000 80.00000 85.00000 0.51076
75.00000 80.00000 85.00000 0.47916
80.00000 80.00000 85.00000 0.46009
85.00000 80.00000 85.00000 0.45466
90.00000 80.00000 85.00000 0.44618
95.00000 80.00000 85.00000 0.41818
100.00000 80.00000 85.00000 0.38037
105.00000 80.00000 85.00000 0.35615
110.00000 80.00000 85.00000 0.35516
115.00000 80.00000 85.00000 0.37199
120.00000 80.00000 85.00000 0.39590
125.00000 80.00000 85.00000 0.42347
130.00000 80.00000 85.00000 0.44449
135.00000 80.00000 85.00000 0.44227
140.00000 80.00000 85.00000 0.44251
145.00000 80.00000 85.00000 0.42175
150.00000 80.00000 85.00000 0.39556
155.00000 80.00000 85.00000 0.39519
160.00000 80.00000 85.00000 0.41945
165.00000 80.00000 85.00000 0.46303
170.00000 80.00000 85.00000 0.52589
175.00000 80.00000 85.00000 0.60354
180.00000 80.00000 85.00000 0.66880
185.00000 80.00000 85.00000 0.69104
190.00000 80.00000 85.00000 0.68479
195.00000 80.00000 85.00000 0.69639
200.00000 80.00000 85.00000 0.74580
205.00000 80.00000 85.00000 0.81950
210.00000 80.00000 85.00000 0.90299
215.00000 80.00000 85.00000 1.00696
220.00000 80.00000 85.00000 1.12687
225.00000 80.00000 85.00000 1.18974
230.00000 80.00000 85.00000 1.12748
235.00000 80.00000 85.00000 0.98040
240.00000 80.00000 85.00000 0.86543
245.00000 80.00000 85.00000 0.80592
250.00000 80.00000 85.00000 0.76152
255.00000 80.00000 85.00000 0.70458
260.00000 80.00000 85.00000 0.64074
265.00000 80.00000 85.00000 0.58608
270.00000 80.00000 85.00000 0.53257
275.00000 80.00000 85.00000 0.46598
280.00000 80.00000 85.00000 0.39866
285.00000 80.00000 85.00000 0.35549
290.00000 80.00000 85.00000 0.34226
295.00000 80.00000 85.00000 0.34881
300.00000 80.00000 85.00000 0.36443
305.00000 80.00000 85.00000 0.38810
310.00000 80.00000 85.00000 0.42118
315.00000 80.00000 85.00000 0.44355
320.00000 80.00000 85.00000 0.42858
325.00000 80.00000 85.00000 0.38670
330.00000 80.00000 85.00000 0.35328
335.00000 80.00000 85.00000 0.34231
340.00000 80.00000 85.00000 0.34954
345.00000 80.00000 85.00000 0.37141
350.00000 80.00000 85.00000 0.40915
355.00000 80.00000 85.00000 0.46156
0.00000 85.00000 85.00000 0.39291
5.00000 85.00000 85.00000 0.39572
10.00000 85.00000 85.00000 0.38972
15.00000 85.00000 85.00000 0.39434
20.00000 85.00000 85.00000 0.42056
25.00000 85.00000 85.00000 0.46414
30.00000 85.00000 85.00000 0.51631
35.00000 85.00000 85.00000 0.57868
40.00000 85.00000 85.00000 0.63291
45.00000 85.00000 85.00000 0.64902
50.00000 85.00000 85.00000 0.64385
55.00000 85.00000 85.00000 0.57259
60.00000 85.00000 85.00000 0.49166
65.00000 85.00000 85.00000 0.44879
70.00000 85.00000 85.00000 0.42684
75.00000 85.00000 85.00000 0.41143
80.00000 85.00000 85.00000 0.40590
85.00000 85.00000 85.00000 0.41159
90.00000 85.00000 85.00000 0.41151
95.00000 85.00000 85.00000 0.38910
100.00000 85.00000 85.00000 0.35582
105.00000 85.00000 85.00000 0.33678
110.00000 85.00000 85.00000 0.34160
115.00000 85.00000 85.00000 0.36314
120.00000 85.00000 85.00000 0.39016
125.00000 85.00000 85.00000 0.42214
130.00000 85.00000 85.00000 0.45693
135.00000 85.00000 85.00000 0.47411
140.00000 85.00000 85.00000 0.46241
145.00000 85.00000 85.00000 0.41815
150.00000 85.00000 85.00000 0.38195
155.00000 85.00000 85.00000 0.37461
160.00000 85.00000 85.00000 0.38666
165.00000 85.00000 85.00000 0.41149
170.00000 85.00000 85.00000 0.45240
175.00000 85.00000 85.00000 0.50733
180.00000 85.00000 85.00000 0.54938
185.00000 85.00000 85.00000 0.55101
190.00000 85.00000 85.00000 0.52997
195.00000 85.00000 85.00000 0.52955
200.00000 85.00000 85.00000 0.56614
205.00000 85.00000 85.00000 0.62296
210.00000 85.00000 85.00000 0.68126
215.00000 85.00000 85.00000 0.75045
220.00000 85.00000 85.00000 0.83277
225.00000 85.00000 85.00000 0.87369
230.00000 85.00000 85.00000 0.82437
235.00000 85.00000 85.00000 0.71201
240.00000 85.00000 85.00000 0.62939
245.00000 85.00000 85.00000 0.59996
250.00000 85.00000 85.00000 0.59268
255.00000 85.00000 85.00000 0.58274
260.00000 85.00000 85.00000 0.56903
265.00000 85.00000 85.00000 0.55469
270.00000 85.00000 85.00000 0.52551
275.00000 85.00000 85.00000 0.47220
280.00000 85.00000 85.00000 0.41469
285.00000 85.00000 85.00000 0.38070
290.00000 85.00000 85.00000 0.37622
295.00000 85.00000 85.00000 0.38956
300.00000 85.00000 85.00000 0.40898
305.00000 85.00000 85.00000 0.43698
310.00000 85.00000 85.00000 0.47654
315.00000 85.00000 85.00000 0.49934
320.00000 85.00000 85.00000 0.47248
325.00000 85.00000 85.00000 0.41416
330.00000 85.00000 85.00000 0.37021
335.00000 85.00000 85.00000 0.35195
340.00000 85.00000 85.00000 0.34713
345.00000 85.00000 85.00000 0.34829
350.00000 85.00000 85.00000 0.35747
355.00000 85.00000 85.00000 0.37585
0.00000 90.00000 85.00000 0.39877
5.00000 90.00000 85.00000 0.37612
10.00000 90.00000 85.00000 0.35188
15.00000 90.00000 85.00000 0.34514
20.00000 90.00000 85.00000 0.36201
25.00000 90.00000 85.00000 0.39478
30.00000 90.00000 85.00000 0.43288
35.00000 90.00000 85.00000 0.47909
40.00000 90.00000 85.00000 0.52776
45.00000 90.00000 85.00000 0.54890
50.00000 90.00000 85.00000 0.53102
55.00000 90.00000 85.00000 0.46643
60.00000 90.00000 85.00000 0.40795
65.00000 90.00000 85.00000 0.38169
70.00000 90.00000 85.00000 0.37249
75.00000 90.00000 85.00000 0.36930
80.00000 90.00000 85.00000 0.37406
85.00000 90.00000 85.00000 0.38753
90.00000 90.00000 85.00000 0.39544
95.00000 90.00000 85.00000 0.38332
100.00000 90.00000 85.00000 0.36104
105.00000 90.00000 85.00000 0.35172
110.00000 90.00000 85.00000 0.36539
115.00000 90.00000 85.00000 0.39545
120.00000 90.00000 85.00000 0.43052
125.00000 90.00000 85.00000 0.47092
130.00000 90.00000 85.00000 0.50688
135.00000 90.00000 85.00000 0.51996
140.00000 90.00000 85.00000 0.51103
145.00000 90.00000 85.00000 0.45421
150.00000 90.00000 85.00000 0.40040
155.00000 90.00000 85.00000 0.37761
160.00000 90.00000 85.00000 0.37064
165.00000 90.00000 85.00000 0.37016
170.00000 90.00000 85.00000 0.38083
175.00000 90.00000 85.00000 0.40317
180.00000 90.00000 85.00000 0.41846
185.00000 90.00000 85.00000 0.40854
190.00000 90.00000 85.00000 0.38670
195.00000 90.00000 85.00000 0.38193
200.00000 90.00000 85.00000 0.40551
205.00000 90.00000 85.00000 0.44628
210.00000 90.00000 85.00000 0.48841
215.00000 90.00000 85.00000 0.53607
220.00000 90.00000 85.00000 0.59099
225.00000 90.00000 85.00000 0.61902
230.00000 90.00000 85.00000 0.59162
235.00000 90.00000 85.00000 0.51934
240.00000 90.00000 85.00000 0.46676
245.00000 90.00000 85.00000 0.45531
250.00000 90.00000 85.00000 0.46599
255.00000 90.00000 85.00000 0.48316
260.00000 90.00000 85.00000 0.50620
265.00000 90.00000 85.00000 0.53158
270.00000 90.00000 85.00000 0.53508
275.00000 90.00000 85.00000 0.50170
280.00000 90.00000 85.00000 0.45722
285.00000 90.00000 85.00000 0.43795
290.00000 90.00000 85.00000 0.45159
295.00000 90.00000 85.00000 0.48216
300.00000 90.00000 85.00000 0.51455
305.00000 90.00000 85.00000 0.55674
310.00000 90.00000 85.00000 0.61574
315.00000 90.00000 85.00000 0.64761
320.00000 90.00000 85.00000 0.60175
325.00000 90.00000 85.00000 0.51492
330.00000 90.00000 85.00000 0.45574
335.00000 90.00000 85.00000 0.43333
340.00000 90.00000 85.00000 0.42470
345.00000 90.00000 85.00000 0.41582
350.00000 90.00000 85.00000 0.40926
355.00000 90.00000 85.00000 0.40723
